  1.0690000      1.0690000      1.0690000      1.0690000      1.0690000      1.0690000      1.0690000      1.0690000      1.0690000      1.0690000      1.0690000      1.0690000      1.0690000      1.0690000      1.0690000      1.0690000      1.0690000      1.0690000      1.0690000      1.0690000      1.0690000      1.0690000      1.0690000      1.0690000      1.0690000      1.0690000      1.0690000      1.0690000      1.0690000      1.0690000      1.0690000      1.0690000      1.0690000      1.0690000      1.0690000      1.0690000      1.0690000      1.0690000      1.0690000      1.0690000      1.0690000      1.0690000      1.0690000      1.0690000      1.0690000      1.0690000      1.0690000      1.0690000      1.0690000      1.0690000      1.0690000      1.0690000      1.0690000      1.0690000      1.0690000      1.0690000      1.0690000      1.0690000      1.0690000      1.0690000      1.0690000      1.0690000      1.0690000      1.0690000      1.0690000      1.0690000      1.0690000      1.0690000      1.0690000      1.0690000      1.0690000      1.0690000      1.0690000      1.0690000      1.0690000      1.0690000      1.0690000      1.0690000      1.0690000      1.0690000      1.0690000      1.0690000      1.0690000      1.0690000      1.0690000      1.0690000      1.0690000    
  1.0690000      1.0690000      1.0690000      1.0690000      1.0690000      1.0690000      1.0690000      1.0690000      1.0690000      1.0690000      1.0690000      1.0690000      1.0690000      1.0690000      1.0690000      1.0690000      1.0690000      1.0690000      1.0690000      1.0690000      1.0690000      1.0690000      1.0690000      1.0690000      1.0690000      1.0690000      1.0690000      1.0690000      1.0690000      1.0690000      1.0690000      1.0690000      1.0690000      1.0690000      1.0690000      1.0690000      1.0690000      1.0690000      1.0690000      1.0690000      1.0690000      1.0690000      1.0690000      1.0690000      1.0690000      1.0690000      1.0690000      1.0690000      1.0690000      1.0690000      1.0690000      1.0690000      1.0690000      1.0690000      1.0690000      1.0690000      1.0690000      1.0690000      1.0690000      1.0690000      1.0690000      1.0690000      1.0690000      1.0690000      1.0690000      1.0690000      1.0690000      1.0690000      1.0690000      1.0690000      1.0690000      1.0690000      1.0690000      1.0690000      1.0690000      1.0690000      1.0690000      1.0690000      1.0690000      1.0690000      1.0690000      1.0690000      1.0690000      1.0690000      1.0690000      1.0690000      1.0690000    
  1.0690000      1.0690000      1.0690000      1.0690000      1.0690000      1.0690000      1.0690000      1.0690000      1.0690000      1.0690000      1.0690000      1.0690000      1.0690000      1.0690000      1.0690000      1.0690000      1.0690000      1.0690000      1.0690000      1.0690000      1.0690000      1.0690000      1.0690000      1.0690000      1.0690000      1.0690000      1.0690000      1.0690000      1.0690000      1.0690000      1.0690000      1.0690000      1.0690000      1.0690000      1.0690000      1.0690000      1.0690000      1.0690000      1.0690000      1.0690000      1.0690000      1.0690000      1.0690000      1.0690000      1.0690000      1.0690000      1.0690000      1.0690000      1.0690000      1.0690000      1.0690000      1.0690000      1.0690000      1.0690000      1.0690000      1.0690000      1.0690000      1.0690000      1.0690000      1.0690000      1.0690000      1.0690000      1.0690000      1.0690000      1.0690000      1.0690000      1.0690000      1.0690000      1.0690000      1.0690000      1.0690000      1.0690000      1.0690000      1.0690000      1.0690000      1.0690000      1.0690000      1.0690000      1.0690000      1.0690000      1.0690000      1.0690000      1.0690000      1.0690000      1.0690000      1.0690000      1.0690000    
  1.0690000      1.0690000      1.0690000      1.0690000      1.0690000      1.0690000      1.0690000      1.0690000      1.0690000      1.0690000      1.0690000      1.0690000      1.0690000      1.0690000      1.0690000      1.0690000      1.0690000      1.0690000      1.0690000      1.0690000      1.0690000      1.0690000      1.0690000      1.0690000      1.0690000      1.0690000      1.0690000      1.0690000      1.0690000      1.0690000      1.0690000      1.0690000      1.0690000      1.0690000      1.0690000      1.0690000      1.0690000      1.0690000      1.0690000      1.0690000      1.0690000      1.0690000      1.0690000      1.0690000      1.0690000      1.0690000      1.0690000      1.0690000      1.0690000      1.0690000      1.0690000      1.0690000      1.0690000      1.0690000      1.0690000      1.0690000      1.0690000      1.0690000      1.0690000      1.0690000      1.0690000      1.0690000      1.0690000      1.0690000      1.0690000      1.0690000      1.0690000      1.0690000      1.0690000      1.0690000      1.0690000      1.0690000      1.0690000      1.0690000      1.0690000      1.0690000      1.0690000      1.0690000      1.0690000      1.0690000      1.0690000      1.0690000      1.0690000      1.0690000      1.0690000      1.0690000      1.0690000    
  1.0690000      1.0690000      1.0690000      1.0690000      1.0690000      1.0690000      1.0690000      1.0690000      1.0690000      1.0690000      1.0690000      1.0690000      1.0690000      1.0690000      1.0690000      1.0690000      1.0690000      1.0690000      1.0690000      1.0690000      1.0690000      1.0690000      1.0690000      1.0690000      1.0690000      1.0690000      1.0690000      1.0690000      1.0690000      1.0690000      1.0690000      1.0690000      1.0690000      1.0690000      1.0690000      1.0690000      1.0690000      1.0690000      1.0690000      1.0690000      1.0690000      1.0690000      1.0690000      1.0690000      1.0690000      1.0690000      1.0690000      1.0690000      1.0690000      1.0690000      1.0690000      1.0690000      1.0690000      1.0690000      1.0690000      1.0690000      1.0690000      1.0690000      1.0690000      1.0690000      1.0690000      1.0690000      1.0690000      1.0690000      1.0690000      1.0690000      1.0690000      1.0690000      1.0690000      1.0690000      1.0690000      1.0690000      1.0690000      1.0690000      1.0690000      1.0690000      1.0690000      1.0690000      1.0690000      1.0690000      1.0690000      1.0690000      1.0690000      1.0690000      1.0690000      1.0690000      1.0690000    
  1.0690000      1.0690000      1.0690000      1.0690000      1.0690000      1.0690000      1.0690000      1.0690000      1.0690000      1.0690000      1.0690000      1.0690000      1.0690000      1.0690000      1.0690000      1.0690000      1.0690000      1.0690000      1.0690000      1.0690000      1.0690000      1.0690000      1.0690000      1.0690000      1.0690000      1.0690000      1.0690000      1.0690000      1.0690000      1.0690000      1.0690000      1.0690000      1.0690000      1.0690000      1.0690000      1.0690000      1.0690000      1.0690000      1.0690000      1.0690000      1.0690000      1.0690000      1.0690000      1.0690000      1.0690000      1.0690000      1.0690000      1.0690000      1.0690000      1.0690000      1.0690000      1.0690000      1.0690000      1.0690000      1.0690000      1.0690000      1.0690000      1.0690000      1.0690000      1.0690000      1.0690000      1.0690000      1.0690000      1.0690000      1.0690000      1.0690000      1.0690000      1.0690000      1.0690000      1.0690000      1.0690000      1.0690000      1.0690000      1.0690000      1.0690000      1.0690000      1.0690000      1.0690000      1.0690000      1.0690000      1.0690000      1.0690000      1.0690000      1.0690000      1.0690000      1.0690000      1.0690000    
  1.0690000      1.0690000      1.0690000      1.0690000      1.0690000      1.0690000      1.0690000      1.0690000      1.0690000      1.0690000      1.0690000      1.0690000      1.0690000      1.0690000      1.0690000      1.0690000      1.0690000      1.0690000      1.0690000      1.0690000      1.0690000      1.0690000      1.0690000      1.0690000      1.0690000      1.0690000      1.0690000      1.0690000      1.0690000      1.0690000      1.0690000      1.0690000      1.0690000      1.0690000      1.0690000      1.0690000      1.0690000      1.0690000      1.0690000      1.0690000      1.0690000      1.0690000      1.0690000      1.0690000      1.0690000      1.0690000      1.0690000      1.0690000      1.0690000      1.0690000      1.0690000      1.0690000      1.0690000      1.0690000      1.0690000      1.0690000      1.0690000      1.0690000      1.0690000      1.0690000      1.0690000      1.0690000      1.0690000      1.0690000      1.0690000      1.0690000      1.0690000      1.0690000      1.0690000      1.0690000      1.0690000      1.0690000      1.0690000      1.0690000      1.0690000      1.0690000      1.0690000      1.0690000      1.0690000      1.0690000      1.0690000      1.0690000      1.0690000      1.0690000      1.0690000      1.0690000      1.0690000    
  1.0690000      1.0690000      1.0690000      1.0690000      1.0690000      1.0690000      1.0690000      1.0690000      1.0690000      1.0690000      1.0690000      1.0690000      1.0690000      1.0690000      1.0690000      1.0690000      1.0690000      1.0690000      1.0690000      1.0690000      1.0690000      1.0690000      1.0690000      1.0690000      1.0690000      1.0690000      1.0690000      1.0690000      1.0690000      1.0690000      1.0690000      1.0690000      1.0690000      1.0690000      1.0690000      1.0690000      1.0690000      1.0690000      1.0690000      1.0690000      1.0690000      1.0690000      1.0690000      1.0690000      1.0690000      1.0690000      1.0690000      1.0690000      1.0690000      1.0690000      1.0690000      1.0690000      1.0690000      1.0690000      1.0690000      1.0690000      1.0690000      1.0690000      1.0690000      1.0690000      1.0690000      1.0690000      1.0690000      1.0690000      1.0690000      1.0690000      1.0690000      1.0690000      1.0690000      1.0690000      1.0690000      1.0690000      1.0690000      1.0690000      1.0690000      1.0690000      1.0690000      1.0690000      1.0690000      1.0690000      1.0690000      1.0690000      1.0690000      1.0690000      1.0690000      1.0690000      1.0690000    
  1.0690000      1.0690000      1.0690000      1.0690000      1.0690000      1.0690000      1.0690000      1.0690000      1.0690000      1.0690000      1.0690000      1.0690000      1.0690000      1.0690000      1.0690000      1.0690000      1.0690000      1.0690000      1.0690000      1.0690000      1.0690000      1.0690000      1.0690000      1.0690000      1.0690000      1.0690000      1.0690000      1.0690000      1.0690000      1.0690000      1.0690000      1.0690000      1.0690000      1.0690000      1.0690000      1.0690000      1.0690000      1.0690000      1.0690000      1.0690000      1.0690000      1.0690000      1.0690000      1.0690000      1.0690000      1.0690000      1.0690000      1.0690000      1.0690000      1.0690000      1.0690000      1.0690000      1.0690000      1.0690000      1.0690000      1.0690000      1.0690000      1.0690000      1.0690000      1.0690000      1.0690000      1.0690000      1.0690000      1.0690000      1.0690000      1.0690000      1.0690000      1.0690000      1.0690000      1.0690000      1.0690000      1.0690000      1.0690000      1.0690000      1.0690000      1.0690000      1.0690000      1.0690000      1.0690000      1.0690000      1.0690000      1.0690000      1.0690000      1.0690000      1.0690000      1.0690000      1.0690000    
  1.0690000      1.0690000      1.0690000      1.0690000      1.0690000      1.0690000      1.0690000      1.0690000      1.0690000      1.0690000      1.0690000      1.0690000      1.0690000      1.0690000      1.0690000      1.0690000      1.0690000      1.0690000      1.0690000      1.0690000      1.0690000      1.0690000      1.0690000      1.0690000      1.0690000      1.0690000      1.0690000      1.0690000      1.0690000      1.0690000      1.0690000      1.0690000      1.0690000      1.0690000      1.0690000      1.0690000      1.0690000      1.0690000      1.0690000      1.0690000      1.0690000      1.0690000      1.0690000      1.0690000      1.0690000      1.0690000      1.0690000      1.0690000      1.0690000      1.0690000      1.0690000      1.0690000      1.0690000      1.0690000      1.0690000      1.0690000      1.0690000      1.0690000      1.0690000      1.0690000      1.0690000      1.0690000      1.0690000      1.0690000      1.0690000      1.0690000      1.0690000      1.0690000      1.0690000      1.0690000      1.0690000      1.0690000      1.0690000      1.0690000      1.0690000      1.0690000      1.0690000      1.0690000      1.0690000      1.0690000      1.0690000      1.0690000      1.0690000      1.0690000      1.0690000      1.0690000      1.0690000    
  1.0690000      1.0690000      1.0690000      1.0690000      1.0690000      1.0690000      1.0690000      1.0690000      1.0690000      1.0690000      1.0690000      1.0690000      1.0690000      1.0690000      1.0690000      1.0690000      1.0690000      1.0690000      1.0690000      1.0690000      1.0690000      1.0690000      1.0690000      1.0690000      1.0690000      1.0690000      1.0690000      1.0690000      1.0690000      1.0690000      1.0690000      1.0690000      1.0690000      1.0690000      1.0690000      1.0690000      1.0690000      1.0690000      1.0690000      1.0690000      1.0690000      1.0690000      1.0690000      1.0690000      1.0690000      1.0690000      1.0690000      1.0690000      1.0690000      1.0690000      1.0690000      1.0690000      1.0690000      1.0690000      1.0690000      1.0690000      1.0690000      1.0690000      1.0690000      1.0690000      1.0690000      1.0690000      1.0690000      1.0690000      1.0690000      1.0690000      1.0690000      1.0690000      1.0690000      1.0690000      1.0690000      1.0690000      1.0690000      1.0690000      1.0690000      1.0690000      1.0690000      1.0690000      1.0690000      1.0690000      1.0690000      1.0690000      1.0690000      1.0690000      1.0690000      1.0690000      1.0690000    
  1.0690000      1.0690000      1.0690000      1.0690000      1.0690000      1.0690000      1.0690000      1.0690000      1.0690000      1.0690000      1.0690000      1.0690000      1.0690000      1.0690000      1.0690000      1.0690000      1.0690000      1.0690000      1.0690000      1.0690000      1.0690000      1.0690000      1.0690000      1.0690000      1.0690000      1.0690000      1.0690000      1.0690000      1.0690000      1.0690000      1.0690000      1.0690000      1.0690000      1.0690000      1.0690000      1.0690000      1.0690000      1.0690000      1.0690000      1.0690000      1.0690000      1.0690000      1.0690000      1.0690000      1.0690000      1.0690000      1.0690000      1.0690000      1.0690000      1.0690000      1.0690000      1.0690000      1.0690000      1.0690000      1.0690000      1.0690000      1.0690000      1.0690000      1.0690000      1.0690000      1.0690000      1.0690000      1.0690000      1.0690000      1.0690000      1.0690000      1.0690000      1.0690000      1.0690000      1.0690000      1.0690000      1.0690000      1.0690000      1.0690000      1.0690000      1.0690000      1.0690000      1.0690000      1.0690000      1.0690000      1.0690000      1.0690000      1.0690000      1.0690000      1.0690000      1.0690000      1.0690000    
  1.0690000      1.0690000      1.0690000      1.0690000      1.0690000      1.0690000      1.0690000      1.0690000      1.0690000      1.0690000      1.0690000      1.0690000      1.0690000      1.0690000      1.0690000      1.0690000      1.0690000      1.0690000      1.0690000      1.0690000      1.0690000      1.0690000      1.0690000      1.0690000      1.0690000      1.0690000      1.0690000      1.0690000      1.0690000      1.0690000      1.0690000      1.0690000      1.0690000      1.0690000      1.0690000      1.0690000      1.0690000      1.0690000      1.0690000      1.0690000      1.0690000      1.0690000      1.0690000      1.0690000      1.0690000      1.0690000      1.0690000      1.0690000      1.0690000      1.0690000      1.0690000      1.0690000      1.0690000      1.0690000      1.0690000      1.0690000      1.0690000      1.0690000      1.0690000      1.0690000      1.0690000      1.0690000      1.0690000      1.0690000      1.0690000      1.0690000      1.0690000      1.0690000      1.0690000      1.0690000      1.0690000      1.0690000      1.0690000      1.0690000      1.0690000      1.0690000      1.0690000      1.0690000      1.0690000      1.0690000      1.0690000      1.0690000      1.0690000      1.0690000      1.0690000      1.0690000      1.0690000    
  1.0690000      1.0690000      1.0690000      1.0690000      1.0690000      1.0690000      1.0690000      1.0690000      1.0690000      1.0690000      1.0690000      1.0690000      1.0690000      1.0690000      1.0690000      1.0690000      1.0690000      1.0690000      1.0690000      1.0690000      1.0690000      1.0690000      1.0690000      1.0690000      1.0690000      1.0690000      1.0690000      1.0690000      1.0690000      1.0690000      1.0690000      1.0690000      1.0690000      1.0690000      1.0690000      1.0690000      1.0690000      1.0690000      1.0690000      1.0690000      1.0690000      1.0690000      1.0690000      1.0690000      1.0690000      1.0690000      1.0690000      1.0690000      1.0690000      1.0690000      1.0690000      1.0690000      1.0690000      1.0690000      1.0690000      1.0690000      1.0690000      1.0690000      1.0690000      1.0690000      1.0690000      1.0690000      1.0690000      1.0690000      1.0690000      1.0690000      1.0690000      1.0690000      1.0690000      1.0690000      1.0690000      1.0690000      1.0690000      1.0690000      1.0690000      1.0690000      1.0690000      1.0690000      1.0690000      1.0690000      1.0690000      1.0690000      1.0690000      1.0690000      1.0690000      1.0690000      1.0690000    
  1.0690000      1.0690000      1.0690000      1.0690000      1.0690000      1.0690000      1.0690000      1.0690000      1.0690000      1.0690000      1.0690000      1.0690000      1.0690000      1.0690000      1.0690000      1.0690000      1.0690000      1.0690000      1.0690000      1.0690000      1.0690000      1.0690000      1.0690000      1.0690000      1.0690000      1.0690000      1.0690000      1.0690000      1.0690000      1.0690000      1.0690000      1.0690000      1.0690000      1.0690000      1.0690000      1.0690000      1.0690000      1.0690000      1.0690000      1.0690000      1.0690000      1.0690000      1.0690000      1.0690000      1.0690000      1.0690000      1.0690000      1.0690000      1.0690000      1.0690000      1.0690000      1.0690000      1.0690000      1.0690000      1.0690000      1.0690000      1.0690000      1.0690000      1.0690000      1.0690000      1.0690000      1.0690000      1.0690000      1.0690000      1.0690000      1.0690000      1.0690000      1.0690000      1.0690000      1.0690000      1.0690000      1.0690000      1.0690000      1.0690000      1.0690000      1.0690000      1.0690000      1.0690000      1.0690000      1.0690000      1.0690000      1.0690000      1.0690000      1.0690000      1.0690000      1.0690000      1.0690000    
  1.0690000      1.0690000      1.0690000      1.0690000      1.0690000      1.0690000      1.0690000      1.0690000      1.0690000      1.0690000      1.0690000      1.0690000      1.0690000      1.0690000      1.0690000      1.0690000      1.0690000      1.0690000      1.0690000      1.0690000      1.0690000      1.0690000      1.0690000      1.0690000      1.0690000      1.0690000      1.0690000      1.0690000      1.0690000      1.0690000      1.0690000      1.0690000      1.0690000      1.0690000      1.0690000      1.0690000      1.0690000      1.0690000      1.0690000      1.0690000      1.0690000      1.0690000      1.0690000      1.0690000      1.0690000      1.0690000      1.0690000      1.0690000      1.0690000      1.0690000      1.0690000      1.0690000      1.0690000      1.0690000      1.0690000      1.0690000      1.0690000      1.0690000      1.0690000      1.0690000      1.0690000      1.0690000      1.0690000      1.0690000      1.0690000      1.0690000      1.0690000      1.0690000      1.0690000      1.0690000      1.0690000      1.0690000      1.0690000      1.0690000      1.0690000      1.0690000      1.0690000      1.0690000      1.0690000      1.0690000      1.0690000      1.0690000      1.0690000      1.0690000      1.0690000      1.0690000      1.0690000    
  1.0690000      1.0690000      1.0690000      1.0690000      1.0690000      1.0690000      1.0690000      1.0690000      1.0690000      1.0690000      1.0690000      1.0690000      1.0690000      1.0690000      1.0690000      1.0690000      1.0690000      1.0690000      1.0690000      1.0690000      1.0690000      1.0690000      1.0690000      1.0690000      1.0690000      1.0690000      1.0690000      1.0690000      1.0690000      1.0690000      1.0690000      1.0690000      1.0690000      1.0690000      1.0690000      1.0690000      1.0690000      1.0690000      1.0690000      1.0690000      1.0690000      1.0690000      1.0690000      1.0690000      1.0690000      1.0690000      1.0690000      1.0690000      1.0690000      1.0690000      1.0690000      1.0690000      1.0690000      1.0690000      1.0690000      1.0690000      1.0690000      1.0690000      1.0690000      1.0690000      1.0690000      1.0690000      1.0690000      1.0690000      1.0690000      1.0690000      1.0690000      1.0690000      1.0690000      1.0690000      1.0690000      1.0690000      1.0690000      1.0690000      1.0690000      1.0690000      1.0690000      1.0690000      1.0690000      1.0690000      1.0690000      1.0690000      1.0690000      1.0690000      1.0690000      1.0690000      1.0690000    
  1.0690000      1.0690000      1.0690000      1.0690000      1.0690000      1.0690000      1.0690000      1.0690000      1.0690000      1.0690000      1.0690000      1.0690000      1.0690000      1.0690000      1.0690000      1.0690000      1.0690000      1.0690000      1.0690000      1.0690000      1.0690000      1.0690000      1.0690000      1.0690000      1.0690000      1.0690000      1.0690000      1.0690000      1.0690000      1.0690000      1.0690000      1.0690000      1.0690000      1.0690000      1.0690000      1.0690000      1.0690000      1.0690000      1.0690000      1.0690000      1.0690000      1.0690000      1.0690000      1.0690000      1.0690000      1.0690000      1.0690000      1.0690000      1.0690000      1.0690000      1.0690000      1.0690000      1.0690000      1.0690000      1.0690000      1.0690000      1.0690000      1.0690000      1.0690000      1.0690000      1.0690000      1.0690000      1.0690000      1.0690000      1.0690000      1.0690000      1.0690000      1.0690000      1.0690000      1.0690000      1.0690000      1.0690000      1.0690000      1.0690000      1.0690000      1.0690000      1.0690000      1.0690000      1.0690000      1.0690000      1.0690000      1.0690000      1.0690000      1.0690000      1.0690000      1.0690000      1.0690000    
  1.0690000      1.0690000      1.0690000      1.0690000      1.0690000      1.0690000      1.0690000      1.0690000      1.0690000      1.0690000      1.0690000      1.0690000      1.0690000      1.0690000      1.0690000      1.0690000      1.0690000      1.0690000      1.0690000      1.0690000      1.0690000      1.0690000      1.0690000      1.0690000      1.0690000      1.0690000      1.0690000      1.0690000      1.0690000      1.0690000      1.0690000      1.0690000      1.0690000      1.0690000      1.0690000      1.0690000      1.0690000      1.0690000      1.0690000      1.0690000      1.0690000      1.0690000      1.0690000      1.0690000      1.0690000      1.0690000      1.0690000      1.0690000      1.0690000      1.0690000      1.0690000      1.0690000      1.0690000      1.0690000      1.0690000      1.0690000      1.0690000      1.0690000      1.0690000      1.0690000      1.0690000      1.0690000      1.0690000      1.0690000      1.0690000      1.0690000      1.0690000      1.0690000      1.0690000      1.0690000      1.0690000      1.0690000      1.0690000      1.0690000      1.0690000      1.0690000      1.0690000      1.0690000      1.0690000      1.0690000      1.0690000      1.0690000      1.0690000      1.0690000      1.0690000      1.0690000      1.0690000    
  1.0690000      1.0690000      1.0690000      1.0690000      1.0690000      1.0690000      1.0690000      1.0690000      1.0690000      1.0690000      1.0690000      1.0690000      1.0690000      1.0690000      1.0690000      1.0690000      1.0690000      1.0690000      1.0690000      1.0690000      1.0690000      1.0690000      1.0690000      1.0690000      1.0690000      1.0690000      1.0690000      1.0690000      1.0690000      1.0690000      1.0690000      1.0690000      1.0690000      1.0690000      1.0690000      1.0690000      1.0690000      1.0690000      1.0690000      1.0690000      1.0690000      1.0690000      1.0690000      1.0690000      1.0690000      1.0690000      1.0690000      1.0690000      1.0690000      1.0690000      1.0690000      1.0690000      1.0690000      1.0690000      1.0690000      1.0690000      1.0690000      1.0690000      1.0690000      1.0690000      1.0690000      1.0690000      1.0690000      1.0690000      1.0690000      1.0690000      1.0690000      1.0690000      1.0690000      1.0690000      1.0690000      1.0690000      1.0690000      1.0690000      1.0690000      1.0690000      1.0690000      1.0690000      1.0690000      1.0690000      1.0690000      1.0690000      1.0690000      1.0690000      1.0690000      1.0690000      1.0690000    
  1.0690000      1.0690000      1.0690000      1.0690000      1.0690000      1.0690000      1.0690000      1.0690000      1.0690000      1.0690000      1.0690000      1.0690000      1.0690000      1.0690000      1.0690000      1.0690000      1.0690000      1.0690000      1.0690000      1.0690000      1.0690000      1.0690000      1.0690000      1.0690000      1.0690000      1.0690000      1.0690000      1.0690000      1.0690000      1.0690000      1.0690000      1.0690000      1.0690000      1.0690000      1.0690000      1.0690000      1.0690000      1.0690000      1.0690000      1.0690000      1.0690000      1.0690000      1.0690000      1.0690000      1.0690000      1.0690000      1.0690000      1.0690000      1.0690000      1.0690000      1.0690000      1.0690000      1.0690000      1.0690000      1.0690000      1.0690000      1.0690000      1.0690000      1.0690000      1.0690000      1.0690000      1.0690000      1.0690000      1.0690000      1.0690000      1.0690000      1.0690000      1.0690000      1.0690000      1.0690000      1.0690000      1.0690000      1.0690000      1.0690000      1.0690000      1.0690000      1.0690000      1.0690000      1.0690000      1.0690000      1.0690000      1.0690000      1.0690000      1.0690000      1.0690000      1.0690000      1.0690000    
  1.0690000      1.0690000      1.0690000      1.0690000      1.0690000      1.0690000      1.0690000      1.0690000      1.0690000      1.0690000      1.0690000      1.0690000      1.0690000      1.0690000      1.0690000      1.0690000      1.0690000      1.0690000      1.0690000      1.0690000      1.0690000      1.0690000      1.0690000      1.0690000      1.0690000      1.0690000      1.0690000      1.0690000      1.0690000      1.0690000      1.0690000      1.0690000      1.0690000      1.0690000      1.0690000      1.0690000      1.0690000      1.0690000      1.0690000      1.0690000      1.0690000      1.0690000      1.0690000      1.0690000      1.0690000      1.0690000      1.0690000      1.0690000      1.0690000      1.0690000      1.0690000      1.0690000      1.0690000      1.0690000      1.0690000      1.0690000      1.0690000      1.0690000      1.0690000      1.0690000      1.0690000      1.0690000      1.0690000      1.0690000      1.0690000      1.0690000      1.0690000      1.0690000      1.0690000      1.0690000      1.0690000      1.0690000      1.0690000      1.0690000      1.0690000      1.0690000      1.0690000      1.0690000      1.0690000      1.0690000      1.0690000      1.0690000      1.0690000      1.0690000      1.0690000      1.0690000      1.0690000    
  1.0690000      1.0690000      1.0690000      1.0690000      1.0690000      1.0690000      1.0690000      1.0690000      1.0690000      1.0690000      1.0690000      1.0690000      1.0690000      1.0690000      1.0690000      1.0690000      1.0690000      1.0690000      1.0690000      1.0690000      1.0690000      1.0690000      1.0690000      1.0690000      1.0690000      1.0690000      1.0690000      1.0690000      1.0690000      1.0690000      1.0690000      1.0690000      1.0690000      1.0690000      1.0690000      1.0690000      1.0690000      1.0690000      1.0690000      1.0690000      1.0690000      1.0690000      1.0690000      1.0690000      1.0690000      1.0690000      1.0690000      1.0690000      1.0690000      1.0690000      1.0690000      1.0690000      1.0690000      1.0690000      1.0690000      1.0690000      1.0690000      1.0690000      1.0690000      1.0690000      1.0690000      1.0690000      1.0690000      1.0690000      1.0690000      1.0690000      1.0690000      1.0690000      1.0690000      1.0690000      1.0690000      1.0690000      1.0690000      1.0690000      1.0690000      1.0690000      1.0690000      1.0690000      1.0690000      1.0690000      1.0690000      1.0690000      1.0690000      1.0690000      1.0690000      1.0690000      1.0690000    
  1.0690000      1.0690000      1.0690000      1.0690000      1.0690000      1.0690000      1.0690000      1.0690000      1.0690000      1.0690000      1.0690000      1.0690000      1.0690000      1.0690000      1.0690000      1.0690000      1.0690000      1.0690000      1.0690000      1.0690000      1.0690000      1.0690000      1.0690000      1.0690000      1.0690000      1.0690000      1.0690000      1.0690000      1.0690000      1.0690000      1.0690000      1.0690000      1.0690000      1.0690000      1.0690000      1.0690000      1.0690000      1.0690000      1.0690000      1.0690000      1.0690000      1.0690000      1.0690000      1.0690000      1.0690000      1.0690000      1.0690000      1.0690000      1.0690000      1.0690000      1.0690000      1.0690000      1.0690000      1.0690000      1.0690000      1.0690000      1.0690000      1.0690000      1.0690000      1.0690000      1.0690000      1.0690000      1.0690000      1.0690000      1.0690000      1.0690000      1.0690000      1.0690000      1.0690000      1.0690000      1.0690000      1.0690000      1.0690000      1.0690000      1.0690000      1.0690000      1.0690000      1.0690000      1.0690000      1.0690000      1.0690000      1.0690000      1.0690000      1.0690000      1.0690000      1.0690000      1.0690000    
  1.0690000      1.0690000      1.0690000      1.0690000      1.0690000      1.0690000      1.0690000      1.0690000      1.0690000      1.0690000      1.0690000      1.0690000      1.0690000      1.0690000      1.0690000      1.0690000      1.0690000      1.0690000      1.0690000      1.0690000      1.0690000      1.0690000      1.0690000      1.0690000      1.0690000      1.0690000      1.0690000      1.0690000      1.0690000      1.0690000      1.0690000      1.0690000      1.0690000      1.0690000      1.0690000      1.0690000      1.0690000      1.0690000      1.0690000      1.0690000      1.0690000      1.0690000      1.0690000      1.0690000      1.0690000      1.0690000      1.0690000      1.0690000      1.0690000      1.0690000      1.0690000      1.0690000      1.0690000      1.0690000      1.0690000      1.0690000      1.0690000      1.0690000      1.0690000      1.0690000      1.0690000      1.0690000      1.0690000      1.0690000      1.0690000      1.0690000      1.0690000      1.0690000      1.0690000      1.0690000      1.0690000      1.0690000      1.0690000      1.0690000      1.0690000      1.0690000      1.0690000      1.0690000      1.0690000      1.0690000      1.0690000      1.0690000      1.0690000      1.0690000      1.0690000      1.0690000      1.0690000    
  1.0690000      1.0690000      1.0690000      1.0690000      1.0690000      1.0690000      1.0690000      1.0690000      1.0690000      1.0690000      1.0690000      1.0690000      1.0690000      1.0690000      1.0690000      1.0690000      1.0690000      1.0690000      1.0690000      1.0690000      1.0690000      1.0690000      1.0690000      1.0690000      1.0690000      1.0690000      1.0690000      1.0690000      1.0690000      1.0690000      1.0690000      1.0690000      1.0690000      1.0690000      1.0690000      1.0690000      1.0690000      1.0690000      1.0690000      1.0690000      1.0690000      1.0690000      1.0690000      1.0690000      1.0690000      1.0690000      1.0690000      1.0690000      1.0690000      1.0690000      1.0690000      1.0690000      1.0690000      1.0690000      1.0690000      1.0690000      1.0690000      1.0690000      1.0690000      1.0690000      1.0690000      1.0690000      1.0690000      1.0690000      1.0690000      1.0690000      1.0690000      1.0690000      1.0690000      1.0690000      1.0690000      1.0690000      1.0690000      1.0690000      1.0690000      1.0690000      1.0690000      1.0690000      1.0690000      1.0690000      1.0690000      1.0690000      1.0690000      1.0690000      1.0690000      1.0690000      1.0690000    
  1.0690000      1.0690000      1.0690000      1.0690000      1.0690000      1.0690000      1.0690000      1.0690000      1.0690000      1.0690000      1.0690000      1.0690000      1.0690000      1.0690000      1.0690000      1.0690000      1.0690000      1.0690000      1.0690000      1.0690000      1.0690000      1.0690000      1.0690000      1.0690000      1.0690000      1.0690000      1.0690000      1.0690000      1.0690000      1.0690000      1.0690000      1.0690000      1.0690000      1.0690000      1.0690000      1.0690000      1.0690000      1.0690000      1.0690000      1.0690000      1.0690000      1.0690000      1.0690000      1.0690000      1.0690000      1.0690000      1.0690000      1.0690000      1.0690000      1.0690000      1.0690000      1.0690000      1.0690000      1.0690000      1.0690000      1.0690000      1.0690000      1.0690000      1.0690000      1.0690000      1.0690000      1.0690000      1.0690000      1.0690000      1.0690000      1.0690000      1.0690000      1.0690000      1.0690000      1.0690000      1.0690000      1.0690000      1.0690000      1.0690000      1.0690000      1.0690000      1.0690000      1.0690000      1.0690000      1.0690000      1.0690000      1.0690000      1.0690000      1.0690000      1.0690000      1.0690000      1.0690000    
  1.0690000      1.0690000      1.0690000      1.0690000      1.0690000      1.0690000      1.0690000      1.0690000      1.0690000      1.0690000      1.0690000      1.0690000      1.0690000      1.0690000      1.0690000      1.0690000      1.0690000      1.0690000      1.0690000      1.0690000      1.0690000      1.0690000      1.0690000      1.0690000      1.0690000      1.0690000      1.0690000      1.0690000      1.0690000      1.0690000      1.0690000      1.0690000      1.0690000      1.0690000      1.0690000      1.0690000      1.0690000      1.0690000      1.0690000      1.0690000      1.0690000      1.0690000      1.0690000      1.0690000      1.0690000      1.0690000      1.0690000      1.0690000      1.0690000      1.0690000      1.0690000      1.0690000      1.0690000      1.0690000      1.0690000      1.0690000      1.0690000      1.0690000      1.0690000      1.0690000      1.0690000      1.0690000      1.0690000      1.0690000      1.0690000      1.0690000      1.0690000      1.0690000      1.0690000      1.0690000      1.0690000      1.0690000      1.0690000      1.0690000      1.0690000      1.0690000      1.0690000      1.0690000      1.0690000      1.0690000      1.0690000      1.0690000      1.0690000      1.0690000      1.0690000      1.0690000      1.0690000    
  1.0690000      1.0690000      1.0690000      1.0690000      1.0690000      1.0690000      1.0690000      1.0690000      1.0690000      1.0690000      1.0690000      1.0690000      1.0690000      1.0690000      1.0690000      1.0690000      1.0690000      1.0690000      1.0690000      1.0690000      1.0690000      1.0690000      1.0690000      1.0690000      1.0690000      1.0690000      1.0690000      1.0690000      1.0690000      1.0690000      1.0690000      1.0690000      1.0690000      1.0690000      1.0690000      1.0690000      1.0690000      1.0690000      1.0690000      1.0690000      1.0690000      1.0690000      1.0690000      1.0690000      1.0690000      1.0690000      1.0690000      1.0690000      1.0690000      1.0690000      1.0690000      1.0690000      1.0690000      1.0690000      1.0690000      1.0690000      1.0690000      1.0690000      1.0690000      1.0690000      1.0690000      1.0690000      1.0690000      1.0690000      1.0690000      1.0690000      1.0690000      1.0690000      1.0690000      1.0690000      1.0690000      1.0690000      1.0690000      1.0690000      1.0690000      1.0690000      1.0690000      1.0690000      1.0690000      1.0690000      1.0690000      1.0690000      1.0690000      1.0690000      1.0690000      1.0690000      1.0690000    
  1.0690000      1.0690000      1.0690000      1.0690000      1.0690000      1.0690000      1.0690000      1.0690000      1.0690000      1.0690000      1.0690000      1.0690000      1.0690000      1.0690000      1.0690000      1.0690000      1.0690000      1.0690000      1.0690000      1.0690000      1.0690000      1.0690000      1.0690000      1.0690000      1.0690000      1.0690000      1.0690000      1.0690000      1.0690000      1.0690000      1.0690000      1.0690000      1.0690000      1.0690000      1.0690000      1.0690000      1.0690000      1.0690000      1.0690000      1.0690000      1.0690000      1.0690000      1.0690000      1.0690000      1.0690000      1.0690000      1.0690000      1.0690000      1.0690000      1.0690000      1.0690000      1.0690000      1.0690000      1.0690000      1.0690000      1.0690000      1.0690000      1.0690000      1.0690000      1.0690000      1.0690000      1.0690000      1.0690000      1.0690000      1.0690000      1.0690000      1.0690000      1.0690000      1.0690000      1.0690000      1.0690000      1.0690000      1.0690000      1.0690000      1.0690000      1.0690000      1.0690000      1.0690000      1.0690000      1.0690000      1.0690000      1.0690000      1.0690000      1.0690000      1.0690000      1.0690000      1.0690000    
  1.0690000      1.0690000      1.0690000      1.0690000      1.0690000      1.0690000      1.0690000      1.0690000      1.0690000      1.0690000      1.0690000      1.0690000      1.0690000      1.0690000      1.0690000      1.0690000      1.0690000      1.0690000      1.0690000      1.0690000      1.0690000      1.0690000      1.0690000      1.0690000      1.0690000      1.0690000      1.0690000      1.0690000      1.0690000      1.0690000      1.0690000      1.0690000      1.0690000      1.0690000      1.0690000      1.0690000      1.0690000      1.0690000      1.0690000      1.0690000      1.0690000      1.0690000      1.0690000      1.0690000      1.0690000      1.0690000      1.0690000      1.0690000      1.0690000      1.0690000      1.0690000      1.0690000      1.0690000      1.0690000      1.0690000      1.0690000      1.0690000      1.0690000      1.0690000      1.0690000      1.0690000      1.0690000      1.0690000      1.0690000      1.0690000      1.0690000      1.0690000      1.0690000      1.0690000      1.0690000      1.0690000      1.0690000      1.0690000      1.0690000      1.0690000      1.0690000      1.0690000      1.0690000      1.0690000      1.0690000      1.0690000      1.0690000      1.0690000      1.0690000      1.0690000      1.0690000      1.0690000    
  1.0690000      1.0690000      1.0690000      1.0690000      1.0690000      1.0690000      1.0690000      1.0690000      1.0690000      1.0690000      1.0690000      1.0690000      1.0690000      1.0690000      1.0690000      1.0690000      1.0690000      1.0690000      1.0690000      1.0690000      1.0690000      1.0690000      1.0690000      1.0690000      1.0690000      1.0690000      1.0690000      1.0690000      1.0690000      1.0690000      1.0690000      1.0690000      1.0690000      1.0690000      1.0690000      1.0690000      1.0690000      1.0690000      1.0690000      1.0690000      1.0690000      1.0690000      1.0690000      1.0690000      1.0690000      1.0690000      1.0690000      1.0690000      1.0690000      1.0690000      1.0690000      1.0690000      1.0690000      1.0690000      1.0690000      1.0690000      1.0690000      1.0690000      1.0690000      1.0690000      1.0690000      1.0690000      1.0690000      1.0690000      1.0690000      1.0690000      1.0690000      1.0690000      1.0690000      1.0690000      1.0690000      1.0690000      1.0690000      1.0690000      1.0690000      1.0690000      1.0690000      1.0690000      1.0690000      1.0690000      1.0690000      1.0690000      1.0690000      1.0690000      1.0690000      1.0690000      1.0690000    
  1.0690000      1.0690000      1.0690000      1.0690000      1.0690000      1.0690000      1.0690000      1.0690000      1.0690000      1.0690000      1.0690000      1.0690000      1.0690000      1.0690000      1.0690000      1.0690000      1.0690000      1.0690000      1.0690000      1.0690000      1.0690000      1.0690000      1.0690000      1.0690000      1.0690000      1.0690000      1.0690000      1.0690000      1.0690000      1.0690000      1.0690000      1.0690000      1.0690000      1.0690000      1.0690000      1.0690000      1.0690000      1.0690000      1.0690000      1.0690000      1.0690000      1.0690000      1.0690000      1.0690000      1.0690000      1.0690000      1.0690000      1.0690000      1.0690000      1.0690000      1.0690000      1.0690000      1.0690000      1.0690000      1.0690000      1.0690000      1.0690000      1.0690000      1.0690000      1.0690000      1.0690000      1.0690000      1.0690000      1.0690000      1.0690000      1.0690000      1.0690000      1.0690000      1.0690000      1.0690000      1.0690000      1.0690000      1.0690000      1.0690000      1.0690000      1.0690000      1.0690000      1.0690000      1.0690000      1.0690000      1.0690000      1.0690000      1.0690000      1.0690000      1.0690000      1.0690000      1.0690000    
  1.0690000      1.0690000      1.0690000      1.0690000      1.0690000      1.0690000      1.0690000      1.0690000      1.0690000      1.0690000      1.0690000      1.0690000      1.0690000      1.0690000      1.0690000      1.0690000      1.0690000      1.0690000      1.0690000      1.0690000      1.0690000      1.0690000      1.0690000      1.0690000      1.0690000      1.0690000      1.0690000      1.0690000      1.0690000      1.0690000      1.0690000      1.0690000      1.0690000      1.0690000      1.0690000      1.0690000      1.0690000      1.0690000      1.0690000      1.0690000      1.0690000      1.0690000      1.0690000      1.0690000      1.0690000      1.0690000      1.0690000      1.0690000      1.0690000      1.0690000      1.0690000      1.0690000      1.0690000      1.0690000      1.0690000      1.0690000      1.0690000      1.0690000      1.0690000      1.0690000      1.0690000      1.0690000      1.0690000      1.0690000      1.0690000      1.0690000      1.0690000      1.0690000      1.0690000      1.0690000      1.0690000      1.0690000      1.0690000      1.0690000      1.0690000      1.0690000      1.0690000      1.0690000      1.0690000      1.0690000      1.0690000      1.0690000      1.0690000      1.0690000      1.0690000      1.0690000      1.0690000    
  1.0690000      1.0690000      1.0690000      1.0690000      1.0690000      1.0690000      1.0690000      1.0690000      1.0690000      1.0690000      1.0690000      1.0690000      1.0690000      1.0690000      1.0690000      1.0690000      1.0690000      1.0690000      1.0690000      1.0690000      1.0690000      1.0690000      1.0690000      1.0690000      1.0690000      1.0690000      1.0690000      1.0690000      1.0690000      1.0690000      1.0690000      1.0690000      1.0690000      1.0690000      1.0690000      1.0690000      1.0690000      1.0690000      1.0690000      1.0690000      1.0690000      1.0690000      1.0690000      1.0690000      1.0690000      1.0690000      1.0690000      1.0690000      1.0690000      1.0690000      1.0690000      1.0690000      1.0690000      1.0690000      1.0690000      1.0690000      1.0690000      1.0690000      1.0690000      1.0690000      1.0690000      1.0690000      1.0690000      1.0690000      1.0690000      1.0690000      1.0690000      1.0690000      1.0690000      1.0690000      1.0690000      1.0690000      1.0690000      1.0690000      1.0690000      1.0690000      1.0690000      1.0690000      1.0690000      1.0690000      1.0690000      1.0690000      1.0690000      1.0690000      1.0690000      1.0690000      1.0690000    
  1.0690000      1.0690000      1.0690000      1.0690000      1.0690000      1.0690000      1.0690000      1.0690000      1.0690000      1.0690000      1.0690000      1.0690000      1.0690000      1.0690000      1.0690000      1.0690000      1.0690000      1.0690000      1.0690000      1.0690000      1.0690000      1.0690000      1.0690000      1.0690000      1.0690000      1.0690000      1.0690000      1.0690000      1.0690000      1.0690000      1.0690000      1.0690000      1.0690000      1.0690000      1.0690000      1.0690000      1.0690000      1.0690000      1.0690000      1.0690000      1.0690000      1.0690000      1.0690000      1.0690000      1.0690000      1.0690000      1.0690000      1.0690000      1.0690000      1.0690000      1.0690000      1.0690000      1.0690000      1.0690000      1.0690000      1.0690000      1.0690000      1.0690000      1.0690000      1.0690000      1.0690000      1.0690000      1.0690000      1.0690000      1.0690000      1.0690000      1.0690000      1.0690000      1.0690000      1.0690000      1.0690000      1.0690000      1.0690000      1.0690000      1.0690000      1.0690000      1.0690000      1.0690000      1.0690000      1.0690000      1.0690000      1.0690000      1.0690000      1.0690000      1.0690000      1.0690000      1.0690000    
  1.0690000      1.0690000      1.0690000      1.0690000      1.0690000      1.0690000      1.0690000      1.0690000      1.0690000      1.0690000      1.0690000      1.0690000      1.0690000      1.0690000      1.0690000      1.0690000      1.0690000      1.0690000      1.0690000      1.0690000      1.0690000      1.0690000      1.0690000      1.0690000      1.0690000      1.0690000      1.0690000      1.0690000      1.0690000      1.0690000      1.0690000      1.0690000      1.0690000      1.0690000      1.0690000      1.0690000      1.0690000      1.0690000      1.0690000      1.0690000      1.0690000      1.0690000      1.0690000      1.0690000      1.0690000      1.0690000      1.0690000      1.0690000      1.0690000      1.0690000      1.0690000      1.0690000      1.0690000      1.0690000      1.0690000      1.0690000      1.0690000      1.0690000      1.0690000      1.0690000      1.0690000      1.0690000      1.0690000      1.0690000      1.0690000      1.0690000      1.0690000      1.0690000      1.0690000      1.0690000      1.0690000      1.0690000      1.0690000      1.0690000      1.0690000      1.0690000      1.0690000      1.0690000      1.0690000      1.0690000      1.0690000      1.0690000      1.0690000      1.0690000      1.0690000      1.0690000      1.0690000    
  1.0690000      1.0690000      1.0690000      1.0690000      1.0690000      1.0690000      1.0690000      1.0690000      1.0690000      1.0690000      1.0690000      1.0690000      1.0690000      1.0690000      1.0690000      1.0690000      1.0690000      1.0690000      1.0690000      1.0690000      1.0690000      1.0690000      1.0690000      1.0690000      1.0690000      1.0690000      1.0690000      1.0690000      1.0690000      1.0690000      1.0690000      1.0690000      1.0690000      1.0690000      1.0690000      1.0690000      1.0690000      1.0690000      1.0690000      1.0690000      1.0690000      1.0690000      1.0690000      1.0690000      1.0690000      1.0690000      1.0690000      1.0690000      1.0690000      1.0690000      1.0690000      1.0690000      1.0690000      1.0690000      1.0690000      1.0690000      1.0690000      1.0690000      1.0690000      1.0690000      1.0690000      1.0690000      1.0690000      1.0690000      1.0690000      1.0690000      1.0690000      1.0690000      1.0690000      1.0690000      1.0690000      1.0690000      1.0690000      1.0690000      1.0690000      1.0690000      1.0690000      1.0690000      1.0690000      1.0690000      1.0690000      1.0690000      1.0690000      1.0690000      1.0690000      1.0690000      1.0690000    
  1.0690000      1.0690000      1.0690000      1.0690000      1.0690000      1.0690000      1.0690000      1.0690000      1.0690000      1.0690000      1.0690000      1.0690000      1.0690000      1.0690000      1.0690000      1.0690000      1.0690000      1.0690000      1.0690000      1.0690000      1.0690000      1.0690000      1.0690000      1.0690000      1.0690000      1.0690000      1.0690000      1.0690000      1.0690000      1.0690000      1.0690000      1.0690000      1.0690000      1.0690000      1.0690000      1.0690000      1.0690000      1.0690000      1.0690000      1.0690000      1.0690000      1.0690000      1.0690000      1.0690000      1.0690000      1.0690000      1.0690000      1.0690000      1.0690000      1.0690000      1.0690000      1.0690000      1.0690000      1.0690000      1.0690000      1.0690000      1.0690000      1.0690000      1.0690000      1.0690000      1.0690000      1.0690000      1.0690000      1.0690000      1.0690000      1.0690000      1.0690000      1.0690000      1.0690000      1.0690000      1.0690000      1.0690000      1.0690000      1.0690000      1.0690000      1.0690000      1.0690000      1.0690000      1.0690000      1.0690000      1.0690000      1.0690000      1.0690000      1.0690000      1.0690000      1.0690000      1.0690000    
  1.0690000      1.0690000      1.0690000      1.0690000      1.0690000      1.0690000      1.0690000      1.0690000      1.0690000      1.0690000      1.0690000      1.0690000      1.0690000      1.0690000      1.0690000      1.0690000      1.0690000      1.0690000      1.0690000      1.0690000      1.0690000      1.0690000      1.0690000      1.0690000      1.0690000      1.0690000      1.0690000      1.0690000      1.0690000      1.0690000      1.0690000      1.0690000      1.0690000      1.0690000      1.0690000      1.0690000      1.0690000      1.0690000      1.0690000      1.0690000      1.0690000      1.0690000      1.0690000      1.0690000      1.0690000      1.0690000      1.0690000      1.0690000      1.0690000      1.0690000      1.0690000      1.0690000      1.0690000      1.0690000      1.0690000      1.0690000      1.0690000      1.0690000      1.0690000      1.0690000      1.0690000      1.0690000      1.0690000      1.0690000      1.0690000      1.0690000      1.0690000      1.0690000      1.0690000      1.0690000      1.0690000      1.0690000      1.0690000      1.0690000      1.0690000      1.0690000      1.0690000      1.0690000      1.0690000      1.0690000      1.0690000      1.0690000      1.0690000      1.0690000      1.0690000      1.0690000      1.0690000    
  1.0690000      1.0690000      1.0690000      1.0690000      1.0690000      1.0690000      1.0690000      1.0690000      1.0690000      1.0690000      1.0690000      1.0690000      1.0690000      1.0690000      1.0690000      1.0690000      1.0690000      1.0690000      1.0690000      1.0690000      1.0690000      1.0690000      1.0690000      1.0690000      1.0690000      1.0690000      1.0690000      1.0690000      1.0690000      1.0690000      1.0690000      1.0690000      1.0690000      1.0690000      1.0690000      1.0690000      1.0690000      1.0690000      1.0690000      1.0690000      1.0690000      1.0690000      1.0690000      1.0690000      1.0690000      1.0690000      1.0690000      1.0690000      1.0690000      1.0690000      1.0690000      1.0690000      1.0690000      1.0690000      1.0690000      1.0690000      1.0690000      1.0690000      1.0690000      1.0690000      1.0690000      1.0690000      1.0690000      1.0690000      1.0690000      1.0690000      1.0690000      1.0690000      1.0690000      1.0690000      1.0690000      1.0690000      1.0690000      1.0690000      1.0690000      1.0690000      1.0690000      1.0690000      1.0690000      1.0690000      1.0690000      1.0690000      1.0690000      1.0690000      1.0690000      1.0690000      1.0690000    
  1.0690000      1.0690000      1.0690000      1.0690000      1.0690000      1.0690000      1.0690000      1.0690000      1.0690000      1.0690000      1.0690000      1.0690000      1.0690000      1.0690000      1.0690000      1.0690000      1.0690000      1.0690000      1.0690000      1.0690000      1.0690000      1.0690000      1.0690000      1.0690000      1.0690000      1.0690000      1.0690000      1.0690000      1.0690000      1.0690000      1.0690000      1.0690000      1.0690000      1.0690000      1.0690000      1.0690000      1.0690000      1.0690000      1.0690000      1.0690000      1.0690000      1.0690000      1.0690000      1.0690000      1.0690000      1.0690000      1.0690000      1.0690000      1.0690000      1.0690000      1.0690000      1.0690000      1.0690000      1.0690000      1.0690000      1.0690000      1.0690000      1.0690000      1.0690000      1.0690000      1.0690000      1.0690000      1.0690000      1.0690000      1.0690000      1.0690000      1.0690000      1.0690000      1.0690000      1.0690000      1.0690000      1.0690000      1.0690000      1.0690000      1.0690000      1.0690000      1.0690000      1.0690000      1.0690000      1.0690000      1.0690000      1.0690000      1.0690000      1.0690000      1.0690000      1.0690000      1.0690000    
  1.0690000      1.0690000      1.0690000      1.0690000      1.0690000      1.0690000      1.0690000      1.0690000      1.0690000      1.0690000      1.0690000      1.0690000      1.0690000      1.0690000      1.0690000      1.0690000      1.0690000      1.0690000      1.0690000      1.0690000      1.0690000      1.0690000      1.0690000      1.0690000      1.0690000      1.0690000      1.0690000      1.0690000      1.0690000      1.0690000      1.0690000      1.0690000      1.0690000      1.0690000      1.0690000      1.0690000      1.0690000      1.0690000      1.0690000      1.0690000      1.0690000      1.0690000      1.0690000      1.0690000      1.0690000      1.0690000      1.0690000      1.0690000      1.0690000      1.0690000      1.0690000      1.0690000      1.0690000      1.0690000      1.0690000      1.0690000      1.0690000      1.0690000      1.0690000      1.0690000      1.0690000      1.0690000      1.0690000      1.0690000      1.0690000      1.0690000      1.0690000      1.0690000      1.0690000      1.0690000      1.0690000      1.0690000      1.0690000      1.0690000      1.0690000      1.0690000      1.0690000      1.0690000      1.0690000      1.0690000      1.0690000      1.0690000      1.0690000      1.0690000      1.0690000      1.0690000      1.0690000    
  1.0690000      1.0690000      1.0690000      1.0690000      1.0690000      1.0690000      1.0690000      1.0690000      1.0690000      1.0690000      1.0690000      1.0690000      1.0690000      1.0690000      1.0690000      1.0690000      1.0690000      1.0690000      1.0690000      1.0690000      1.0690000      1.0690000      1.0690000      1.0690000      1.0690000      1.0690000      1.0690000      1.0690000      1.0690000      1.0690000      1.0690000      1.0690000      1.0690000      1.0690000      1.0690000      1.0690000      1.0690000      1.0690000      1.0690000      1.0690000      1.0690000      1.0690000      1.0690000      1000000.0      1.0690000      1.0690000      1.0690000      1.0690000      1.0690000      1.0690000      1.0690000      1.0690000      1.0690000      1.0690000      1.0690000      1.0690000      1.0690000      1.0690000      1.0690000      1.0690000      1.0690000      1.0690000      1.0690000      1.0690000      1.0690000      1.0690000      1.0690000      1.0690000      1.0690000      1.0690000      1.0690000      1.0690000      1.0690000      1.0690000      1.0690000      1.0690000      1.0690000      1.0690000      1.0690000      1.0690000      1.0690000      1.0690000      1.0690000      1.0690000      1.0690000      1.0690000      1.0690000    
  1.0690000      1.0690000      1.0690000      1.0690000      1.0690000      1.0690000      1.0690000      1.0690000      1.0690000      1.0690000      1.0690000      1.0690000      1.0690000      1.0690000      1.0690000      1.0690000      1.0690000      1.0690000      1.0690000      1.0690000      1.0690000      1.0690000      1.0690000      1.0690000      1.0690000      1.0690000      1.0690000      1.0690000      1.0690000      1.0690000      1.0690000      1.0690000      1.0690000      1.0690000      1.0690000      1.0690000      1.0690000      1.0690000      1.0690000      1.0690000      1.0690000      1.0690000      1.0690000      1.0690000      1.0690000      1.0690000      1.0690000      1.0690000      1.0690000      1.0690000      1.0690000      1.0690000      1.0690000      1.0690000      1.0690000      1.0690000      1.0690000      1.0690000      1.0690000      1.0690000      1.0690000      1.0690000      1.0690000      1.0690000      1.0690000      1.0690000      1.0690000      1.0690000      1.0690000      1.0690000      1.0690000      1.0690000      1.0690000      1.0690000      1.0690000      1.0690000      1.0690000      1.0690000      1.0690000      1.0690000      1.0690000      1.0690000      1.0690000      1.0690000      1.0690000      1.0690000      1.0690000    
  1.0690000      1.0690000      1.0690000      1.0690000      1.0690000      1.0690000      1.0690000      1.0690000      1.0690000      1.0690000      1.0690000      1.0690000      1.0690000      1.0690000      1.0690000      1.0690000      1.0690000      1.0690000      1.0690000      1.0690000      1.0690000      1.0690000      1.0690000      1.0690000      1.0690000      1.0690000      1.0690000      1.0690000      1.0690000      1.0690000      1.0690000      1.0690000      1.0690000      1.0690000      1.0690000      1.0690000      1.0690000      1.0690000      1.0690000      1.0690000      1.0690000      1.0690000      1.0690000      1.0690000      1.0690000      1.0690000      1.0690000      1.0690000      1.0690000      1.0690000      1.0690000      1.0690000      1.0690000      1.0690000      1.0690000      1.0690000      1.0690000      1.0690000      1.0690000      1.0690000      1.0690000      1.0690000      1.0690000      1.0690000      1.0690000      1.0690000      1.0690000      1.0690000      1.0690000      1.0690000      1.0690000      1.0690000      1.0690000      1.0690000      1.0690000      1.0690000      1.0690000      1.0690000      1.0690000      1.0690000      1.0690000      1.0690000      1.0690000      1.0690000      1.0690000      1.0690000      1.0690000    
  1.0690000      1.0690000      1.0690000      1.0690000      1.0690000      1.0690000      1.0690000      1.0690000      1.0690000      1.0690000      1.0690000      1.0690000      1.0690000      1.0690000      1.0690000      1.0690000      1.0690000      1.0690000      1.0690000      1.0690000      1.0690000      1.0690000      1.0690000      1.0690000      1.0690000      1.0690000      1.0690000      1.0690000      1.0690000      1.0690000      1.0690000      1.0690000      1.0690000      1.0690000      1.0690000      1.0690000      1.0690000      1.0690000      1.0690000      1.0690000      1.0690000      1.0690000      1.0690000      1.0690000      1.0690000      1.0690000      1.0690000      1.0690000      1.0690000      1.0690000      1.0690000      1.0690000      1.0690000      1.0690000      1.0690000      1.0690000      1.0690000      1.0690000      1.0690000      1.0690000      1.0690000      1.0690000      1.0690000      1.0690000      1.0690000      1.0690000      1.0690000      1.0690000      1.0690000      1.0690000      1.0690000      1.0690000      1.0690000      1.0690000      1.0690000      1.0690000      1.0690000      1.0690000      1.0690000      1.0690000      1.0690000      1.0690000      1.0690000      1.0690000      1.0690000      1.0690000      1.0690000    
  1.0690000      1.0690000      1.0690000      1.0690000      1.0690000      1.0690000      1.0690000      1.0690000      1.0690000      1.0690000      1.0690000      1.0690000      1.0690000      1.0690000      1.0690000      1.0690000      1.0690000      1.0690000      1.0690000      1.0690000      1.0690000      1.0690000      1.0690000      1.0690000      1.0690000      1.0690000      1.0690000      1.0690000      1.0690000      1.0690000      1.0690000      1.0690000      1.0690000      1.0690000      1.0690000      1.0690000      1.0690000      1.0690000      1.0690000      1.0690000      1.0690000      1.0690000      1.0690000      1.0690000      1.0690000      1.0690000      1.0690000      1.0690000      1.0690000      1.0690000      1.0690000      1.0690000      1.0690000      1.0690000      1.0690000      1.0690000      1.0690000      1.0690000      1.0690000      1.0690000      1.0690000      1.0690000      1.0690000      1.0690000      1.0690000      1.0690000      1.0690000      1.0690000      1.0690000      1.0690000      1.0690000      1.0690000      1.0690000      1.0690000      1.0690000      1.0690000      1.0690000      1.0690000      1.0690000      1.0690000      1.0690000      1.0690000      1.0690000      1.0690000      1.0690000      1.0690000      1.0690000    
  1.0690000      1.0690000      1.0690000      1.0690000      1.0690000      1.0690000      1.0690000      1.0690000      1.0690000      1.0690000      1.0690000      1.0690000      1.0690000      1.0690000      1.0690000      1.0690000      1.0690000      1.0690000      1.0690000      1.0690000      1.0690000      1.0690000      1.0690000      1.0690000      1.0690000      1.0690000      1.0690000      1.0690000      1.0690000      1.0690000      1.0690000      1.0690000      1.0690000      1.0690000      1.0690000      1.0690000      1.0690000      1.0690000      1.0690000      1.0690000      1.0690000      1.0690000      1.0690000      1.0690000      1.0690000      1.0690000      1.0690000      1.0690000      1.0690000      1.0690000      1.0690000      1.0690000      1.0690000      1.0690000      1.0690000      1.0690000      1.0690000      1.0690000      1.0690000      1.0690000      1.0690000      1.0690000      1.0690000      1.0690000      1.0690000      1.0690000      1.0690000      1.0690000      1.0690000      1.0690000      1.0690000      1.0690000      1.0690000      1.0690000      1.0690000      1.0690000      1.0690000      1.0690000      1.0690000      1.0690000      1.0690000      1.0690000      1.0690000      1.0690000      1.0690000      1.0690000      1.0690000    
  1.0690000      1.0690000      1.0690000      1.0690000      1.0690000      1.0690000      1.0690000      1.0690000      1.0690000      1.0690000      1.0690000      1.0690000      1.0690000      1.0690000      1.0690000      1.0690000      1.0690000      1.0690000      1.0690000      1.0690000      1.0690000      1.0690000      1.0690000      1.0690000      1.0690000      1.0690000      1.0690000      1.0690000      1.0690000      1.0690000      1.0690000      1.0690000      1.0690000      1.0690000      1.0690000      1.0690000      1.0690000      1.0690000      1.0690000      1.0690000      1.0690000      1.0690000      1.0690000      1.0690000      1.0690000      1.0690000      1.0690000      1.0690000      1.0690000      1.0690000      1.0690000      1.0690000      1.0690000      1.0690000      1.0690000      1.0690000      1.0690000      1.0690000      1.0690000      1.0690000      1.0690000      1.0690000      1.0690000      1.0690000      1.0690000      1.0690000      1.0690000      1.0690000      1.0690000      1.0690000      1.0690000      1.0690000      1.0690000      1.0690000      1.0690000      1.0690000      1.0690000      1.0690000      1.0690000      1.0690000      1.0690000      1.0690000      1.0690000      1.0690000      1.0690000      1.0690000      1.0690000    
  1.0690000      1.0690000      1.0690000      1.0690000      1.0690000      1.0690000      1.0690000      1.0690000      1.0690000      1.0690000      1.0690000      1.0690000      1.0690000      1.0690000      1.0690000      1.0690000      1.0690000      1.0690000      1.0690000      1.0690000      1.0690000      1.0690000      1.0690000      1.0690000      1.0690000      1.0690000      1.0690000      1.0690000      1.0690000      1.0690000      1.0690000      1.0690000      1.0690000      1.0690000      1.0690000      1.0690000      1.0690000      1.0690000      1.0690000      1.0690000      1.0690000      1.0690000      1.0690000      1.0690000      1.0690000      1.0690000      1.0690000      1.0690000      1.0690000      1.0690000      1.0690000      1.0690000      1.0690000      1.0690000      1.0690000      1.0690000      1.0690000      1.0690000      1.0690000      1.0690000      1.0690000      1.0690000      1.0690000      1.0690000      1.0690000      1.0690000      1.0690000      1.0690000      1.0690000      1.0690000      1.0690000      1.0690000      1.0690000      1.0690000      1.0690000      1.0690000      1.0690000      1.0690000      1.0690000      1.0690000      1.0690000      1.0690000      1.0690000      1.0690000      1.0690000      1.0690000      1.0690000    
  1.0690000      1.0690000      1.0690000      1.0690000      1.0690000      1.0690000      1.0690000      1.0690000      1.0690000      1.0690000      1.0690000      1.0690000      1.0690000      1.0690000      1.0690000      1.0690000      1.0690000      1.0690000      1.0690000      1.0690000      1.0690000      1.0690000      1.0690000      1.0690000      1.0690000      1.0690000      1.0690000      1.0690000      1.0690000      1.0690000      1.0690000      1.0690000      1.0690000      1.0690000      1.0690000      1.0690000      1.0690000      1.0690000      1.0690000      1.0690000      1.0690000      1.0690000      1.0690000      1.0690000      1.0690000      1.0690000      1.0690000      1.0690000      1.0690000      1.0690000      1.0690000      1.0690000      1.0690000      1.0690000      1.0690000      1.0690000      1.0690000      1.0690000      1.0690000      1.0690000      1.0690000      1.0690000      1.0690000      1.0690000      1.0690000      1.0690000      1.0690000      1.0690000      1.0690000      1.0690000      1.0690000      1.0690000      1.0690000      1.0690000      1.0690000      1.0690000      1.0690000      1.0690000      1.0690000      1.0690000      1.0690000      1.0690000      1.0690000      1.0690000      1.0690000      1.0690000      1.0690000    
  1.0690000      1.0690000      1.0690000      1.0690000      1.0690000      1.0690000      1.0690000      1.0690000      1.0690000      1.0690000      1.0690000      1.0690000      1.0690000      1.0690000      1.0690000      1.0690000      1.0690000      1.0690000      1.0690000      1.0690000      1.0690000      1.0690000      1.0690000      1.0690000      1.0690000      1.0690000      1.0690000      1.0690000      1.0690000      1.0690000      1.0690000      1.0690000      1.0690000      1.0690000      1.0690000      1.0690000      1.0690000      1.0690000      1.0690000      1.0690000      1.0690000      1.0690000      1.0690000      1.0690000      1.0690000      1.0690000      1.0690000      1.0690000      1.0690000      1.0690000      1.0690000      1.0690000      1.0690000      1.0690000      1.0690000      1.0690000      1.0690000      1.0690000      1.0690000      1.0690000      1.0690000      1.0690000      1.0690000      1.0690000      1.0690000      1.0690000      1.0690000      1.0690000      1.0690000      1.0690000      1.0690000      1.0690000      1.0690000      1.0690000      1.0690000      1.0690000      1.0690000      1.0690000      1.0690000      1.0690000      1.0690000      1.0690000      1.0690000      1.0690000      1.0690000      1.0690000      1.0690000    
  1.0690000      1.0690000      1.0690000      1.0690000      1.0690000      1.0690000      1.0690000      1.0690000      1.0690000      1.0690000      1.0690000      1.0690000      1.0690000      1.0690000      1.0690000      1.0690000      1.0690000      1.0690000      1.0690000      1.0690000      1.0690000      1.0690000      1.0690000      1.0690000      1.0690000      1.0690000      1.0690000      1.0690000      1.0690000      1.0690000      1.0690000      1.0690000      1.0690000      1.0690000      1.0690000      1.0690000      1.0690000      1.0690000      1.0690000      1.0690000      1.0690000      1.0690000      1.0690000      1.0690000      1.0690000      1.0690000      1.0690000      1.0690000      1.0690000      1.0690000      1.0690000      1.0690000      1.0690000      1.0690000      1.0690000      1.0690000      1.0690000      1.0690000      1.0690000      1.0690000      1.0690000      1.0690000      1.0690000      1.0690000      1.0690000      1.0690000      1.0690000      1.0690000      1.0690000      1.0690000      1.0690000      1.0690000      1.0690000      1.0690000      1.0690000      1.0690000      1.0690000      1.0690000      1.0690000      1.0690000      1.0690000      1.0690000      1.0690000      1.0690000      1.0690000      1.0690000      1.0690000    
  1.0690000      1.0690000      1.0690000      1.0690000      1.0690000      1.0690000      1.0690000      1.0690000      1.0690000      1.0690000      1.0690000      1.0690000      1.0690000      1.0690000      1.0690000      1.0690000      1.0690000      1.0690000      1.0690000      1.0690000      1.0690000      1.0690000      1.0690000      1.0690000      1.0690000      1.0690000      1.0690000      1.0690000      1.0690000      1.0690000      1.0690000      1.0690000      1.0690000      1.0690000      1.0690000      1.0690000      1.0690000      1.0690000      1.0690000      1.0690000      1.0690000      1.0690000      1.0690000      1.0690000      1.0690000      1.0690000      1.0690000      1.0690000      1.0690000      1.0690000      1.0690000      1.0690000      1.0690000      1.0690000      1.0690000      1.0690000      1.0690000      1.0690000      1.0690000      1.0690000      1.0690000      1.0690000      1.0690000      1.0690000      1.0690000      1.0690000      1.0690000      1.0690000      1.0690000      1.0690000      1.0690000      1.0690000      1.0690000      1.0690000      1.0690000      1.0690000      1.0690000      1.0690000      1.0690000      1.0690000      1.0690000      1.0690000      1.0690000      1.0690000      1.0690000      1.0690000      1.0690000    
  1.0690000      1.0690000      1.0690000      1.0690000      1.0690000      1.0690000      1.0690000      1.0690000      1.0690000      1.0690000      1.0690000      1.0690000      1.0690000      1.0690000      1.0690000      1.0690000      1.0690000      1.0690000      1.0690000      1.0690000      1.0690000      1.0690000      1.0690000      1.0690000      1.0690000      1.0690000      1.0690000      1.0690000      1.0690000      1.0690000      1.0690000      1.0690000      1.0690000      1.0690000      1.0690000      1.0690000      1.0690000      1.0690000      1.0690000      1.0690000      1.0690000      1.0690000      1.0690000      1.0690000      1.0690000      1.0690000      1.0690000      1.0690000      1.0690000      1.0690000      1.0690000      1.0690000      1.0690000      1.0690000      1.0690000      1.0690000      1.0690000      1.0690000      1.0690000      1.0690000      1.0690000      1.0690000      1.0690000      1.0690000      1.0690000      1.0690000      1.0690000      1.0690000      1.0690000      1.0690000      1.0690000      1.0690000      1.0690000      1.0690000      1.0690000      1.0690000      1.0690000      1.0690000      1.0690000      1.0690000      1.0690000      1.0690000      1.0690000      1.0690000      1.0690000      1.0690000      1.0690000    
  1.0690000      1.0690000      1.0690000      1.0690000      1.0690000      1.0690000      1.0690000      1.0690000      1.0690000      1.0690000      1.0690000      1.0690000      1.0690000      1.0690000      1.0690000      1.0690000      1.0690000      1.0690000      1.0690000      1.0690000      1.0690000      1.0690000      1.0690000      1.0690000      1.0690000      1.0690000      1.0690000      1.0690000      1.0690000      1.0690000      1.0690000      1.0690000      1.0690000      1.0690000      1.0690000      1.0690000      1.0690000      1.0690000      1.0690000      1.0690000      1.0690000      1.0690000      1.0690000      1.0690000      1.0690000      1.0690000      1.0690000      1.0690000      1.0690000      1.0690000      1.0690000      1.0690000      1.0690000      1.0690000      1.0690000      1.0690000      1.0690000      1.0690000      1.0690000      1.0690000      1.0690000      1.0690000      1.0690000      1.0690000      1.0690000      1.0690000      1.0690000      1.0690000      1.0690000      1.0690000      1.0690000      1.0690000      1.0690000      1.0690000      1.0690000      1.0690000      1.0690000      1.0690000      1.0690000      1.0690000      1.0690000      1.0690000      1.0690000      1.0690000      1.0690000      1.0690000      1.0690000    
  1.0690000      1.0690000      1.0690000      1.0690000      1.0690000      1.0690000      1.0690000      1.0690000      1.0690000      1.0690000      1.0690000      1.0690000      1.0690000      1.0690000      1.0690000      1.0690000      1.0690000      1.0690000      1.0690000      1.0690000      1.0690000      1.0690000      1.0690000      1.0690000      1.0690000      1.0690000      1.0690000      1.0690000      1.0690000      1.0690000      1.0690000      1.0690000      1.0690000      1.0690000      1.0690000      1.0690000      1.0690000      1.0690000      1.0690000      1.0690000      1.0690000      1.0690000      1.0690000      1.0690000      1.0690000      1.0690000      1.0690000      1.0690000      1.0690000      1.0690000      1.0690000      1.0690000      1.0690000      1.0690000      1.0690000      1.0690000      1.0690000      1.0690000      1.0690000      1.0690000      1.0690000      1.0690000      1.0690000      1.0690000      1.0690000      1.0690000      1.0690000      1.0690000      1.0690000      1.0690000      1.0690000      1.0690000      1.0690000      1.0690000      1.0690000      1.0690000      1.0690000      1.0690000      1.0690000      1.0690000      1.0690000      1.0690000      1.0690000      1.0690000      1.0690000      1.0690000      1.0690000    
  1.0690000      1.0690000      1.0690000      1.0690000      1.0690000      1.0690000      1.0690000      1.0690000      1.0690000      1.0690000      1.0690000      1.0690000      1.0690000      1.0690000      1.0690000      1.0690000      1.0690000      1.0690000      1.0690000      1.0690000      1.0690000      1.0690000      1.0690000      1.0690000      1.0690000      1.0690000      1.0690000      1.0690000      1.0690000      1.0690000      1.0690000      1.0690000      1.0690000      1.0690000      1.0690000      1.0690000      1.0690000      1.0690000      1.0690000      1.0690000      1.0690000      1.0690000      1.0690000      1.0690000      1.0690000      1.0690000      1.0690000      1.0690000      1.0690000      1.0690000      1.0690000      1.0690000      1.0690000      1.0690000      1.0690000      1.0690000      1.0690000      1.0690000      1.0690000      1.0690000      1.0690000      1.0690000      1.0690000      1.0690000      1.0690000      1.0690000      1.0690000      1.0690000      1.0690000      1.0690000      1.0690000      1.0690000      1.0690000      1.0690000      1.0690000      1.0690000      1.0690000      1.0690000      1.0690000      1.0690000      1.0690000      1.0690000      1.0690000      1.0690000      1.0690000      1.0690000      1.0690000    
  1.0690000      1.0690000      1.0690000      1.0690000      1.0690000      1.0690000      1.0690000      1.0690000      1.0690000      1.0690000      1.0690000      1.0690000      1.0690000      1.0690000      1.0690000      1.0690000      1.0690000      1.0690000      1.0690000      1.0690000      1.0690000      1.0690000      1.0690000      1.0690000      1.0690000      1.0690000      1.0690000      1.0690000      1.0690000      1.0690000      1.0690000      1.0690000      1.0690000      1.0690000      1.0690000      1.0690000      1.0690000      1.0690000      1.0690000      1.0690000      1.0690000      1.0690000      1.0690000      1.0690000      1.0690000      1.0690000      1.0690000      1.0690000      1.0690000      1.0690000      1.0690000      1.0690000      1.0690000      1.0690000      1.0690000      1.0690000      1.0690000      1.0690000      1.0690000      1.0690000      1.0690000      1.0690000      1.0690000      1.0690000      1.0690000      1.0690000      1.0690000      1.0690000      1.0690000      1.0690000      1.0690000      1.0690000      1.0690000      1.0690000      1.0690000      1.0690000      1.0690000      1.0690000      1.0690000      1.0690000      1.0690000      1.0690000      1.0690000      1.0690000      1.0690000      1.0690000      1.0690000    
  1.0690000      1.0690000      1.0690000      1.0690000      1.0690000      1.0690000      1.0690000      1.0690000      1.0690000      1.0690000      1.0690000      1.0690000      1.0690000      1.0690000      1.0690000      1.0690000      1.0690000      1.0690000      1.0690000      1.0690000      1.0690000      1.0690000      1.0690000      1.0690000      1.0690000      1.0690000      1.0690000      1.0690000      1.0690000      1.0690000      1.0690000      1.0690000      1.0690000      1.0690000      1.0690000      1.0690000      1.0690000      1.0690000      1.0690000      1.0690000      1.0690000      1.0690000      1.0690000      1.0690000      1.0690000      1.0690000      1.0690000      1.0690000      1.0690000      1.0690000      1.0690000      1.0690000      1.0690000      1.0690000      1.0690000      1.0690000      1.0690000      1.0690000      1.0690000      1.0690000      1.0690000      1.0690000      1.0690000      1.0690000      1.0690000      1.0690000      1.0690000      1.0690000      1.0690000      1.0690000      1.0690000      1.0690000      1.0690000      1.0690000      1.0690000      1.0690000      1.0690000      1.0690000      1.0690000      1.0690000      1.0690000      1.0690000      1.0690000      1.0690000      1.0690000      1.0690000      1.0690000    
  1.0690000      1.0690000      1.0690000      1.0690000      1.0690000      1.0690000      1.0690000      1.0690000      1.0690000      1.0690000      1.0690000      1.0690000      1.0690000      1.0690000      1.0690000      1.0690000      1.0690000      1.0690000      1.0690000      1.0690000      1.0690000      1.0690000      1.0690000      1.0690000      1.0690000      1.0690000      1.0690000      1.0690000      1.0690000      1.0690000      1.0690000      1.0690000      1.0690000      1.0690000      1.0690000      1.0690000      1.0690000      1.0690000      1.0690000      1.0690000      1.0690000      1.0690000      1.0690000      1.0690000      1.0690000      1.0690000      1.0690000      1.0690000      1.0690000      1.0690000      1.0690000      1.0690000      1.0690000      1.0690000      1.0690000      1.0690000      1.0690000      1.0690000      1.0690000      1.0690000      1.0690000      1.0690000      1.0690000      1.0690000      1.0690000      1.0690000      1.0690000      1.0690000      1.0690000      1.0690000      1.0690000      1.0690000      1.0690000      1.0690000      1.0690000      1.0690000      1.0690000      1.0690000      1.0690000      1.0690000      1.0690000      1.0690000      1.0690000      1.0690000      1.0690000      1.0690000      1.0690000    
  1.0690000      1.0690000      1.0690000      1.0690000      1.0690000      1.0690000      1.0690000      1.0690000      1.0690000      1.0690000      1.0690000      1.0690000      1.0690000      1.0690000      1.0690000      1.0690000      1.0690000      1.0690000      1.0690000      1.0690000      1.0690000      1.0690000      1.0690000      1.0690000      1.0690000      1.0690000      1.0690000      1.0690000      1.0690000      1.0690000      1.0690000      1.0690000      1.0690000      1.0690000      1.0690000      1.0690000      1.0690000      1.0690000      1.0690000      1.0690000      1.0690000      1.0690000      1.0690000      1.0690000      1.0690000      1.0690000      1.0690000      1.0690000      1.0690000      1.0690000      1.0690000      1.0690000      1.0690000      1.0690000      1.0690000      1.0690000      1.0690000      1.0690000      1.0690000      1.0690000      1.0690000      1.0690000      1.0690000      1.0690000      1.0690000      1.0690000      1.0690000      1.0690000      1.0690000      1.0690000      1.0690000      1.0690000      1.0690000      1.0690000      1.0690000      1.0690000      1.0690000      1.0690000      1.0690000      1.0690000      1.0690000      1.0690000      1.0690000      1.0690000      1.0690000      1.0690000      1.0690000    
  1.0690000      1.0690000      1.0690000      1.0690000      1.0690000      1.0690000      1.0690000      1.0690000      1.0690000      1.0690000      1.0690000      1.0690000      1.0690000      1.0690000      1.0690000      1.0690000      1.0690000      1.0690000      1.0690000      1.0690000      1.0690000      1.0690000      1.0690000      1.0690000      1.0690000      1.0690000      1.0690000      1.0690000      1.0690000      1.0690000      1.0690000      1.0690000      1.0690000      1.0690000      1.0690000      1.0690000      1.0690000      1.0690000      1.0690000      1.0690000      1.0690000      1.0690000      1.0690000      1.0690000      1.0690000      1.0690000      1.0690000      1.0690000      1.0690000      1.0690000      1.0690000      1.0690000      1.0690000      1.0690000      1.0690000      1.0690000      1.0690000      1.0690000      1.0690000      1.0690000      1.0690000      1.0690000      1.0690000      1.0690000      1.0690000      1.0690000      1.0690000      1.0690000      1.0690000      1.0690000      1.0690000      1.0690000      1.0690000      1.0690000      1.0690000      1.0690000      1.0690000      1.0690000      1.0690000      1.0690000      1.0690000      1.0690000      1.0690000      1.0690000      1.0690000      1.0690000      1.0690000    
  1.0690000      1.0690000      1.0690000      1.0690000      1.0690000      1.0690000      1.0690000      1.0690000      1.0690000      1.0690000      1.0690000      1.0690000      1.0690000      1.0690000      1.0690000      1.0690000      1.0690000      1.0690000      1.0690000      1.0690000      1.0690000      1.0690000      1.0690000      1.0690000      1.0690000      1.0690000      1.0690000      1.0690000      1.0690000      1.0690000      1.0690000      1.0690000      1.0690000      1.0690000      1.0690000      1.0690000      1.0690000      1.0690000      1.0690000      1.0690000      1.0690000      1.0690000      1.0690000      1.0690000      1.0690000      1.0690000      1.0690000      1.0690000      1.0690000      1.0690000      1.0690000      1.0690000      1.0690000      1.0690000      1.0690000      1.0690000      1.0690000      1.0690000      1.0690000      1.0690000      1.0690000      1.0690000      1.0690000      1.0690000      1.0690000      1.0690000      1.0690000      1.0690000      1.0690000      1.0690000      1.0690000      1.0690000      1.0690000      1.0690000      1.0690000      1.0690000      1.0690000      1.0690000      1.0690000      1.0690000      1.0690000      1.0690000      1.0690000      1.0690000      1.0690000      1.0690000      1.0690000    
  1.0690000      1.0690000      1.0690000      1.0690000      1.0690000      1.0690000      1.0690000      1.0690000      1.0690000      1.0690000      1.0690000      1.0690000      1.0690000      1.0690000      1.0690000      1.0690000      1.0690000      1.0690000      1.0690000      1.0690000      1.0690000      1.0690000      1.0690000      1.0690000      1.0690000      1.0690000      1.0690000      1.0690000      1.0690000      1.0690000      1.0690000      1.0690000      1.0690000      1.0690000      1.0690000      1.0690000      1.0690000      1.0690000      1.0690000      1.0690000      1.0690000      1.0690000      1.0690000      1.0690000      1.0690000      1.0690000      1.0690000      1.0690000      1.0690000      1.0690000      1.0690000      1.0690000      1.0690000      1.0690000      1.0690000      1.0690000      1.0690000      1.0690000      1.0690000      1.0690000      1.0690000      1.0690000      1.0690000      1.0690000      1.0690000      1.0690000      1.0690000      1.0690000      1.0690000      1.0690000      1.0690000      1.0690000      1.0690000      1.0690000      1.0690000      1.0690000      1.0690000      1.0690000      1.0690000      1.0690000      1.0690000      1.0690000      1.0690000      1.0690000      1.0690000      1.0690000      1.0690000    
  1.0690000      1.0690000      1.0690000      1.0690000      1.0690000      1.0690000      1.0690000      1.0690000      1.0690000      1.0690000      1.0690000      1.0690000      1.0690000      1.0690000      1.0690000      1.0690000      1.0690000      1.0690000      1.0690000      1.0690000      1.0690000      1.0690000      1.0690000      1.0690000      1.0690000      1.0690000      1.0690000      1.0690000      1.0690000      1.0690000      1.0690000      1.0690000      1.0690000      1.0690000      1.0690000      1.0690000      1.0690000      1.0690000      1.0690000      1.0690000      1.0690000      1.0690000      1.0690000      1.0690000      1.0690000      1.0690000      1.0690000      1.0690000      1.0690000      1.0690000      1.0690000      1.0690000      1.0690000      1.0690000      1.0690000      1.0690000      1.0690000      1.0690000      1.0690000      1.0690000      1.0690000      1.0690000      1.0690000      1.0690000      1.0690000      1.0690000      1.0690000      1.0690000      1.0690000      1.0690000      1.0690000      1.0690000      1.0690000      1.0690000      1.0690000      1.0690000      1.0690000      1.0690000      1.0690000      1.0690000      1.0690000      1.0690000      1.0690000      1.0690000      1.0690000      1.0690000      1.0690000    
  1.0690000      1.0690000      1.0690000      1.0690000      1.0690000      1.0690000      1.0690000      1.0690000      1.0690000      1.0690000      1.0690000      1.0690000      1.0690000      1.0690000      1.0690000      1.0690000      1.0690000      1.0690000      1.0690000      1.0690000      1.0690000      1.0690000      1.0690000      1.0690000      1.0690000      1.0690000      1.0690000      1.0690000      1.0690000      1.0690000      1.0690000      1.0690000      1.0690000      1.0690000      1.0690000      1.0690000      1.0690000      1.0690000      1.0690000      1.0690000      1.0690000      1.0690000      1.0690000      1.0690000      1.0690000      1.0690000      1.0690000      1.0690000      1.0690000      1.0690000      1.0690000      1.0690000      1.0690000      1.0690000      1.0690000      1.0690000      1.0690000      1.0690000      1.0690000      1.0690000      1.0690000      1.0690000      1.0690000      1.0690000      1.0690000      1.0690000      1.0690000      1.0690000      1.0690000      1.0690000      1.0690000      1.0690000      1.0690000      1.0690000      1.0690000      1.0690000      1.0690000      1.0690000      1.0690000      1.0690000      1.0690000      1.0690000      1.0690000      1.0690000      1.0690000      1.0690000      1.0690000    
  1.0690000      1.0690000      1.0690000      1.0690000      1.0690000      1.0690000      1.0690000      1.0690000      1.0690000      1.0690000      1.0690000      1.0690000      1.0690000      1.0690000      1.0690000      1.0690000      1.0690000      1.0690000      1.0690000      1.0690000      1.0690000      1.0690000      1.0690000      1.0690000      1.0690000      1.0690000      1.0690000      1.0690000      1.0690000      1.0690000      1.0690000      1.0690000      1.0690000      1.0690000      1.0690000      1.0690000      1.0690000      1.0690000      1.0690000      1.0690000      1.0690000      1.0690000      1.0690000      1.0690000      1.0690000      1.0690000      1.0690000      1.0690000      1.0690000      1.0690000      1.0690000      1.0690000      1.0690000      1.0690000      1.0690000      1.0690000      1.0690000      1.0690000      1.0690000      1.0690000      1.0690000      1.0690000      1.0690000      1.0690000      1.0690000      1.0690000      1.0690000      1.0690000      1.0690000      1.0690000      1.0690000      1.0690000      1.0690000      1.0690000      1.0690000      1.0690000      1.0690000      1.0690000      1.0690000      1.0690000      1.0690000      1.0690000      1.0690000      1.0690000      1.0690000      1.0690000      1.0690000    
  1.0690000      1.0690000      1.0690000      1.0690000      1.0690000      1.0690000      1.0690000      1.0690000      1.0690000      1.0690000      1.0690000      1.0690000      1.0690000      1.0690000      1.0690000      1.0690000      1.0690000      1.0690000      1.0690000      1.0690000      1.0690000      1.0690000      1.0690000      1.0690000      1.0690000      1.0690000      1.0690000      1.0690000      1.0690000      1.0690000      1.0690000      1.0690000      1.0690000      1.0690000      1.0690000      1.0690000      1.0690000      1.0690000      1.0690000      1.0690000      1.0690000      1.0690000      1.0690000      1.0690000      1.0690000      1.0690000      1.0690000      1.0690000      1.0690000      1.0690000      1.0690000      1.0690000      1.0690000      1.0690000      1.0690000      1.0690000      1.0690000      1.0690000      1.0690000      1.0690000      1.0690000      1.0690000      1.0690000      1.0690000      1.0690000      1.0690000      1.0690000      1.0690000      1.0690000      1.0690000      1.0690000      1.0690000      1.0690000      1.0690000      1.0690000      1.0690000      1.0690000      1.0690000      1.0690000      1.0690000      1.0690000      1.0690000      1.0690000      1.0690000      1.0690000      1.0690000      1.0690000    
  1.0690000      1.0690000      1.0690000      1.0690000      1.0690000      1.0690000      1.0690000      1.0690000      1.0690000      1.0690000      1.0690000      1.0690000      1.0690000      1.0690000      1.0690000      1.0690000      1.0690000      1.0690000      1.0690000      1.0690000      1.0690000      1.0690000      1.0690000      1.0690000      1.0690000      1.0690000      1.0690000      1.0690000      1.0690000      1.0690000      1.0690000      1.0690000      1.0690000      1.0690000      1.0690000      1.0690000      1.0690000      1.0690000      1.0690000      1.0690000      1.0690000      1.0690000      1.0690000      1.0690000      1.0690000      1.0690000      1.0690000      1.0690000      1.0690000      1.0690000      1.0690000      1.0690000      1.0690000      1.0690000      1.0690000      1.0690000      1.0690000      1.0690000      1.0690000      1.0690000      1.0690000      1.0690000      1.0690000      1.0690000      1.0690000      1.0690000      1.0690000      1.0690000      1.0690000      1.0690000      1.0690000      1.0690000      1.0690000      1.0690000      1.0690000      1.0690000      1.0690000      1.0690000      1.0690000      1.0690000      1.0690000      1.0690000      1.0690000      1.0690000      1.0690000      1.0690000      1.0690000    
  1.0690000      1.0690000      1.0690000      1.0690000      1.0690000      1.0690000      1.0690000      1.0690000      1.0690000      1.0690000      1.0690000      1.0690000      1.0690000      1.0690000      1.0690000      1.0690000      1.0690000      1.0690000      1.0690000      1.0690000      1.0690000      1.0690000      1.0690000      1.0690000      1.0690000      1.0690000      1.0690000      1.0690000      1.0690000      1.0690000      1.0690000      1.0690000      1.0690000      1.0690000      1.0690000      1.0690000      1.0690000      1.0690000      1.0690000      1.0690000      1.0690000      1.0690000      1.0690000      1.0690000      1.0690000      1.0690000      1.0690000      1.0690000      1.0690000      1.0690000      1.0690000      1.0690000      1.0690000      1.0690000      1.0690000      1.0690000      1.0690000      1.0690000      1.0690000      1.0690000      1.0690000      1.0690000      1.0690000      1.0690000      1.0690000      1.0690000      1.0690000      1.0690000      1.0690000      1.0690000      1.0690000      1.0690000      1.0690000      1.0690000      1.0690000      1.0690000      1.0690000      1.0690000      1.0690000      1.0690000      1.0690000      1.0690000      1.0690000      1.0690000      1.0690000      1.0690000      1.0690000    
  1.0690000      1.0690000      1.0690000      1.0690000      1.0690000      1.0690000      1.0690000      1.0690000      1.0690000      1.0690000      1.0690000      1.0690000      1.0690000      1.0690000      1.0690000      1.0690000      1.0690000      1.0690000      1.0690000      1.0690000      1.0690000      1.0690000      1.0690000      1.0690000      1.0690000      1.0690000      1.0690000      1.0690000      1.0690000      1.0690000      1.0690000      1.0690000      1.0690000      1.0690000      1.0690000      1.0690000      1.0690000      1.0690000      1.0690000      1.0690000      1.0690000      1.0690000      1.0690000      1.0690000      1.0690000      1.0690000      1.0690000      1.0690000      1.0690000      1.0690000      1.0690000      1.0690000      1.0690000      1.0690000      1.0690000      1.0690000      1.0690000      1.0690000      1.0690000      1.0690000      1.0690000      1.0690000      1.0690000      1.0690000      1.0690000      1.0690000      1.0690000      1.0690000      1.0690000      1.0690000      1.0690000      1.0690000      1.0690000      1.0690000      1.0690000      1.0690000      1.0690000      1.0690000      1.0690000      1.0690000      1.0690000      1.0690000      1.0690000      1.0690000      1.0690000      1.0690000      1.0690000    
  1.0690000      1.0690000      1.0690000      1.0690000      1.0690000      1.0690000      1.0690000      1.0690000      1.0690000      1.0690000      1.0690000      1.0690000      1.0690000      1.0690000      1.0690000      1.0690000      1.0690000      1.0690000      1.0690000      1.0690000      1.0690000      1.0690000      1.0690000      1.0690000      1.0690000      1.0690000      1.0690000      1.0690000      1.0690000      1.0690000      1.0690000      1.0690000      1.0690000      1.0690000      1.0690000      1.0690000      1.0690000      1.0690000      1.0690000      1.0690000      1.0690000      1.0690000      1.0690000      1.0690000      1.0690000      1.0690000      1.0690000      1.0690000      1.0690000      1.0690000      1.0690000      1.0690000      1.0690000      1.0690000      1.0690000      1.0690000      1.0690000      1.0690000      1.0690000      1.0690000      1.0690000      1.0690000      1.0690000      1.0690000      1.0690000      1.0690000      1.0690000      1.0690000      1.0690000      1.0690000      1.0690000      1.0690000      1.0690000      1.0690000      1.0690000      1.0690000      1.0690000      1.0690000      1.0690000      1.0690000      1.0690000      1.0690000      1.0690000      1.0690000      1.0690000      1.0690000      1.0690000    
  1.0690000      1.0690000      1.0690000      1.0690000      1.0690000      1.0690000      1.0690000      1.0690000      1.0690000      1.0690000      1.0690000      1.0690000      1.0690000      1.0690000      1.0690000      1.0690000      1.0690000      1.0690000      1.0690000      1.0690000      1.0690000      1.0690000      1.0690000      1.0690000      1.0690000      1.0690000      1.0690000      1.0690000      1.0690000      1.0690000      1.0690000      1.0690000      1.0690000      1.0690000      1.0690000      1.0690000      1.0690000      1.0690000      1.0690000      1.0690000      1.0690000      1.0690000      1.0690000      1.0690000      1.0690000      1.0690000      1.0690000      1.0690000      1.0690000      1.0690000      1.0690000      1.0690000      1.0690000      1.0690000      1.0690000      1.0690000      1.0690000      1.0690000      1.0690000      1.0690000      1.0690000      1.0690000      1.0690000      1.0690000      1.0690000      1.0690000      1.0690000      1.0690000      1.0690000      1.0690000      1.0690000      1.0690000      1.0690000      1.0690000      1.0690000      1.0690000      1.0690000      1.0690000      1.0690000      1.0690000      1.0690000      1.0690000      1.0690000      1.0690000      1.0690000      1.0690000      1.0690000    
  1.0690000      1.0690000      1.0690000      1.0690000      1.0690000      1.0690000      1.0690000      1.0690000      1.0690000      1.0690000      1.0690000      1.0690000      1.0690000      1.0690000      1.0690000      1.0690000      1.0690000      1.0690000      1.0690000      1.0690000      1.0690000      1.0690000      1.0690000      1.0690000      1.0690000      1.0690000      1.0690000      1.0690000      1.0690000      1.0690000      1.0690000      1.0690000      1.0690000      1.0690000      1.0690000      1.0690000      1.0690000      1.0690000      1.0690000      1.0690000      1.0690000      1.0690000      1.0690000      1.0690000      1.0690000      1.0690000      1.0690000      1.0690000      1.0690000      1.0690000      1.0690000      1.0690000      1.0690000      1.0690000      1.0690000      1.0690000      1.0690000      1.0690000      1.0690000      1.0690000      1.0690000      1.0690000      1.0690000      1.0690000      1.0690000      1.0690000      1.0690000      1.0690000      1.0690000      1.0690000      1.0690000      1.0690000      1.0690000      1.0690000      1.0690000      1.0690000      1.0690000      1.0690000      1.0690000      1.0690000      1.0690000      1.0690000      1.0690000      1.0690000      1.0690000      1.0690000      1.0690000    
  1.0690000      1.0690000      1.0690000      1.0690000      1.0690000      1.0690000      1.0690000      1.0690000      1.0690000      1.0690000      1.0690000      1.0690000      1.0690000      1.0690000      1.0690000      1.0690000      1.0690000      1.0690000      1.0690000      1.0690000      1.0690000      1.0690000      1.0690000      1.0690000      1.0690000      1.0690000      1.0690000      1.0690000      1.0690000      1.0690000      1.0690000      1.0690000      1.0690000      1.0690000      1.0690000      1.0690000      1.0690000      1.0690000      1.0690000      1.0690000      1.0690000      1.0690000      1.0690000      1.0690000      1.0690000      1.0690000      1.0690000      1.0690000      1.0690000      1.0690000      1.0690000      1.0690000      1.0690000      1.0690000      1.0690000      1.0690000      1.0690000      1.0690000      1.0690000      1.0690000      1.0690000      1.0690000      1.0690000      1.0690000      1.0690000      1.0690000      1.0690000      1.0690000      1.0690000      1.0690000      1.0690000      1.0690000      1.0690000      1.0690000      1.0690000      1.0690000      1.0690000      1.0690000      1.0690000      1.0690000      1.0690000      1.0690000      1.0690000      1.0690000      1.0690000      1.0690000      1.0690000    
  1.0690000      1.0690000      1.0690000      1.0690000      1.0690000      1.0690000      1.0690000      1.0690000      1.0690000      1.0690000      1.0690000      1.0690000      1.0690000      1.0690000      1.0690000      1.0690000      1.0690000      1.0690000      1.0690000      1.0690000      1.0690000      1.0690000      1.0690000      1.0690000      1.0690000      1.0690000      1.0690000      1.0690000      1.0690000      1.0690000      1.0690000      1.0690000      1.0690000      1.0690000      1.0690000      1.0690000      1.0690000      1.0690000      1.0690000      1.0690000      1.0690000      1.0690000      1.0690000      1.0690000      1.0690000      1.0690000      1.0690000      1.0690000      1.0690000      1.0690000      1.0690000      1.0690000      1.0690000      1.0690000      1.0690000      1.0690000      1.0690000      1.0690000      1.0690000      1.0690000      1.0690000      1.0690000      1.0690000      1.0690000      1.0690000      1.0690000      1.0690000      1.0690000      1.0690000      1.0690000      1.0690000      1.0690000      1.0690000      1.0690000      1.0690000      1.0690000      1.0690000      1.0690000      1.0690000      1.0690000      1.0690000      1.0690000      1.0690000      1.0690000      1.0690000      1.0690000      1.0690000    
  1.0690000      1.0690000      1.0690000      1.0690000      1.0690000      1.0690000      1.0690000      1.0690000      1.0690000      1.0690000      1.0690000      1.0690000      1.0690000      1.0690000      1.0690000      1.0690000      1.0690000      1.0690000      1.0690000      1.0690000      1.0690000      1.0690000      1.0690000      1.0690000      1.0690000      1.0690000      1.0690000      1.0690000      1.0690000      1.0690000      1.0690000      1.0690000      1.0690000      1.0690000      1.0690000      1.0690000      1.0690000      1.0690000      1.0690000      1.0690000      1.0690000      1.0690000      1.0690000      1.0690000      1.0690000      1.0690000      1.0690000      1.0690000      1.0690000      1.0690000      1.0690000      1.0690000      1.0690000      1.0690000      1.0690000      1.0690000      1.0690000      1.0690000      1.0690000      1.0690000      1.0690000      1.0690000      1.0690000      1.0690000      1.0690000      1.0690000      1.0690000      1.0690000      1.0690000      1.0690000      1.0690000      1.0690000      1.0690000      1.0690000      1.0690000      1.0690000      1.0690000      1.0690000      1.0690000      1.0690000      1.0690000      1.0690000      1.0690000      1.0690000      1.0690000      1.0690000      1.0690000    
  1.0690000      1.0690000      1.0690000      1.0690000      1.0690000      1.0690000      1.0690000      1.0690000      1.0690000      1.0690000      1.0690000      1.0690000      1.0690000      1.0690000      1.0690000      1.0690000      1.0690000      1.0690000      1.0690000      1.0690000      1.0690000      1.0690000      1.0690000      1.0690000      1.0690000      1.0690000      1.0690000      1.0690000      1.0690000      1.0690000      1.0690000      1.0690000      1.0690000      1.0690000      1.0690000      1.0690000      1.0690000      1.0690000      1.0690000      1.0690000      1.0690000      1.0690000      1.0690000      1.0690000      1.0690000      1.0690000      1.0690000      1.0690000      1.0690000      1.0690000      1.0690000      1.0690000      1.0690000      1.0690000      1.0690000      1.0690000      1.0690000      1.0690000      1.0690000      1.0690000      1.0690000      1.0690000      1.0690000      1.0690000      1.0690000      1.0690000      1.0690000      1.0690000      1.0690000      1.0690000      1.0690000      1.0690000      1.0690000      1.0690000      1.0690000      1.0690000      1.0690000      1.0690000      1.0690000      1.0690000      1.0690000      1.0690000      1.0690000      1.0690000      1.0690000      1.0690000      1.0690000    
  1.0690000      1.0690000      1.0690000      1.0690000      1.0690000      1.0690000      1.0690000      1.0690000      1.0690000      1.0690000      1.0690000      1.0690000      1.0690000      1.0690000      1.0690000      1.0690000      1.0690000      1.0690000      1.0690000      1.0690000      1.0690000      1.0690000      1.0690000      1.0690000      1.0690000      1.0690000      1.0690000      1.0690000      1.0690000      1.0690000      1.0690000      1.0690000      1.0690000      1.0690000      1.0690000      1.0690000      1.0690000      1.0690000      1.0690000      1.0690000      1.0690000      1.0690000      1.0690000      1.0690000      1.0690000      1.0690000      1.0690000      1.0690000      1.0690000      1.0690000      1.0690000      1.0690000      1.0690000      1.0690000      1.0690000      1.0690000      1.0690000      1.0690000      1.0690000      1.0690000      1.0690000      1.0690000      1.0690000      1.0690000      1.0690000      1.0690000      1.0690000      1.0690000      1.0690000      1.0690000      1.0690000      1.0690000      1.0690000      1.0690000      1.0690000      1.0690000      1.0690000      1.0690000      1.0690000      1.0690000      1.0690000      1.0690000      1.0690000      1.0690000      1.0690000      1.0690000      1.0690000    
  1.0690000      1.0690000      1.0690000      1.0690000      1.0690000      1.0690000      1.0690000      1.0690000      1.0690000      1.0690000      1.0690000      1.0690000      1.0690000      1.0690000      1.0690000      1.0690000      1.0690000      1.0690000      1.0690000      1.0690000      1.0690000      1.0690000      1.0690000      1.0690000      1.0690000      1.0690000      1.0690000      1.0690000      1.0690000      1.0690000      1.0690000      1.0690000      1.0690000      1.0690000      1.0690000      1.0690000      1.0690000      1.0690000      1.0690000      1.0690000      1.0690000      1.0690000      1.0690000      1.0690000      1.0690000      1.0690000      1.0690000      1.0690000      1.0690000      1.0690000      1.0690000      1.0690000      1.0690000      1.0690000      1.0690000      1.0690000      1.0690000      1.0690000      1.0690000      1.0690000      1.0690000      1.0690000      1.0690000      1.0690000      1.0690000      1.0690000      1.0690000      1.0690000      1.0690000      1.0690000      1.0690000      1.0690000      1.0690000      1.0690000      1.0690000      1.0690000      1.0690000      1.0690000      1.0690000      1.0690000      1.0690000      1.0690000      1.0690000      1.0690000      1.0690000      1.0690000      1.0690000    
  1.0690000      1.0690000      1.0690000      1.0690000      1.0690000      1.0690000      1.0690000      1.0690000      1.0690000      1.0690000      1.0690000      1.0690000      1.0690000      1.0690000      1.0690000      1.0690000      1.0690000      1.0690000      1.0690000      1.0690000      1.0690000      1.0690000      1.0690000      1.0690000      1.0690000      1.0690000      1.0690000      1.0690000      1.0690000      1.0690000      1.0690000      1.0690000      1.0690000      1.0690000      1.0690000      1.0690000      1.0690000      1.0690000      1.0690000      1.0690000      1.0690000      1.0690000      1.0690000      1.0690000      1.0690000      1.0690000      1.0690000      1.0690000      1.0690000      1.0690000      1.0690000      1.0690000      1.0690000      1.0690000      1.0690000      1.0690000      1.0690000      1.0690000      1.0690000      1.0690000      1.0690000      1.0690000      1.0690000      1.0690000      1.0690000      1.0690000      1.0690000      1.0690000      1.0690000      1.0690000      1.0690000      1.0690000      1.0690000      1.0690000      1.0690000      1.0690000      1.0690000      1.0690000      1.0690000      1.0690000      1.0690000      1.0690000      1.0690000      1.0690000      1.0690000      1.0690000      1.0690000    
  1.0690000      1.0690000      1.0690000      1.0690000      1.0690000      1.0690000      1.0690000      1.0690000      1.0690000      1.0690000      1.0690000      1.0690000      1.0690000      1.0690000      1.0690000      1.0690000      1.0690000      1.0690000      1.0690000      1.0690000      1.0690000      1.0690000      1.0690000      1.0690000      1.0690000      1.0690000      1.0690000      1.0690000      1.0690000      1.0690000      1.0690000      1.0690000      1.0690000      1.0690000      1.0690000      1.0690000      1.0690000      1.0690000      1.0690000      1.0690000      1.0690000      1.0690000      1.0690000      1.0690000      1.0690000      1.0690000      1.0690000      1.0690000      1.0690000      1.0690000      1.0690000      1.0690000      1.0690000      1.0690000      1.0690000      1.0690000      1.0690000      1.0690000      1.0690000      1.0690000      1.0690000      1.0690000      1.0690000      1.0690000      1.0690000      1.0690000      1.0690000      1.0690000      1.0690000      1.0690000      1.0690000      1.0690000      1.0690000      1.0690000      1.0690000      1.0690000      1.0690000      1.0690000      1.0690000      1.0690000      1.0690000      1.0690000      1.0690000      1.0690000      1.0690000      1.0690000      1.0690000    
  1.0690000      1.0690000      1.0690000      1.0690000      1.0690000      1.0690000      1.0690000      1.0690000      1.0690000      1.0690000      1.0690000      1.0690000      1.0690000      1.0690000      1.0690000      1.0690000      1.0690000      1.0690000      1.0690000      1.0690000      1.0690000      1.0690000      1.0690000      1.0690000      1.0690000      1.0690000      1.0690000      1.0690000      1.0690000      1.0690000      1.0690000      1.0690000      1.0690000      1.0690000      1.0690000      1.0690000      1.0690000      1.0690000      1.0690000      1.0690000      1.0690000      1.0690000      1.0690000      1.0690000      1.0690000      1.0690000      1.0690000      1.0690000      1.0690000      1.0690000      1.0690000      1.0690000      1.0690000      1.0690000      1.0690000      1.0690000      1.0690000      1.0690000      1.0690000      1.0690000      1.0690000      1.0690000      1.0690000      1.0690000      1.0690000      1.0690000      1.0690000      1.0690000      1.0690000      1.0690000      1.0690000      1.0690000      1.0690000      1.0690000      1.0690000      1.0690000      1.0690000      1.0690000      1.0690000      1.0690000      1.0690000      1.0690000      1.0690000      1.0690000      1.0690000      1.0690000      1.0690000    
  1.0690000      1.0690000      1.0690000      1.0690000      1.0690000      1.0690000      1.0690000      1.0690000      1.0690000      1.0690000      1.0690000      1.0690000      1.0690000      1.0690000      1.0690000      1.0690000      1.0690000      1.0690000      1.0690000      1.0690000      1.0690000      1.0690000      1.0690000      1.0690000      1.0690000      1.0690000      1.0690000      1.0690000      1.0690000      1.0690000      1.0690000      1.0690000      1.0690000      1.0690000      1.0690000      1.0690000      1.0690000      1.0690000      1.0690000      1.0690000      1.0690000      1.0690000      1.0690000      1.0690000      1.0690000      1.0690000      1.0690000      1.0690000      1.0690000      1.0690000      1.0690000      1.0690000      1.0690000      1.0690000      1.0690000      1.0690000      1.0690000      1.0690000      1.0690000      1.0690000      1.0690000      1.0690000      1.0690000      1.0690000      1.0690000      1.0690000      1.0690000      1.0690000      1.0690000      1.0690000      1.0690000      1.0690000      1.0690000      1.0690000      1.0690000      1.0690000      1.0690000      1.0690000      1.0690000      1.0690000      1.0690000      1.0690000      1.0690000      1.0690000      1.0690000      1.0690000      1.0690000    
  1.0690000      1.0690000      1.0690000      1.0690000      1.0690000      1.0690000      1.0690000      1.0690000      1.0690000      1.0690000      1.0690000      1.0690000      1.0690000      1.0690000      1.0690000      1.0690000      1.0690000      1.0690000      1.0690000      1.0690000      1.0690000      1.0690000      1.0690000      1.0690000      1.0690000      1.0690000      1.0690000      1.0690000      1.0690000      1.0690000      1.0690000      1.0690000      1.0690000      1.0690000      1.0690000      1.0690000      1.0690000      1.0690000      1.0690000      1.0690000      1.0690000      1.0690000      1.0690000      1.0690000      1.0690000      1.0690000      1.0690000      1.0690000      1.0690000      1.0690000      1.0690000      1.0690000      1.0690000      1.0690000      1.0690000      1.0690000      1.0690000      1.0690000      1.0690000      1.0690000      1.0690000      1.0690000      1.0690000      1.0690000      1.0690000      1.0690000      1.0690000      1.0690000      1.0690000      1.0690000      1.0690000      1.0690000      1.0690000      1.0690000      1.0690000      1.0690000      1.0690000      1.0690000      1.0690000      1.0690000      1.0690000      1.0690000      1.0690000      1.0690000      1.0690000      1.0690000      1.0690000    
