 0.10000000E-02 0.10000000E-02 0.10000000E-02 0.10000000E-02 0.10000000E-02 0.10000000E-02 0.10000000E-02 0.10000000E-02 0.10000000E-02 0.10000000E-02 0.10000000E-02 0.10000000E-02 0.10000000E-02 0.10000000E-02 0.10000000E-02 0.10000000E-02 0.10000010E-02 0.10000000E-02 0.10000010E-02 0.10000000E-02 0.10000000E-02 0.10000000E-02 0.10000000E-02 0.10000000E-02 0.10000000E-02 0.99999947E-03 0.10000000E-02 0.10000010E-02 0.10000000E-02 0.10000000E-02 0.10000000E-02 0.10000000E-02 0.10000000E-02 0.10000000E-02 0.10000000E-02 0.10000000E-02 0.10000000E-02 0.10000000E-02 0.10000000E-02 0.10000000E-02 0.10000000E-02 0.10000000E-02 0.10000010E-02 0.10000000E-02 0.10000010E-02 0.10000000E-02 0.10000000E-02 0.10000000E-02 0.10000000E-02 0.10000000E-02 0.10000000E-02 0.10000000E-02 0.10000000E-02 0.10000000E-02 0.10000000E-02 0.10000000E-02 0.10000000E-02 0.10000000E-02 0.10000000E-02 0.10000010E-02 0.10000000E-02 0.99999947E-03 0.10000000E-02 0.10000000E-02 0.10000000E-02 0.10000000E-02 0.10000000E-02 0.10000000E-02 0.10000010E-02 0.10000000E-02 0.10000010E-02 0.10000000E-02 0.10000000E-02 0.10000000E-02 0.10000000E-02 0.10000000E-02 0.10000000E-02 0.10000000E-02 0.10000000E-02 0.10000000E-02 0.10000000E-02 0.10000000E-02 0.10000000E-02 0.10000000E-02 0.10000000E-02 0.10000000E-02 0.10000000E-02
 0.10000000E-02 0.10000000E-02 0.10000000E-02 0.10000000E-02 0.10000000E-02 0.99999947E-03 0.10000000E-02 0.10000000E-02 0.10000010E-02 0.10000000E-02 0.10000000E-02 0.10000000E-02 0.10000000E-02 0.10000000E-02 0.10000000E-02 0.10000000E-02 0.10000000E-02 0.10000000E-02 0.10000000E-02 0.10000000E-02 0.10000000E-02 0.10000000E-02 0.10000010E-02 0.10000010E-02 0.10000000E-02 0.10000000E-02 0.10000010E-02 0.10000000E-02 0.99999947E-03 0.10000000E-02 0.10000000E-02 0.10000000E-02 0.10000010E-02 0.10000000E-02 0.10000000E-02 0.10000000E-02 0.99999947E-03 0.10000000E-02 0.99999947E-03 0.10000000E-02 0.10000000E-02 0.99999947E-03 0.99999947E-03 0.10000000E-02 0.99999947E-03 0.99999947E-03 0.10000000E-02 0.10000000E-02 0.99999947E-03 0.10000000E-02 0.99999947E-03 0.10000000E-02 0.10000000E-02 0.10000000E-02 0.10000010E-02 0.10000000E-02 0.10000000E-02 0.10000000E-02 0.99999947E-03 0.10000000E-02 0.10000010E-02 0.10000000E-02 0.10000000E-02 0.10000010E-02 0.10000010E-02 0.10000000E-02 0.10000000E-02 0.10000000E-02 0.10000000E-02 0.10000000E-02 0.10000000E-02 0.10000000E-02 0.10000000E-02 0.10000000E-02 0.10000000E-02 0.10000000E-02 0.10000000E-02 0.10000000E-02 0.10000010E-02 0.10000000E-02 0.10000000E-02 0.99999947E-03 0.10000000E-02 0.10000000E-02 0.10000000E-02 0.10000000E-02 0.10000000E-02
 0.10000000E-02 0.10000000E-02 0.10000000E-02 0.10000000E-02 0.10000000E-02 0.10000000E-02 0.10000000E-02 0.10000000E-02 0.10000000E-02 0.10000000E-02 0.10000000E-02 0.10000000E-02 0.10000000E-02 0.10000000E-02 0.10000000E-02 0.10000000E-02 0.10000010E-02 0.10000000E-02 0.10000010E-02 0.10000000E-02 0.10000000E-02 0.10000000E-02 0.10000000E-02 0.10000000E-02 0.10000000E-02 0.99999947E-03 0.10000000E-02 0.10000010E-02 0.10000000E-02 0.10000000E-02 0.10000000E-02 0.10000000E-02 0.10000000E-02 0.10000000E-02 0.10000000E-02 0.10000000E-02 0.10000000E-02 0.10000000E-02 0.10000000E-02 0.10000000E-02 0.10000000E-02 0.10000000E-02 0.10000010E-02 0.10000000E-02 0.10000010E-02 0.10000000E-02 0.10000000E-02 0.10000000E-02 0.10000000E-02 0.10000000E-02 0.10000000E-02 0.10000000E-02 0.10000000E-02 0.10000000E-02 0.10000000E-02 0.10000000E-02 0.10000000E-02 0.10000000E-02 0.10000000E-02 0.10000010E-02 0.10000000E-02 0.99999947E-03 0.10000000E-02 0.10000000E-02 0.10000000E-02 0.10000000E-02 0.10000000E-02 0.10000000E-02 0.10000010E-02 0.10000000E-02 0.10000010E-02 0.10000000E-02 0.10000000E-02 0.10000000E-02 0.10000000E-02 0.10000000E-02 0.10000000E-02 0.10000000E-02 0.10000000E-02 0.10000000E-02 0.10000000E-02 0.10000000E-02 0.10000000E-02 0.10000000E-02 0.10000000E-02 0.10000000E-02 0.10000000E-02
 0.10000000E-02 0.10000000E-02 0.10000000E-02 0.10000000E-02 0.10000000E-02 0.10000000E-02 0.10000000E-02 0.10000000E-02 0.10000000E-02 0.10000000E-02 0.99999947E-03 0.10000000E-02 0.10000000E-02 0.10000000E-02 0.10000000E-02 0.10000000E-02 0.10000000E-02 0.10000000E-02 0.10000000E-02 0.10000000E-02 0.10000000E-02 0.10000000E-02 0.10000010E-02 0.10000000E-02 0.10000000E-02 0.10000000E-02 0.10000000E-02 0.10000000E-02 0.10000000E-02 0.10000000E-02 0.10000000E-02 0.10000000E-02 0.99999947E-03 0.10000010E-02 0.10000000E-02 0.10000000E-02 0.10000000E-02 0.10000000E-02 0.10000000E-02 0.10000000E-02 0.10000000E-02 0.10000000E-02 0.10000000E-02 0.10000000E-02 0.10000000E-02 0.10000000E-02 0.10000000E-02 0.10000000E-02 0.10000000E-02 0.10000000E-02 0.10000000E-02 0.10000000E-02 0.10000000E-02 0.10000010E-02 0.99999947E-03 0.10000000E-02 0.10000000E-02 0.10000000E-02 0.10000000E-02 0.10000000E-02 0.10000000E-02 0.10000000E-02 0.10000000E-02 0.10000000E-02 0.10000010E-02 0.10000000E-02 0.10000000E-02 0.10000000E-02 0.10000000E-02 0.10000000E-02 0.10000000E-02 0.10000000E-02 0.10000000E-02 0.10000000E-02 0.10000000E-02 0.10000000E-02 0.99999947E-03 0.10000000E-02 0.10000000E-02 0.10000000E-02 0.10000000E-02 0.10000000E-02 0.10000000E-02 0.10000000E-02 0.10000000E-02 0.10000000E-02 0.10000000E-02
 0.10000000E-02 0.10000000E-02 0.10000000E-02 0.10000000E-02 0.10000000E-02 0.10000000E-02 0.10000000E-02 0.10000000E-02 0.10000010E-02 0.10000000E-02 0.10000000E-02 0.10000000E-02 0.10000000E-02 0.10000000E-02 0.10000000E-02 0.10000000E-02 0.10000000E-02 0.10000000E-02 0.10000000E-02 0.10000000E-02 0.10000000E-02 0.10000000E-02 0.10000000E-02 0.10000000E-02 0.10000010E-02 0.10000000E-02 0.10000000E-02 0.10000000E-02 0.10000000E-02 0.10000000E-02 0.10000000E-02 0.10000000E-02 0.10000000E-02 0.10000000E-02 0.10000000E-02 0.99999947E-03 0.10000000E-02 0.10000000E-02 0.10000000E-02 0.10000010E-02 0.10000000E-02 0.10000000E-02 0.10000000E-02 0.10000000E-02 0.10000000E-02 0.10000000E-02 0.10000000E-02 0.10000010E-02 0.10000000E-02 0.10000000E-02 0.10000000E-02 0.99999947E-03 0.10000000E-02 0.10000000E-02 0.10000000E-02 0.10000000E-02 0.10000000E-02 0.10000000E-02 0.10000000E-02 0.10000000E-02 0.10000000E-02 0.10000000E-02 0.10000010E-02 0.10000000E-02 0.10000000E-02 0.10000000E-02 0.10000000E-02 0.10000000E-02 0.10000000E-02 0.10000000E-02 0.10000000E-02 0.10000000E-02 0.10000000E-02 0.10000000E-02 0.10000000E-02 0.10000000E-02 0.10000000E-02 0.10000000E-02 0.10000010E-02 0.10000000E-02 0.10000000E-02 0.10000000E-02 0.10000000E-02 0.10000000E-02 0.10000000E-02 0.10000000E-02 0.10000000E-02
 0.10000000E-02 0.10000000E-02 0.10000000E-02 0.10000000E-02 0.99999947E-03 0.10000000E-02 0.10000000E-02 0.10000000E-02 0.10000000E-02 0.10000000E-02 0.10000000E-02 0.10000000E-02 0.10000000E-02 0.10000000E-02 0.10000000E-02 0.10000000E-02 0.10000000E-02 0.10000000E-02 0.10000000E-02 0.10000000E-02 0.10000000E-02 0.10000000E-02 0.99999947E-03 0.10000000E-02 0.10000000E-02 0.10000000E-02 0.10000000E-02 0.10000000E-02 0.10000000E-02 0.10000000E-02 0.10000000E-02 0.10000000E-02 0.10000000E-02 0.10000000E-02 0.10000000E-02 0.10000000E-02 0.10000000E-02 0.10000000E-02 0.10000000E-02 0.10000000E-02 0.10000000E-02 0.10000000E-02 0.10000000E-02 0.10000000E-02 0.10000000E-02 0.10000000E-02 0.10000000E-02 0.10000000E-02 0.10000000E-02 0.10000000E-02 0.10000000E-02 0.10000000E-02 0.10000000E-02 0.10000000E-02 0.10000000E-02 0.10000000E-02 0.10000000E-02 0.10000000E-02 0.10000000E-02 0.10000000E-02 0.10000000E-02 0.10000000E-02 0.10000000E-02 0.10000000E-02 0.99999947E-03 0.10000000E-02 0.10000000E-02 0.10000000E-02 0.10000000E-02 0.10000000E-02 0.10000000E-02 0.10000000E-02 0.10000000E-02 0.10000000E-02 0.10000000E-02 0.10000000E-02 0.10000000E-02 0.10000000E-02 0.10000000E-02 0.10000000E-02 0.10000000E-02 0.10000000E-02 0.99999947E-03 0.10000000E-02 0.10000000E-02 0.10000000E-02 0.10000000E-02
 0.10000000E-02 0.10000000E-02 0.10000000E-02 0.10000000E-02 0.10000000E-02 0.10000000E-02 0.10000000E-02 0.10000000E-02 0.10000000E-02 0.10000000E-02 0.10000000E-02 0.10000000E-02 0.10000000E-02 0.10000000E-02 0.10000000E-02 0.10000000E-02 0.10000010E-02 0.10000000E-02 0.10000010E-02 0.10000000E-02 0.10000000E-02 0.10000000E-02 0.10000000E-02 0.10000000E-02 0.10000000E-02 0.99999947E-03 0.10000000E-02 0.10000010E-02 0.10000000E-02 0.10000000E-02 0.10000000E-02 0.10000000E-02 0.10000000E-02 0.10000000E-02 0.10000000E-02 0.10000000E-02 0.10000000E-02 0.10000000E-02 0.10000000E-02 0.10000000E-02 0.10000000E-02 0.10000000E-02 0.10000010E-02 0.10000000E-02 0.10000010E-02 0.10000000E-02 0.10000000E-02 0.10000000E-02 0.10000000E-02 0.10000000E-02 0.10000000E-02 0.10000000E-02 0.10000000E-02 0.10000000E-02 0.10000000E-02 0.10000000E-02 0.10000000E-02 0.10000000E-02 0.10000000E-02 0.10000010E-02 0.10000000E-02 0.99999947E-03 0.10000000E-02 0.10000000E-02 0.10000000E-02 0.10000000E-02 0.10000000E-02 0.10000000E-02 0.10000010E-02 0.10000000E-02 0.10000010E-02 0.10000000E-02 0.10000000E-02 0.10000000E-02 0.10000000E-02 0.10000000E-02 0.10000000E-02 0.10000000E-02 0.10000000E-02 0.10000000E-02 0.10000000E-02 0.10000000E-02 0.10000000E-02 0.10000000E-02 0.10000000E-02 0.10000000E-02 0.10000000E-02
 0.10000000E-02 0.10000000E-02 0.10000000E-02 0.10000000E-02 0.10000000E-02 0.10000000E-02 0.10000000E-02 0.99999947E-03 0.10000000E-02 0.10000010E-02 0.10000000E-02 0.10000000E-02 0.10000000E-02 0.10000000E-02 0.10000000E-02 0.10000000E-02 0.99999947E-03 0.10000000E-02 0.10000000E-02 0.10000000E-02 0.10000010E-02 0.10000000E-02 0.10000000E-02 0.10000000E-02 0.10000000E-02 0.99999947E-03 0.10000000E-02 0.10000000E-02 0.10000000E-02 0.10000000E-02 0.99999947E-03 0.10000000E-02 0.10000000E-02 0.10000000E-02 0.10000000E-02 0.10000000E-02 0.10000000E-02 0.10000000E-02 0.10000000E-02 0.10000000E-02 0.10000000E-02 0.10000000E-02 0.10000000E-02 0.10000000E-02 0.10000000E-02 0.10000000E-02 0.10000000E-02 0.10000000E-02 0.10000000E-02 0.10000000E-02 0.10000000E-02 0.10000000E-02 0.10000000E-02 0.10000000E-02 0.10000000E-02 0.10000000E-02 0.99999947E-03 0.10000000E-02 0.10000000E-02 0.10000000E-02 0.10000000E-02 0.99999947E-03 0.10000000E-02 0.10000000E-02 0.10000000E-02 0.10000000E-02 0.10000010E-02 0.10000000E-02 0.10000000E-02 0.10000000E-02 0.99999947E-03 0.10000000E-02 0.10000000E-02 0.10000000E-02 0.10000000E-02 0.10000000E-02 0.10000000E-02 0.10000010E-02 0.10000000E-02 0.99999947E-03 0.10000000E-02 0.10000000E-02 0.10000000E-02 0.10000000E-02 0.10000000E-02 0.10000000E-02 0.10000000E-02
 0.10000000E-02 0.10000000E-02 0.10000000E-02 0.10000000E-02 0.10000000E-02 0.99999947E-03 0.10000000E-02 0.10000000E-02 0.99999947E-03 0.10000000E-02 0.10000000E-02 0.10000000E-02 0.10000000E-02 0.10000000E-02 0.10000000E-02 0.10000000E-02 0.10000000E-02 0.10000000E-02 0.10000000E-02 0.10000000E-02 0.10000000E-02 0.10000000E-02 0.10000000E-02 0.10000000E-02 0.10000000E-02 0.10000000E-02 0.10000000E-02 0.10000000E-02 0.10000000E-02 0.10000010E-02 0.10000000E-02 0.10000000E-02 0.10000000E-02 0.10000000E-02 0.10000010E-02 0.10000000E-02 0.10000000E-02 0.10000010E-02 0.10000000E-02 0.10000000E-02 0.10000000E-02 0.10000000E-02 0.10000000E-02 0.10000000E-02 0.10000000E-02 0.10000000E-02 0.10000000E-02 0.10000000E-02 0.10000000E-02 0.10000010E-02 0.10000000E-02 0.10000000E-02 0.10000010E-02 0.10000000E-02 0.10000000E-02 0.10000000E-02 0.10000000E-02 0.10000010E-02 0.10000000E-02 0.10000000E-02 0.10000000E-02 0.10000000E-02 0.10000000E-02 0.10000000E-02 0.10000000E-02 0.10000000E-02 0.10000000E-02 0.10000000E-02 0.10000000E-02 0.10000000E-02 0.10000000E-02 0.10000000E-02 0.10000000E-02 0.10000000E-02 0.10000000E-02 0.10000000E-02 0.10000000E-02 0.10000000E-02 0.99999947E-03 0.10000000E-02 0.10000000E-02 0.99999947E-03 0.10000000E-02 0.10000000E-02 0.10000000E-02 0.10000000E-02 0.10000000E-02
 0.10000000E-02 0.10000000E-02 0.10000000E-02 0.10000000E-02 0.10000000E-02 0.10000000E-02 0.10000000E-02 0.10000010E-02 0.10000000E-02 0.10000000E-02 0.99999947E-03 0.99999947E-03 0.10000000E-02 0.10000000E-02 0.10000000E-02 0.10000000E-02 0.10000000E-02 0.10000000E-02 0.99999947E-03 0.10000000E-02 0.10000000E-02 0.10000000E-02 0.10000000E-02 0.10000000E-02 0.10000000E-02 0.10000010E-02 0.10000000E-02 0.10000000E-02 0.10000000E-02 0.10000000E-02 0.10000000E-02 0.10000000E-02 0.10000000E-02 0.10000000E-02 0.10000000E-02 0.10000000E-02 0.99999947E-03 0.10000000E-02 0.10000000E-02 0.10000000E-02 0.10000000E-02 0.10000000E-02 0.10000000E-02 0.99999947E-03 0.10000000E-02 0.10000000E-02 0.10000000E-02 0.10000000E-02 0.10000000E-02 0.10000000E-02 0.99999947E-03 0.10000000E-02 0.10000000E-02 0.10000000E-02 0.10000000E-02 0.10000000E-02 0.10000000E-02 0.10000000E-02 0.10000000E-02 0.10000000E-02 0.10000000E-02 0.10000010E-02 0.10000000E-02 0.10000000E-02 0.10000000E-02 0.10000000E-02 0.10000000E-02 0.10000000E-02 0.99999947E-03 0.10000000E-02 0.10000000E-02 0.10000000E-02 0.10000000E-02 0.10000000E-02 0.10000000E-02 0.99999947E-03 0.99999947E-03 0.10000000E-02 0.10000000E-02 0.10000010E-02 0.10000000E-02 0.10000000E-02 0.10000000E-02 0.10000000E-02 0.10000000E-02 0.10000000E-02 0.10000000E-02
 0.10000000E-02 0.10000000E-02 0.99999947E-03 0.10000000E-02 0.10000000E-02 0.10000000E-02 0.10000000E-02 0.10000000E-02 0.10000000E-02 0.99999947E-03 0.10000000E-02 0.10000000E-02 0.10000000E-02 0.10000000E-02 0.10000000E-02 0.10000000E-02 0.10000000E-02 0.10000000E-02 0.10000000E-02 0.10000000E-02 0.10000000E-02 0.10000000E-02 0.10000000E-02 0.10000000E-02 0.10000000E-02 0.10000000E-02 0.10000000E-02 0.99999947E-03 0.10000000E-02 0.10000000E-02 0.10000000E-02 0.10000010E-02 0.10000000E-02 0.10000000E-02 0.10000000E-02 0.99999947E-03 0.10000000E-02 0.99999947E-03 0.10000000E-02 0.10000000E-02 0.10000000E-02 0.10000000E-02 0.10000000E-02 0.10000000E-02 0.10000000E-02 0.10000000E-02 0.10000000E-02 0.10000000E-02 0.10000000E-02 0.99999947E-03 0.10000000E-02 0.99999947E-03 0.10000000E-02 0.10000000E-02 0.10000000E-02 0.10000010E-02 0.10000000E-02 0.10000000E-02 0.10000000E-02 0.99999947E-03 0.10000000E-02 0.10000000E-02 0.10000000E-02 0.10000000E-02 0.10000000E-02 0.10000000E-02 0.10000000E-02 0.10000000E-02 0.10000000E-02 0.10000000E-02 0.10000000E-02 0.10000000E-02 0.10000000E-02 0.10000000E-02 0.10000000E-02 0.10000000E-02 0.10000000E-02 0.99999947E-03 0.10000000E-02 0.10000000E-02 0.10000000E-02 0.10000000E-02 0.10000000E-02 0.10000000E-02 0.99999947E-03 0.10000000E-02 0.10000000E-02
 0.10000000E-02 0.10000000E-02 0.10000000E-02 0.10000000E-02 0.10000000E-02 0.10000010E-02 0.10000000E-02 0.10000000E-02 0.10000000E-02 0.99999947E-03 0.10000010E-02 0.10000000E-02 0.10000000E-02 0.10000010E-02 0.10000000E-02 0.10000000E-02 0.10000000E-02 0.10000010E-02 0.10000000E-02 0.10000000E-02 0.10000010E-02 0.10000010E-02 0.10000010E-02 0.10000000E-02 0.10000010E-02 0.10000000E-02 0.10000000E-02 0.10000000E-02 0.10000000E-02 0.99999947E-03 0.10000000E-02 0.10000010E-02 0.10000000E-02 0.10000000E-02 0.10000000E-02 0.10000000E-02 0.10000000E-02 0.10000000E-02 0.10000000E-02 0.10000000E-02 0.10000000E-02 0.10000000E-02 0.99999947E-03 0.10000010E-02 0.99999947E-03 0.10000000E-02 0.10000000E-02 0.10000000E-02 0.10000000E-02 0.10000000E-02 0.10000000E-02 0.10000000E-02 0.10000000E-02 0.10000000E-02 0.10000000E-02 0.10000010E-02 0.10000000E-02 0.99999947E-03 0.10000000E-02 0.10000000E-02 0.10000000E-02 0.10000000E-02 0.10000010E-02 0.10000000E-02 0.10000010E-02 0.10000010E-02 0.10000010E-02 0.10000000E-02 0.10000000E-02 0.10000010E-02 0.10000000E-02 0.10000000E-02 0.10000000E-02 0.10000010E-02 0.10000000E-02 0.10000000E-02 0.10000010E-02 0.99999947E-03 0.10000000E-02 0.10000000E-02 0.10000000E-02 0.10000010E-02 0.10000000E-02 0.10000000E-02 0.10000000E-02 0.10000000E-02 0.10000000E-02
 0.10000000E-02 0.10000000E-02 0.10000000E-02 0.10000000E-02 0.10000000E-02 0.10000000E-02 0.10000000E-02 0.10000000E-02 0.10000000E-02 0.10000000E-02 0.10000000E-02 0.10000000E-02 0.10000010E-02 0.10000000E-02 0.10000000E-02 0.10000000E-02 0.10000000E-02 0.99999947E-03 0.10000000E-02 0.10000000E-02 0.10000000E-02 0.10000010E-02 0.10000000E-02 0.10000000E-02 0.10000010E-02 0.99999947E-03 0.99999947E-03 0.10000000E-02 0.10000000E-02 0.99999947E-03 0.10000000E-02 0.99999947E-03 0.99999947E-03 0.10000000E-02 0.10000000E-02 0.10000000E-02 0.99999947E-03 0.10000000E-02 0.10000000E-02 0.10000000E-02 0.10000000E-02 0.10000000E-02 0.10000000E-02 0.10000010E-02 0.10000000E-02 0.10000000E-02 0.10000000E-02 0.10000000E-02 0.10000000E-02 0.10000000E-02 0.99999947E-03 0.10000000E-02 0.10000000E-02 0.10000000E-02 0.99999947E-03 0.99999947E-03 0.10000000E-02 0.99999947E-03 0.10000000E-02 0.10000000E-02 0.99999947E-03 0.99999947E-03 0.10000010E-02 0.10000000E-02 0.10000000E-02 0.10000010E-02 0.10000000E-02 0.10000000E-02 0.10000000E-02 0.99999947E-03 0.10000000E-02 0.10000000E-02 0.10000000E-02 0.10000000E-02 0.10000010E-02 0.10000000E-02 0.10000000E-02 0.10000000E-02 0.10000000E-02 0.10000000E-02 0.10000000E-02 0.10000000E-02 0.10000000E-02 0.10000000E-02 0.10000000E-02 0.10000000E-02 0.10000000E-02
 0.10000000E-02 0.10000000E-02 0.10000000E-02 0.10000000E-02 0.10000000E-02 0.10000000E-02 0.10000000E-02 0.10000000E-02 0.10000000E-02 0.10000000E-02 0.99999947E-03 0.10000000E-02 0.99999947E-03 0.10000000E-02 0.10000010E-02 0.10000000E-02 0.10000010E-02 0.10000010E-02 0.10000010E-02 0.99999947E-03 0.10000000E-02 0.10000010E-02 0.99999947E-03 0.99999947E-03 0.10000010E-02 0.10000000E-02 0.10000010E-02 0.10000010E-02 0.10000000E-02 0.10000000E-02 0.10000000E-02 0.10000000E-02 0.10000010E-02 0.99999947E-03 0.10000000E-02 0.10000000E-02 0.10000000E-02 0.10000000E-02 0.10000000E-02 0.10000000E-02 0.10000000E-02 0.10000010E-02 0.10000000E-02 0.10000000E-02 0.10000000E-02 0.10000010E-02 0.10000000E-02 0.10000000E-02 0.10000000E-02 0.10000000E-02 0.10000000E-02 0.10000000E-02 0.10000000E-02 0.99999947E-03 0.10000010E-02 0.10000000E-02 0.10000000E-02 0.10000000E-02 0.10000000E-02 0.10000010E-02 0.10000010E-02 0.10000000E-02 0.10000010E-02 0.99999947E-03 0.99999947E-03 0.10000010E-02 0.10000000E-02 0.99999947E-03 0.10000010E-02 0.10000010E-02 0.10000010E-02 0.10000000E-02 0.10000010E-02 0.10000000E-02 0.99999947E-03 0.10000000E-02 0.99999947E-03 0.10000000E-02 0.10000000E-02 0.10000000E-02 0.10000000E-02 0.10000000E-02 0.10000000E-02 0.10000000E-02 0.10000000E-02 0.10000000E-02 0.10000000E-02
 0.10000000E-02 0.10000000E-02 0.10000000E-02 0.10000000E-02 0.10000000E-02 0.10000000E-02 0.10000000E-02 0.10000000E-02 0.10000000E-02 0.10000000E-02 0.10000000E-02 0.99999947E-03 0.10000000E-02 0.99999947E-03 0.99999947E-03 0.10000000E-02 0.10000000E-02 0.99999947E-03 0.10000000E-02 0.10000000E-02 0.10000000E-02 0.10000000E-02 0.10000000E-02 0.99999947E-03 0.10000000E-02 0.99999947E-03 0.99999947E-03 0.10000000E-02 0.10000010E-02 0.99999947E-03 0.10000010E-02 0.10000000E-02 0.10000000E-02 0.10000010E-02 0.10000000E-02 0.10000000E-02 0.99999947E-03 0.10000000E-02 0.10000000E-02 0.10000000E-02 0.10000010E-02 0.10000010E-02 0.10000000E-02 0.10000000E-02 0.10000000E-02 0.10000010E-02 0.10000010E-02 0.10000000E-02 0.10000000E-02 0.10000000E-02 0.99999947E-03 0.10000000E-02 0.10000000E-02 0.10000010E-02 0.10000000E-02 0.10000000E-02 0.10000010E-02 0.99999947E-03 0.10000010E-02 0.10000000E-02 0.99999947E-03 0.99999947E-03 0.10000000E-02 0.99999947E-03 0.10000000E-02 0.10000000E-02 0.10000000E-02 0.10000000E-02 0.10000000E-02 0.99999947E-03 0.10000000E-02 0.10000000E-02 0.99999947E-03 0.99999947E-03 0.10000000E-02 0.99999947E-03 0.10000000E-02 0.10000000E-02 0.10000000E-02 0.10000000E-02 0.10000000E-02 0.10000000E-02 0.10000000E-02 0.10000000E-02 0.10000000E-02 0.10000000E-02 0.10000000E-02
 0.10000000E-02 0.10000000E-02 0.10000000E-02 0.10000000E-02 0.10000000E-02 0.10000000E-02 0.10000000E-02 0.10000000E-02 0.10000000E-02 0.10000000E-02 0.10000000E-02 0.10000000E-02 0.10000010E-02 0.10000010E-02 0.99999947E-03 0.10000000E-02 0.99999947E-03 0.10000010E-02 0.10000010E-02 0.10000000E-02 0.10000010E-02 0.10000010E-02 0.10000000E-02 0.10000000E-02 0.10000000E-02 0.99999947E-03 0.99999947E-03 0.10000000E-02 0.10000000E-02 0.10000000E-02 0.10000000E-02 0.10000000E-02 0.99999947E-03 0.10000010E-02 0.10000000E-02 0.10000000E-02 0.10000010E-02 0.10000000E-02 0.10000000E-02 0.99999947E-03 0.10000000E-02 0.10000010E-02 0.99999947E-03 0.10000000E-02 0.99999947E-03 0.10000010E-02 0.10000000E-02 0.99999947E-03 0.10000000E-02 0.10000000E-02 0.10000010E-02 0.10000000E-02 0.10000000E-02 0.10000010E-02 0.99999947E-03 0.10000000E-02 0.10000000E-02 0.10000000E-02 0.10000000E-02 0.10000000E-02 0.99999947E-03 0.99999947E-03 0.10000000E-02 0.10000000E-02 0.10000000E-02 0.10000010E-02 0.10000010E-02 0.10000000E-02 0.10000010E-02 0.10000010E-02 0.99999947E-03 0.10000000E-02 0.99999947E-03 0.10000010E-02 0.10000010E-02 0.10000000E-02 0.10000000E-02 0.10000000E-02 0.10000000E-02 0.10000000E-02 0.10000000E-02 0.10000000E-02 0.10000000E-02 0.10000000E-02 0.10000000E-02 0.10000000E-02 0.10000000E-02
 0.10000010E-02 0.10000000E-02 0.10000000E-02 0.10000010E-02 0.10000000E-02 0.10000000E-02 0.10000010E-02 0.99999947E-03 0.10000000E-02 0.10000010E-02 0.10000000E-02 0.10000000E-02 0.10000000E-02 0.10000000E-02 0.99999947E-03 0.10000000E-02 0.99999947E-03 0.10000000E-02 0.10000000E-02 0.10000010E-02 0.10000010E-02 0.10000000E-02 0.99999947E-03 0.10000000E-02 0.99999947E-03 0.10000000E-02 0.99999947E-03 0.10000010E-02 0.10000000E-02 0.10000010E-02 0.99999888E-03 0.99999947E-03 0.10000000E-02 0.99999947E-03 0.10000010E-02 0.10000010E-02 0.99999947E-03 0.10000000E-02 0.10000000E-02 0.10000010E-02 0.10000000E-02 0.10000000E-02 0.10000000E-02 0.10000000E-02 0.10000000E-02 0.10000000E-02 0.10000000E-02 0.10000010E-02 0.10000000E-02 0.10000000E-02 0.99999947E-03 0.10000010E-02 0.10000010E-02 0.99999947E-03 0.10000000E-02 0.99999947E-03 0.99999888E-03 0.10000010E-02 0.10000000E-02 0.10000010E-02 0.99999947E-03 0.10000000E-02 0.99999947E-03 0.10000000E-02 0.99999947E-03 0.10000000E-02 0.10000010E-02 0.10000010E-02 0.10000000E-02 0.10000000E-02 0.99999947E-03 0.10000000E-02 0.99999947E-03 0.10000000E-02 0.10000000E-02 0.10000000E-02 0.10000000E-02 0.10000010E-02 0.10000000E-02 0.99999947E-03 0.10000010E-02 0.10000000E-02 0.10000000E-02 0.10000010E-02 0.10000000E-02 0.10000000E-02 0.10000010E-02
 0.10000000E-02 0.10000000E-02 0.10000000E-02 0.10000000E-02 0.10000000E-02 0.99999947E-03 0.10000000E-02 0.10000000E-02 0.10000000E-02 0.10000000E-02 0.10000000E-02 0.10000010E-02 0.10000000E-02 0.99999947E-03 0.99999947E-03 0.10000000E-02 0.99999947E-03 0.10000010E-02 0.10000000E-02 0.10000000E-02 0.10000000E-02 0.10000000E-02 0.10000000E-02 0.10000000E-02 0.10000000E-02 0.10000000E-02 0.10000000E-02 0.99999888E-03 0.10000010E-02 0.10000000E-02 0.10000010E-02 0.10000010E-02 0.10000000E-02 0.99999947E-03 0.99999947E-03 0.99999947E-03 0.10000010E-02 0.10000010E-02 0.10000000E-02 0.10000010E-02 0.10000000E-02 0.10000000E-02 0.10000000E-02 0.99999888E-03 0.10000000E-02 0.10000000E-02 0.10000000E-02 0.10000010E-02 0.10000000E-02 0.10000010E-02 0.10000010E-02 0.99999947E-03 0.99999947E-03 0.99999947E-03 0.10000000E-02 0.10000010E-02 0.10000010E-02 0.10000000E-02 0.10000010E-02 0.99999888E-03 0.10000000E-02 0.10000000E-02 0.10000000E-02 0.10000000E-02 0.10000000E-02 0.10000000E-02 0.10000000E-02 0.10000000E-02 0.10000000E-02 0.10000010E-02 0.99999947E-03 0.10000000E-02 0.99999947E-03 0.99999947E-03 0.10000000E-02 0.10000010E-02 0.10000000E-02 0.10000000E-02 0.10000000E-02 0.10000000E-02 0.10000000E-02 0.99999947E-03 0.10000000E-02 0.10000000E-02 0.10000000E-02 0.10000000E-02 0.10000000E-02
 0.10000010E-02 0.10000000E-02 0.10000000E-02 0.10000010E-02 0.99999947E-03 0.10000000E-02 0.10000010E-02 0.10000000E-02 0.10000000E-02 0.99999947E-03 0.10000000E-02 0.10000010E-02 0.99999947E-03 0.10000000E-02 0.10000000E-02 0.10000000E-02 0.10000000E-02 0.10000010E-02 0.10000010E-02 0.10000010E-02 0.10000000E-02 0.10000010E-02 0.10000000E-02 0.10000000E-02 0.10000000E-02 0.10000000E-02 0.10000000E-02 0.99999947E-03 0.99999947E-03 0.10000010E-02 0.10000010E-02 0.10000010E-02 0.10000000E-02 0.10000000E-02 0.10000010E-02 0.10000000E-02 0.10000000E-02 0.10000010E-02 0.10000010E-02 0.10000000E-02 0.99999947E-03 0.10000000E-02 0.10000010E-02 0.10000010E-02 0.10000010E-02 0.10000000E-02 0.99999947E-03 0.10000000E-02 0.10000010E-02 0.10000010E-02 0.10000000E-02 0.10000000E-02 0.10000010E-02 0.10000000E-02 0.10000000E-02 0.10000010E-02 0.10000010E-02 0.10000010E-02 0.99999947E-03 0.99999947E-03 0.10000000E-02 0.10000000E-02 0.10000000E-02 0.10000000E-02 0.10000000E-02 0.10000010E-02 0.10000000E-02 0.10000010E-02 0.10000010E-02 0.10000010E-02 0.10000000E-02 0.10000000E-02 0.10000000E-02 0.10000000E-02 0.99999947E-03 0.10000010E-02 0.10000000E-02 0.99999947E-03 0.10000000E-02 0.10000000E-02 0.10000010E-02 0.10000000E-02 0.99999947E-03 0.10000010E-02 0.10000000E-02 0.10000000E-02 0.10000010E-02
 0.10000000E-02 0.10000000E-02 0.10000000E-02 0.10000000E-02 0.10000000E-02 0.10000000E-02 0.10000000E-02 0.10000000E-02 0.10000000E-02 0.10000000E-02 0.10000000E-02 0.10000000E-02 0.99999947E-03 0.10000000E-02 0.99999947E-03 0.10000010E-02 0.10000000E-02 0.10000010E-02 0.99999947E-03 0.99999947E-03 0.10000000E-02 0.10000000E-02 0.10000000E-02 0.10000010E-02 0.10000000E-02 0.99999947E-03 0.10000000E-02 0.10000000E-02 0.10000010E-02 0.99999947E-03 0.10000000E-02 0.10000010E-02 0.99999947E-03 0.10000000E-02 0.10000000E-02 0.10000000E-02 0.10000000E-02 0.10000000E-02 0.10000000E-02 0.10000000E-02 0.10000000E-02 0.10000000E-02 0.10000010E-02 0.10000000E-02 0.10000010E-02 0.10000000E-02 0.10000000E-02 0.10000000E-02 0.10000000E-02 0.10000000E-02 0.10000000E-02 0.10000000E-02 0.10000000E-02 0.10000000E-02 0.99999947E-03 0.10000010E-02 0.10000000E-02 0.99999947E-03 0.10000010E-02 0.10000000E-02 0.10000000E-02 0.99999947E-03 0.10000000E-02 0.10000010E-02 0.10000000E-02 0.10000000E-02 0.10000000E-02 0.99999947E-03 0.99999947E-03 0.10000010E-02 0.10000000E-02 0.10000010E-02 0.99999947E-03 0.10000000E-02 0.99999947E-03 0.10000000E-02 0.10000000E-02 0.10000000E-02 0.10000000E-02 0.10000000E-02 0.10000000E-02 0.10000000E-02 0.10000000E-02 0.10000000E-02 0.10000000E-02 0.10000000E-02 0.10000000E-02
 0.10000000E-02 0.10000000E-02 0.10000000E-02 0.10000000E-02 0.99999947E-03 0.10000000E-02 0.10000000E-02 0.10000010E-02 0.10000000E-02 0.10000000E-02 0.99999947E-03 0.10000000E-02 0.10000010E-02 0.10000000E-02 0.10000000E-02 0.99999947E-03 0.10000000E-02 0.10000010E-02 0.99999888E-03 0.99999947E-03 0.99999947E-03 0.10000010E-02 0.10000010E-02 0.10000000E-02 0.10000000E-02 0.10000010E-02 0.10000000E-02 0.99999947E-03 0.10000000E-02 0.99999947E-03 0.10000010E-02 0.10000000E-02 0.10000000E-02 0.99999947E-03 0.10000000E-02 0.10000000E-02 0.10000000E-02 0.10000000E-02 0.10000010E-02 0.99999947E-03 0.10000010E-02 0.99999947E-03 0.99999947E-03 0.10000010E-02 0.99999947E-03 0.99999947E-03 0.10000010E-02 0.99999947E-03 0.10000010E-02 0.10000000E-02 0.10000000E-02 0.10000000E-02 0.10000000E-02 0.99999947E-03 0.10000000E-02 0.10000000E-02 0.10000010E-02 0.99999947E-03 0.10000000E-02 0.99999947E-03 0.10000000E-02 0.10000010E-02 0.10000000E-02 0.10000000E-02 0.10000010E-02 0.10000010E-02 0.99999947E-03 0.99999947E-03 0.99999888E-03 0.10000010E-02 0.10000000E-02 0.99999947E-03 0.10000000E-02 0.10000000E-02 0.10000010E-02 0.10000000E-02 0.99999947E-03 0.10000000E-02 0.10000000E-02 0.10000010E-02 0.10000000E-02 0.10000000E-02 0.99999947E-03 0.10000000E-02 0.10000000E-02 0.10000000E-02 0.10000000E-02
 0.10000000E-02 0.10000000E-02 0.10000000E-02 0.10000000E-02 0.10000000E-02 0.10000000E-02 0.10000000E-02 0.10000000E-02 0.10000000E-02 0.99999947E-03 0.10000010E-02 0.10000000E-02 0.10000000E-02 0.99999947E-03 0.10000000E-02 0.10000010E-02 0.10000000E-02 0.10000000E-02 0.10000010E-02 0.10000010E-02 0.10000000E-02 0.99999947E-03 0.10000000E-02 0.10000000E-02 0.10000000E-02 0.10000000E-02 0.10000010E-02 0.10000000E-02 0.99999947E-03 0.99999947E-03 0.10000000E-02 0.10000000E-02 0.10000000E-02 0.99999947E-03 0.10000000E-02 0.10000000E-02 0.10000000E-02 0.99999947E-03 0.10000000E-02 0.10000000E-02 0.99999947E-03 0.10000000E-02 0.10000000E-02 0.10000000E-02 0.10000000E-02 0.10000000E-02 0.99999947E-03 0.10000000E-02 0.10000000E-02 0.99999947E-03 0.10000000E-02 0.10000000E-02 0.10000000E-02 0.99999947E-03 0.10000000E-02 0.10000000E-02 0.10000000E-02 0.99999947E-03 0.99999947E-03 0.10000000E-02 0.10000010E-02 0.10000000E-02 0.10000000E-02 0.10000000E-02 0.10000000E-02 0.99999947E-03 0.10000000E-02 0.10000010E-02 0.10000010E-02 0.10000000E-02 0.10000000E-02 0.10000010E-02 0.10000000E-02 0.99999947E-03 0.10000000E-02 0.10000000E-02 0.10000010E-02 0.99999947E-03 0.10000000E-02 0.10000000E-02 0.10000000E-02 0.10000000E-02 0.10000000E-02 0.10000000E-02 0.10000000E-02 0.10000000E-02 0.10000000E-02
 0.10000000E-02 0.10000000E-02 0.10000010E-02 0.10000000E-02 0.10000000E-02 0.99999947E-03 0.10000000E-02 0.10000000E-02 0.10000010E-02 0.10000000E-02 0.10000010E-02 0.99999947E-03 0.10000000E-02 0.10000000E-02 0.99999947E-03 0.10000000E-02 0.10000010E-02 0.10000010E-02 0.10000000E-02 0.10000000E-02 0.10000000E-02 0.99999947E-03 0.99999947E-03 0.10000000E-02 0.10000000E-02 0.10000000E-02 0.10000010E-02 0.10000000E-02 0.10000000E-02 0.99999947E-03 0.10000010E-02 0.10000010E-02 0.99999947E-03 0.99999947E-03 0.10000010E-02 0.10000000E-02 0.10000000E-02 0.10000000E-02 0.10000010E-02 0.10000000E-02 0.10000010E-02 0.10000000E-02 0.10000000E-02 0.10000010E-02 0.10000000E-02 0.10000000E-02 0.10000010E-02 0.10000000E-02 0.10000010E-02 0.10000000E-02 0.10000000E-02 0.10000000E-02 0.10000010E-02 0.99999947E-03 0.99999947E-03 0.10000010E-02 0.10000010E-02 0.99999947E-03 0.10000000E-02 0.10000000E-02 0.10000010E-02 0.10000000E-02 0.10000000E-02 0.10000000E-02 0.99999947E-03 0.99999947E-03 0.10000000E-02 0.10000000E-02 0.10000000E-02 0.10000010E-02 0.10000010E-02 0.10000000E-02 0.99999947E-03 0.10000000E-02 0.10000000E-02 0.99999947E-03 0.10000010E-02 0.10000000E-02 0.10000010E-02 0.10000000E-02 0.10000000E-02 0.99999947E-03 0.10000000E-02 0.10000000E-02 0.10000010E-02 0.10000000E-02 0.10000000E-02
 0.10000000E-02 0.10000000E-02 0.10000000E-02 0.10000000E-02 0.10000000E-02 0.10000000E-02 0.10000000E-02 0.10000000E-02 0.10000000E-02 0.10000000E-02 0.10000000E-02 0.10000000E-02 0.99999947E-03 0.99999947E-03 0.10000000E-02 0.10000000E-02 0.99999947E-03 0.10000000E-02 0.10000000E-02 0.10000010E-02 0.99999888E-03 0.10000000E-02 0.10000000E-02 0.10000000E-02 0.10000010E-02 0.99999947E-03 0.99999947E-03 0.10000000E-02 0.10000000E-02 0.10000000E-02 0.99999947E-03 0.10000000E-02 0.10000000E-02 0.99999947E-03 0.10000000E-02 0.10000010E-02 0.10000000E-02 0.10000010E-02 0.10000000E-02 0.99999947E-03 0.10000010E-02 0.10000010E-02 0.10000010E-02 0.10000000E-02 0.10000010E-02 0.10000010E-02 0.10000010E-02 0.99999947E-03 0.10000000E-02 0.10000010E-02 0.10000000E-02 0.10000010E-02 0.10000000E-02 0.99999947E-03 0.10000000E-02 0.10000000E-02 0.99999947E-03 0.10000000E-02 0.10000000E-02 0.10000000E-02 0.99999947E-03 0.99999947E-03 0.10000010E-02 0.10000000E-02 0.10000000E-02 0.10000000E-02 0.99999888E-03 0.10000010E-02 0.10000000E-02 0.10000000E-02 0.99999947E-03 0.10000000E-02 0.10000000E-02 0.99999947E-03 0.99999947E-03 0.10000000E-02 0.10000000E-02 0.10000000E-02 0.10000000E-02 0.10000000E-02 0.10000000E-02 0.10000000E-02 0.10000000E-02 0.10000000E-02 0.10000000E-02 0.10000000E-02 0.10000000E-02
 0.10000000E-02 0.10000000E-02 0.10000000E-02 0.10000000E-02 0.10000000E-02 0.10000000E-02 0.10000000E-02 0.10000000E-02 0.10000000E-02 0.10000000E-02 0.10000000E-02 0.10000000E-02 0.10000000E-02 0.10000010E-02 0.99999947E-03 0.10000010E-02 0.10000010E-02 0.10000000E-02 0.10000010E-02 0.10000000E-02 0.10000000E-02 0.10000010E-02 0.99999947E-03 0.10000000E-02 0.99999947E-03 0.99999947E-03 0.10000010E-02 0.10000000E-02 0.10000000E-02 0.10000000E-02 0.10000010E-02 0.10000010E-02 0.99999947E-03 0.10000010E-02 0.99999947E-03 0.10000000E-02 0.99999888E-03 0.10000000E-02 0.10000000E-02 0.10000000E-02 0.99999947E-03 0.10000010E-02 0.99999947E-03 0.99999947E-03 0.99999947E-03 0.10000010E-02 0.99999947E-03 0.10000000E-02 0.10000000E-02 0.10000000E-02 0.99999888E-03 0.10000000E-02 0.99999947E-03 0.10000010E-02 0.99999947E-03 0.10000010E-02 0.10000010E-02 0.10000000E-02 0.10000000E-02 0.10000000E-02 0.10000010E-02 0.99999947E-03 0.99999947E-03 0.10000000E-02 0.99999947E-03 0.10000010E-02 0.10000000E-02 0.10000000E-02 0.10000010E-02 0.10000000E-02 0.10000010E-02 0.10000010E-02 0.99999947E-03 0.10000010E-02 0.10000000E-02 0.10000000E-02 0.10000000E-02 0.10000000E-02 0.10000000E-02 0.10000000E-02 0.10000000E-02 0.10000000E-02 0.10000000E-02 0.10000000E-02 0.10000000E-02 0.10000000E-02 0.10000000E-02
 0.99999947E-03 0.10000000E-02 0.10000000E-02 0.99999947E-03 0.10000010E-02 0.10000000E-02 0.99999947E-03 0.99999947E-03 0.10000000E-02 0.10000000E-02 0.10000000E-02 0.99999947E-03 0.10000000E-02 0.10000000E-02 0.10000000E-02 0.10000010E-02 0.10000000E-02 0.10000000E-02 0.10000000E-02 0.99999947E-03 0.99999947E-03 0.10000010E-02 0.99999947E-03 0.10000000E-02 0.10000000E-02 0.10000010E-02 0.10000000E-02 0.10000000E-02 0.10000000E-02 0.99999947E-03 0.10000010E-02 0.10000010E-02 0.10000010E-02 0.99999947E-03 0.10000000E-02 0.99999947E-03 0.10000010E-02 0.10000010E-02 0.10000010E-02 0.10000000E-02 0.10000010E-02 0.10000000E-02 0.99999947E-03 0.10000000E-02 0.99999947E-03 0.10000000E-02 0.10000010E-02 0.10000000E-02 0.10000010E-02 0.10000010E-02 0.10000010E-02 0.99999947E-03 0.10000000E-02 0.99999947E-03 0.10000010E-02 0.10000010E-02 0.10000010E-02 0.99999947E-03 0.10000000E-02 0.10000000E-02 0.10000000E-02 0.10000010E-02 0.10000000E-02 0.10000000E-02 0.99999947E-03 0.10000010E-02 0.99999947E-03 0.99999947E-03 0.10000000E-02 0.10000000E-02 0.10000000E-02 0.10000010E-02 0.10000000E-02 0.10000000E-02 0.10000000E-02 0.99999947E-03 0.10000000E-02 0.10000000E-02 0.10000000E-02 0.99999947E-03 0.99999947E-03 0.10000000E-02 0.10000010E-02 0.99999947E-03 0.10000000E-02 0.10000000E-02 0.99999947E-03
 0.10000000E-02 0.10000000E-02 0.10000000E-02 0.10000000E-02 0.99999947E-03 0.99999947E-03 0.10000000E-02 0.10000000E-02 0.10000000E-02 0.99999947E-03 0.10000000E-02 0.10000010E-02 0.10000010E-02 0.10000000E-02 0.10000000E-02 0.10000000E-02 0.10000010E-02 0.10000000E-02 0.10000000E-02 0.10000000E-02 0.10000000E-02 0.10000000E-02 0.10000000E-02 0.99999947E-03 0.10000000E-02 0.10000000E-02 0.10000010E-02 0.10000010E-02 0.10000010E-02 0.10000000E-02 0.10000000E-02 0.99999947E-03 0.10000000E-02 0.99999947E-03 0.10000000E-02 0.99999947E-03 0.10000010E-02 0.10000010E-02 0.10000010E-02 0.10000000E-02 0.10000000E-02 0.10000000E-02 0.10000010E-02 0.10000000E-02 0.10000010E-02 0.10000000E-02 0.10000000E-02 0.10000000E-02 0.10000010E-02 0.10000010E-02 0.10000010E-02 0.99999947E-03 0.10000000E-02 0.99999947E-03 0.10000000E-02 0.99999947E-03 0.10000000E-02 0.10000000E-02 0.10000010E-02 0.10000010E-02 0.10000010E-02 0.10000000E-02 0.10000000E-02 0.99999947E-03 0.10000000E-02 0.10000000E-02 0.10000000E-02 0.10000000E-02 0.10000000E-02 0.10000000E-02 0.10000010E-02 0.10000000E-02 0.10000000E-02 0.10000000E-02 0.10000010E-02 0.10000010E-02 0.10000000E-02 0.99999947E-03 0.10000000E-02 0.10000000E-02 0.10000000E-02 0.99999947E-03 0.99999947E-03 0.10000000E-02 0.10000000E-02 0.10000000E-02 0.10000000E-02
 0.10000010E-02 0.10000000E-02 0.10000000E-02 0.10000010E-02 0.10000000E-02 0.10000000E-02 0.10000010E-02 0.10000000E-02 0.10000000E-02 0.99999947E-03 0.10000000E-02 0.10000000E-02 0.10000000E-02 0.10000010E-02 0.10000010E-02 0.99999947E-03 0.10000010E-02 0.99999947E-03 0.10000000E-02 0.10000000E-02 0.10000000E-02 0.10000000E-02 0.99999947E-03 0.10000000E-02 0.10000000E-02 0.10000000E-02 0.10000010E-02 0.10000010E-02 0.10000010E-02 0.10000000E-02 0.10000010E-02 0.10000000E-02 0.10000000E-02 0.10000000E-02 0.10000000E-02 0.10000010E-02 0.10000010E-02 0.10000000E-02 0.10000010E-02 0.10000000E-02 0.99999947E-03 0.10000000E-02 0.10000000E-02 0.99999888E-03 0.10000000E-02 0.10000000E-02 0.99999947E-03 0.10000000E-02 0.10000010E-02 0.10000000E-02 0.10000010E-02 0.10000010E-02 0.10000000E-02 0.10000000E-02 0.10000000E-02 0.10000000E-02 0.10000010E-02 0.10000000E-02 0.10000010E-02 0.10000010E-02 0.10000010E-02 0.10000000E-02 0.10000000E-02 0.10000000E-02 0.99999947E-03 0.10000000E-02 0.10000000E-02 0.10000000E-02 0.10000000E-02 0.99999947E-03 0.10000010E-02 0.99999947E-03 0.10000010E-02 0.10000010E-02 0.10000000E-02 0.10000000E-02 0.10000000E-02 0.99999947E-03 0.10000000E-02 0.10000000E-02 0.10000010E-02 0.10000000E-02 0.10000000E-02 0.10000010E-02 0.10000000E-02 0.10000000E-02 0.10000010E-02
 0.10000000E-02 0.10000000E-02 0.10000000E-02 0.10000000E-02 0.99999947E-03 0.10000000E-02 0.10000000E-02 0.10000000E-02 0.10000000E-02 0.10000000E-02 0.10000000E-02 0.10000000E-02 0.10000000E-02 0.10000000E-02 0.10000000E-02 0.10000000E-02 0.10000000E-02 0.99999947E-03 0.99999947E-03 0.10000010E-02 0.99999947E-03 0.10000000E-02 0.10000000E-02 0.99999888E-03 0.10000000E-02 0.99999947E-03 0.10000000E-02 0.10000000E-02 0.10000000E-02 0.99999947E-03 0.10000000E-02 0.10000000E-02 0.10000010E-02 0.10000000E-02 0.99999947E-03 0.10000000E-02 0.10000010E-02 0.10000000E-02 0.10000010E-02 0.99999947E-03 0.10000000E-02 0.99999947E-03 0.10000000E-02 0.10000000E-02 0.10000000E-02 0.99999947E-03 0.10000000E-02 0.99999947E-03 0.10000010E-02 0.10000000E-02 0.10000010E-02 0.10000000E-02 0.99999947E-03 0.10000000E-02 0.10000010E-02 0.10000000E-02 0.10000000E-02 0.99999947E-03 0.10000000E-02 0.10000000E-02 0.10000000E-02 0.99999947E-03 0.10000000E-02 0.99999888E-03 0.10000000E-02 0.10000000E-02 0.99999947E-03 0.10000010E-02 0.99999947E-03 0.99999947E-03 0.10000000E-02 0.10000000E-02 0.10000000E-02 0.10000000E-02 0.10000000E-02 0.10000000E-02 0.10000000E-02 0.10000000E-02 0.10000000E-02 0.10000000E-02 0.10000000E-02 0.10000000E-02 0.99999947E-03 0.10000000E-02 0.10000000E-02 0.10000000E-02 0.10000000E-02
 0.10000000E-02 0.10000000E-02 0.10000000E-02 0.10000000E-02 0.10000000E-02 0.10000000E-02 0.10000000E-02 0.10000000E-02 0.10000010E-02 0.10000000E-02 0.10000010E-02 0.10000000E-02 0.99999947E-03 0.10000010E-02 0.10000010E-02 0.10000000E-02 0.99999947E-03 0.10000000E-02 0.10000000E-02 0.10000000E-02 0.10000000E-02 0.10000010E-02 0.10000010E-02 0.10000000E-02 0.10000010E-02 0.10000010E-02 0.10000010E-02 0.99999947E-03 0.99999947E-03 0.99999947E-03 0.10000000E-02 0.10000000E-02 0.10000000E-02 0.10000000E-02 0.10000000E-02 0.99999947E-03 0.10000000E-02 0.99999947E-03 0.99999947E-03 0.99999947E-03 0.10000010E-02 0.99999947E-03 0.10000010E-02 0.10000000E-02 0.10000010E-02 0.99999947E-03 0.10000010E-02 0.99999947E-03 0.99999947E-03 0.99999947E-03 0.10000000E-02 0.99999947E-03 0.10000000E-02 0.10000000E-02 0.10000000E-02 0.10000000E-02 0.10000000E-02 0.99999947E-03 0.99999947E-03 0.99999947E-03 0.10000010E-02 0.10000010E-02 0.10000010E-02 0.10000000E-02 0.10000010E-02 0.10000010E-02 0.10000000E-02 0.10000000E-02 0.10000000E-02 0.10000000E-02 0.99999947E-03 0.10000000E-02 0.10000010E-02 0.10000010E-02 0.99999947E-03 0.10000000E-02 0.10000010E-02 0.10000000E-02 0.10000010E-02 0.10000000E-02 0.10000000E-02 0.10000000E-02 0.10000000E-02 0.10000000E-02 0.10000000E-02 0.10000000E-02 0.10000000E-02
 0.10000000E-02 0.10000000E-02 0.10000000E-02 0.10000000E-02 0.10000000E-02 0.10000000E-02 0.10000000E-02 0.99999947E-03 0.10000000E-02 0.10000000E-02 0.10000000E-02 0.10000000E-02 0.10000010E-02 0.10000000E-02 0.10000000E-02 0.10000000E-02 0.10000010E-02 0.10000000E-02 0.10000000E-02 0.10000000E-02 0.10000010E-02 0.10000000E-02 0.10000000E-02 0.10000000E-02 0.10000000E-02 0.10000000E-02 0.99999888E-03 0.10000010E-02 0.10000000E-02 0.10000000E-02 0.10000000E-02 0.10000000E-02 0.10000000E-02 0.99999947E-03 0.10000000E-02 0.99999947E-03 0.10000000E-02 0.10000010E-02 0.99999947E-03 0.99999947E-03 0.99999947E-03 0.10000000E-02 0.99999947E-03 0.10000000E-02 0.99999947E-03 0.10000000E-02 0.99999947E-03 0.99999947E-03 0.99999947E-03 0.10000010E-02 0.10000000E-02 0.99999947E-03 0.10000000E-02 0.99999947E-03 0.10000000E-02 0.10000000E-02 0.10000000E-02 0.10000000E-02 0.10000000E-02 0.10000010E-02 0.99999888E-03 0.10000000E-02 0.10000000E-02 0.10000000E-02 0.10000000E-02 0.10000000E-02 0.10000010E-02 0.10000000E-02 0.10000000E-02 0.10000000E-02 0.10000010E-02 0.10000000E-02 0.10000000E-02 0.10000000E-02 0.10000010E-02 0.10000000E-02 0.10000000E-02 0.10000000E-02 0.10000000E-02 0.99999947E-03 0.10000000E-02 0.10000000E-02 0.10000000E-02 0.10000000E-02 0.10000000E-02 0.10000000E-02 0.10000000E-02
 0.10000000E-02 0.10000000E-02 0.10000000E-02 0.10000000E-02 0.10000000E-02 0.10000000E-02 0.10000000E-02 0.10000000E-02 0.10000000E-02 0.10000000E-02 0.10000000E-02 0.10000000E-02 0.10000010E-02 0.10000000E-02 0.99999947E-03 0.10000000E-02 0.10000000E-02 0.10000000E-02 0.10000000E-02 0.10000000E-02 0.99999947E-03 0.99999947E-03 0.99999947E-03 0.99999947E-03 0.10000000E-02 0.99999888E-03 0.10000000E-02 0.10000010E-02 0.10000000E-02 0.10000000E-02 0.10000010E-02 0.10000000E-02 0.10000000E-02 0.10000000E-02 0.10000000E-02 0.10000000E-02 0.10000000E-02 0.10000010E-02 0.99999947E-03 0.10000000E-02 0.10000000E-02 0.10000010E-02 0.10000000E-02 0.10000000E-02 0.10000000E-02 0.10000010E-02 0.10000000E-02 0.10000000E-02 0.99999947E-03 0.10000010E-02 0.10000000E-02 0.10000000E-02 0.10000000E-02 0.10000000E-02 0.10000000E-02 0.10000000E-02 0.10000010E-02 0.10000000E-02 0.10000000E-02 0.10000010E-02 0.10000000E-02 0.99999888E-03 0.10000000E-02 0.99999947E-03 0.99999947E-03 0.99999947E-03 0.99999947E-03 0.10000000E-02 0.10000000E-02 0.10000000E-02 0.10000000E-02 0.10000000E-02 0.99999947E-03 0.10000000E-02 0.10000010E-02 0.10000000E-02 0.10000000E-02 0.10000000E-02 0.10000000E-02 0.10000000E-02 0.10000000E-02 0.10000000E-02 0.10000000E-02 0.10000000E-02 0.10000000E-02 0.10000000E-02 0.10000000E-02
 0.10000000E-02 0.10000000E-02 0.99999947E-03 0.10000000E-02 0.10000010E-02 0.10000000E-02 0.10000000E-02 0.10000000E-02 0.10000000E-02 0.10000000E-02 0.10000000E-02 0.10000000E-02 0.10000000E-02 0.99999947E-03 0.10000000E-02 0.10000000E-02 0.10000000E-02 0.10000000E-02 0.99999947E-03 0.10000000E-02 0.10000000E-02 0.99999947E-03 0.10000010E-02 0.10000000E-02 0.10000010E-02 0.10000000E-02 0.99999947E-03 0.10000000E-02 0.10000000E-02 0.10000010E-02 0.10000000E-02 0.99999947E-03 0.10000000E-02 0.10000010E-02 0.10000000E-02 0.99999947E-03 0.99999947E-03 0.10000010E-02 0.99999947E-03 0.10000000E-02 0.10000010E-02 0.10000000E-02 0.10000000E-02 0.99999947E-03 0.10000000E-02 0.10000000E-02 0.10000010E-02 0.10000000E-02 0.99999947E-03 0.10000010E-02 0.99999947E-03 0.99999947E-03 0.10000000E-02 0.10000010E-02 0.10000000E-02 0.99999947E-03 0.10000000E-02 0.10000010E-02 0.10000000E-02 0.10000000E-02 0.99999947E-03 0.10000000E-02 0.10000010E-02 0.10000000E-02 0.10000010E-02 0.99999947E-03 0.10000000E-02 0.10000000E-02 0.99999947E-03 0.10000000E-02 0.10000000E-02 0.10000000E-02 0.10000000E-02 0.99999947E-03 0.10000000E-02 0.10000000E-02 0.10000000E-02 0.10000000E-02 0.10000000E-02 0.10000000E-02 0.10000000E-02 0.10000000E-02 0.10000010E-02 0.10000000E-02 0.99999947E-03 0.10000000E-02 0.10000000E-02
 0.10000000E-02 0.10000000E-02 0.10000010E-02 0.10000000E-02 0.10000000E-02 0.10000000E-02 0.10000000E-02 0.10000000E-02 0.10000000E-02 0.10000000E-02 0.10000010E-02 0.10000000E-02 0.10000000E-02 0.10000000E-02 0.99999947E-03 0.10000000E-02 0.99999947E-03 0.10000010E-02 0.10000000E-02 0.10000000E-02 0.10000000E-02 0.10000000E-02 0.99999947E-03 0.10000000E-02 0.99999947E-03 0.10000000E-02 0.10000000E-02 0.10000000E-02 0.10000000E-02 0.10000010E-02 0.10000000E-02 0.10000000E-02 0.10000000E-02 0.99999947E-03 0.99999947E-03 0.99999947E-03 0.10000000E-02 0.99999947E-03 0.10000010E-02 0.10000010E-02 0.10000000E-02 0.10000000E-02 0.99999947E-03 0.10000010E-02 0.99999947E-03 0.10000000E-02 0.10000000E-02 0.10000010E-02 0.10000010E-02 0.99999947E-03 0.10000000E-02 0.99999947E-03 0.99999947E-03 0.99999947E-03 0.10000000E-02 0.10000000E-02 0.10000000E-02 0.10000010E-02 0.10000000E-02 0.10000000E-02 0.10000000E-02 0.10000000E-02 0.99999947E-03 0.10000000E-02 0.99999947E-03 0.10000000E-02 0.10000000E-02 0.10000000E-02 0.10000000E-02 0.10000010E-02 0.99999947E-03 0.10000000E-02 0.99999947E-03 0.10000000E-02 0.10000000E-02 0.10000000E-02 0.10000010E-02 0.10000000E-02 0.10000000E-02 0.10000000E-02 0.10000000E-02 0.10000000E-02 0.10000000E-02 0.10000000E-02 0.10000010E-02 0.10000000E-02 0.10000000E-02
 0.10000000E-02 0.99999947E-03 0.10000000E-02 0.10000000E-02 0.10000000E-02 0.10000000E-02 0.10000000E-02 0.10000000E-02 0.10000010E-02 0.10000000E-02 0.10000000E-02 0.99999947E-03 0.10000000E-02 0.10000000E-02 0.10000000E-02 0.10000000E-02 0.10000010E-02 0.10000010E-02 0.10000000E-02 0.99999947E-03 0.10000000E-02 0.10000010E-02 0.10000010E-02 0.10000000E-02 0.99999947E-03 0.10000000E-02 0.10000010E-02 0.10000010E-02 0.10000000E-02 0.99999947E-03 0.99999947E-03 0.99999947E-03 0.10000010E-02 0.10000000E-02 0.10000000E-02 0.10000000E-02 0.10000000E-02 0.99999947E-03 0.10000010E-02 0.10000000E-02 0.99999947E-03 0.10000000E-02 0.10000000E-02 0.10000010E-02 0.10000000E-02 0.10000000E-02 0.99999947E-03 0.10000000E-02 0.10000010E-02 0.99999947E-03 0.10000000E-02 0.10000000E-02 0.10000000E-02 0.10000000E-02 0.10000010E-02 0.99999947E-03 0.99999947E-03 0.99999947E-03 0.10000000E-02 0.10000010E-02 0.10000010E-02 0.10000000E-02 0.99999947E-03 0.10000000E-02 0.10000010E-02 0.10000010E-02 0.10000000E-02 0.99999947E-03 0.10000000E-02 0.10000010E-02 0.10000010E-02 0.10000000E-02 0.10000000E-02 0.10000000E-02 0.10000000E-02 0.99999947E-03 0.10000000E-02 0.10000000E-02 0.10000010E-02 0.10000000E-02 0.10000000E-02 0.10000000E-02 0.10000000E-02 0.10000000E-02 0.10000000E-02 0.99999947E-03 0.10000000E-02
 0.10000000E-02 0.10000000E-02 0.10000000E-02 0.10000000E-02 0.10000000E-02 0.10000000E-02 0.10000000E-02 0.10000000E-02 0.10000000E-02 0.10000000E-02 0.10000000E-02 0.10000000E-02 0.10000000E-02 0.10000000E-02 0.10000000E-02 0.10000010E-02 0.99999947E-03 0.10000010E-02 0.10000000E-02 0.10000000E-02 0.10000000E-02 0.10000000E-02 0.10000000E-02 0.99999947E-03 0.10000010E-02 0.10000000E-02 0.10000010E-02 0.99999947E-03 0.10000000E-02 0.10000010E-02 0.99999947E-03 0.10000000E-02 0.10000000E-02 0.99999947E-03 0.10000010E-02 0.10000010E-02 0.10000010E-02 0.10000000E-02 0.99999947E-03 0.10000000E-02 0.99999947E-03 0.10000000E-02 0.10000010E-02 0.10000000E-02 0.10000010E-02 0.10000000E-02 0.99999947E-03 0.10000000E-02 0.99999947E-03 0.10000000E-02 0.10000010E-02 0.10000010E-02 0.10000010E-02 0.99999947E-03 0.10000000E-02 0.10000000E-02 0.99999947E-03 0.10000010E-02 0.10000000E-02 0.99999947E-03 0.10000010E-02 0.10000000E-02 0.10000010E-02 0.99999947E-03 0.10000000E-02 0.10000000E-02 0.10000000E-02 0.10000000E-02 0.10000000E-02 0.10000010E-02 0.99999947E-03 0.10000010E-02 0.10000000E-02 0.10000000E-02 0.10000000E-02 0.10000000E-02 0.10000000E-02 0.10000000E-02 0.10000000E-02 0.10000000E-02 0.10000000E-02 0.10000000E-02 0.10000000E-02 0.10000000E-02 0.10000000E-02 0.10000000E-02 0.10000000E-02
 0.10000000E-02 0.10000000E-02 0.10000000E-02 0.10000000E-02 0.10000000E-02 0.10000000E-02 0.10000000E-02 0.10000000E-02 0.10000000E-02 0.99999947E-03 0.10000000E-02 0.10000000E-02 0.10000000E-02 0.10000010E-02 0.99999947E-03 0.10000010E-02 0.10000000E-02 0.10000000E-02 0.10000000E-02 0.10000000E-02 0.10000000E-02 0.99999947E-03 0.10000000E-02 0.10000000E-02 0.10000000E-02 0.10000000E-02 0.99999947E-03 0.10000000E-02 0.10000000E-02 0.10000010E-02 0.10000000E-02 0.10000000E-02 0.99999947E-03 0.10000010E-02 0.10000000E-02 0.99999947E-03 0.10000000E-02 0.10000000E-02 0.10000000E-02 0.99999947E-03 0.99999947E-03 0.10000000E-02 0.10000000E-02 0.10000000E-02 0.10000000E-02 0.10000000E-02 0.99999947E-03 0.99999947E-03 0.10000000E-02 0.10000000E-02 0.10000000E-02 0.99999947E-03 0.10000000E-02 0.10000010E-02 0.99999947E-03 0.10000000E-02 0.10000000E-02 0.10000010E-02 0.10000000E-02 0.10000000E-02 0.99999947E-03 0.10000000E-02 0.10000000E-02 0.10000000E-02 0.10000000E-02 0.99999947E-03 0.10000000E-02 0.10000000E-02 0.10000000E-02 0.10000000E-02 0.10000000E-02 0.10000010E-02 0.99999947E-03 0.10000010E-02 0.10000000E-02 0.10000000E-02 0.10000000E-02 0.99999947E-03 0.10000000E-02 0.10000000E-02 0.10000000E-02 0.10000000E-02 0.10000000E-02 0.10000000E-02 0.10000000E-02 0.10000000E-02 0.10000000E-02
 0.10000000E-02 0.10000000E-02 0.10000000E-02 0.10000000E-02 0.10000000E-02 0.10000000E-02 0.10000000E-02 0.10000000E-02 0.10000010E-02 0.99999947E-03 0.10000010E-02 0.10000000E-02 0.10000010E-02 0.99999947E-03 0.99999947E-03 0.10000010E-02 0.99999947E-03 0.99999947E-03 0.10000000E-02 0.10000000E-02 0.99999947E-03 0.99999947E-03 0.99999888E-03 0.10000000E-02 0.10000010E-02 0.10000010E-02 0.10000010E-02 0.10000000E-02 0.10000010E-02 0.10000000E-02 0.10000000E-02 0.10000000E-02 0.10000000E-02 0.10000010E-02 0.10000010E-02 0.10000000E-02 0.10000010E-02 0.99999947E-03 0.10000000E-02 0.10000010E-02 0.10000000E-02 0.10000010E-02 0.99999947E-03 0.10000000E-02 0.99999947E-03 0.10000010E-02 0.10000000E-02 0.10000010E-02 0.10000000E-02 0.99999947E-03 0.10000010E-02 0.10000000E-02 0.10000010E-02 0.10000010E-02 0.10000000E-02 0.10000000E-02 0.10000000E-02 0.10000000E-02 0.10000010E-02 0.10000000E-02 0.10000010E-02 0.10000010E-02 0.10000010E-02 0.10000000E-02 0.99999888E-03 0.99999947E-03 0.99999947E-03 0.10000000E-02 0.10000000E-02 0.99999947E-03 0.99999947E-03 0.10000010E-02 0.99999947E-03 0.99999947E-03 0.10000010E-02 0.10000000E-02 0.10000010E-02 0.99999947E-03 0.10000010E-02 0.10000000E-02 0.10000000E-02 0.10000000E-02 0.10000000E-02 0.10000000E-02 0.10000000E-02 0.10000000E-02 0.10000000E-02
 0.10000000E-02 0.10000000E-02 0.10000000E-02 0.10000000E-02 0.10000000E-02 0.10000000E-02 0.10000000E-02 0.10000000E-02 0.10000000E-02 0.10000010E-02 0.10000000E-02 0.10000010E-02 0.99999947E-03 0.99999947E-03 0.10000000E-02 0.10000010E-02 0.99999947E-03 0.99999947E-03 0.10000000E-02 0.10000000E-02 0.99999947E-03 0.10000000E-02 0.99999947E-03 0.10000000E-02 0.10000000E-02 0.99999947E-03 0.99999947E-03 0.10000000E-02 0.10000000E-02 0.10000000E-02 0.99999947E-03 0.10000000E-02 0.10000000E-02 0.99999947E-03 0.10000010E-02 0.99999947E-03 0.10000010E-02 0.99999947E-03 0.99999947E-03 0.99999947E-03 0.99999947E-03 0.10000000E-02 0.10000000E-02 0.10000010E-02 0.10000000E-02 0.10000000E-02 0.99999947E-03 0.99999947E-03 0.99999947E-03 0.99999947E-03 0.10000010E-02 0.99999947E-03 0.10000010E-02 0.99999947E-03 0.10000000E-02 0.10000000E-02 0.99999947E-03 0.10000000E-02 0.10000000E-02 0.10000000E-02 0.99999947E-03 0.99999947E-03 0.10000000E-02 0.10000000E-02 0.99999947E-03 0.10000000E-02 0.99999947E-03 0.10000000E-02 0.10000000E-02 0.99999947E-03 0.99999947E-03 0.10000010E-02 0.10000000E-02 0.99999947E-03 0.99999947E-03 0.10000010E-02 0.10000000E-02 0.10000010E-02 0.10000000E-02 0.10000000E-02 0.10000000E-02 0.10000000E-02 0.10000000E-02 0.10000000E-02 0.10000000E-02 0.10000000E-02 0.10000000E-02
 0.10000000E-02 0.10000000E-02 0.10000000E-02 0.10000000E-02 0.10000000E-02 0.10000000E-02 0.10000000E-02 0.10000000E-02 0.10000000E-02 0.99999947E-03 0.10000010E-02 0.10000000E-02 0.99999947E-03 0.10000000E-02 0.10000000E-02 0.10000000E-02 0.10000000E-02 0.10000000E-02 0.10000000E-02 0.99999947E-03 0.99999947E-03 0.10000000E-02 0.10000000E-02 0.99999947E-03 0.10000000E-02 0.10000000E-02 0.10000010E-02 0.10000000E-02 0.10000010E-02 0.10000000E-02 0.10000000E-02 0.10000010E-02 0.10000000E-02 0.10000010E-02 0.10000010E-02 0.10000010E-02 0.10000000E-02 0.10000010E-02 0.10000000E-02 0.10000000E-02 0.10000000E-02 0.10000010E-02 0.10000010E-02 0.10000000E-02 0.10000010E-02 0.10000010E-02 0.10000000E-02 0.10000000E-02 0.10000000E-02 0.10000010E-02 0.10000000E-02 0.10000010E-02 0.10000010E-02 0.10000010E-02 0.10000000E-02 0.10000010E-02 0.10000000E-02 0.10000000E-02 0.10000010E-02 0.10000000E-02 0.10000010E-02 0.10000000E-02 0.10000000E-02 0.99999947E-03 0.10000000E-02 0.10000000E-02 0.99999947E-03 0.99999947E-03 0.10000000E-02 0.10000000E-02 0.10000000E-02 0.10000000E-02 0.10000000E-02 0.10000000E-02 0.99999947E-03 0.10000000E-02 0.10000010E-02 0.99999947E-03 0.10000000E-02 0.10000000E-02 0.10000000E-02 0.10000000E-02 0.10000000E-02 0.10000000E-02 0.10000000E-02 0.10000000E-02 0.10000000E-02
 0.10000000E-02 0.10000010E-02 0.10000000E-02 0.10000000E-02 0.10000000E-02 0.10000000E-02 0.10000000E-02 0.10000000E-02 0.10000000E-02 0.10000000E-02 0.10000000E-02 0.10000000E-02 0.10000010E-02 0.99999947E-03 0.10000010E-02 0.10000000E-02 0.10000000E-02 0.10000000E-02 0.99999947E-03 0.10000000E-02 0.99999947E-03 0.10000010E-02 0.10000000E-02 0.10000000E-02 0.10000010E-02 0.10000010E-02 0.10000000E-02 0.10000000E-02 0.99999947E-03 0.10000000E-02 0.10000000E-02 0.10000000E-02 0.99999947E-03 0.99999947E-03 0.10000010E-02 0.10000010E-02 0.10000000E-02 0.10000000E-02 0.99999947E-03 0.10000000E-02 0.10000010E-02 0.10000000E-02 0.10000010E-02 0.10000000E-02 0.10000010E-02 0.10000000E-02 0.10000010E-02 0.10000000E-02 0.99999947E-03 0.10000000E-02 0.10000000E-02 0.10000010E-02 0.10000010E-02 0.99999947E-03 0.99999947E-03 0.10000000E-02 0.10000000E-02 0.10000000E-02 0.99999947E-03 0.10000000E-02 0.10000000E-02 0.10000010E-02 0.10000010E-02 0.10000000E-02 0.10000000E-02 0.10000010E-02 0.99999947E-03 0.10000000E-02 0.99999947E-03 0.10000000E-02 0.10000000E-02 0.10000000E-02 0.10000010E-02 0.99999947E-03 0.10000010E-02 0.10000000E-02 0.10000000E-02 0.10000000E-02 0.10000000E-02 0.10000000E-02 0.10000000E-02 0.10000000E-02 0.10000000E-02 0.10000000E-02 0.10000000E-02 0.10000010E-02 0.10000000E-02
 0.10000000E-02 0.10000010E-02 0.10000000E-02 0.10000000E-02 0.10000010E-02 0.10000000E-02 0.10000000E-02 0.10000000E-02 0.10000000E-02 0.10000000E-02 0.10000000E-02 0.10000000E-02 0.10000000E-02 0.10000000E-02 0.10000000E-02 0.10000000E-02 0.10000010E-02 0.10000000E-02 0.10000010E-02 0.99999947E-03 0.10000000E-02 0.99999947E-03 0.99999947E-03 0.99999947E-03 0.10000000E-02 0.10000000E-02 0.10000010E-02 0.10000000E-02 0.10000010E-02 0.10000000E-02 0.10000000E-02 0.10000000E-02 0.99999888E-03 0.10000000E-02 0.10000000E-02 0.10000010E-02 0.99999947E-03 0.10000000E-02 0.10000010E-02 0.10000000E-02 0.10000000E-02 0.10000010E-02 0.10000000E-02 0.99999947E-03 0.10000000E-02 0.10000010E-02 0.10000000E-02 0.10000000E-02 0.10000010E-02 0.10000000E-02 0.99999947E-03 0.10000010E-02 0.10000000E-02 0.10000000E-02 0.99999888E-03 0.10000000E-02 0.10000000E-02 0.10000000E-02 0.10000010E-02 0.10000000E-02 0.10000010E-02 0.10000000E-02 0.10000000E-02 0.99999947E-03 0.99999947E-03 0.99999947E-03 0.10000000E-02 0.99999947E-03 0.10000010E-02 0.10000000E-02 0.10000010E-02 0.10000000E-02 0.10000000E-02 0.10000000E-02 0.10000000E-02 0.10000000E-02 0.10000000E-02 0.10000000E-02 0.10000000E-02 0.10000000E-02 0.10000000E-02 0.10000000E-02 0.10000010E-02 0.10000000E-02 0.10000000E-02 0.10000010E-02 0.10000000E-02
 0.10000010E-02 0.10000000E-02 0.10000000E-02 0.10000010E-02 0.10000000E-02 0.10000000E-02 0.10000010E-02 0.10000000E-02 0.10000000E-02 0.99999947E-03 0.10000000E-02 0.10000000E-02 0.10000000E-02 0.10000000E-02 0.10000000E-02 0.10000000E-02 0.10000010E-02 0.10000010E-02 0.10000000E-02 0.10000010E-02 0.10000000E-02 0.10000010E-02 0.10000000E-02 0.10000000E-02 0.10000000E-02 0.10000010E-02 0.10000000E-02 0.99999947E-03 0.10000010E-02 0.99999947E-03 0.10000010E-02 0.10000010E-02 0.99999947E-03 0.10000000E-02 0.10000000E-02 0.10000010E-02 0.10000000E-02 0.10000000E-02 0.10000000E-02 0.99999947E-03 0.10000000E-02 0.10000010E-02 0.10000000E-02 0.10000010E-02 0.10000000E-02 0.10000010E-02 0.10000000E-02 0.99999947E-03 0.10000000E-02 0.10000000E-02 0.10000000E-02 0.10000010E-02 0.10000000E-02 0.10000000E-02 0.99999947E-03 0.10000010E-02 0.10000010E-02 0.99999947E-03 0.10000010E-02 0.99999947E-03 0.10000000E-02 0.10000010E-02 0.10000000E-02 0.10000000E-02 0.10000000E-02 0.10000010E-02 0.10000000E-02 0.10000010E-02 0.10000000E-02 0.10000010E-02 0.10000010E-02 0.10000000E-02 0.10000000E-02 0.10000000E-02 0.10000000E-02 0.10000000E-02 0.10000000E-02 0.99999947E-03 0.10000000E-02 0.10000000E-02 0.10000010E-02 0.10000000E-02 0.10000000E-02 0.10000010E-02 0.10000000E-02 0.10000000E-02 0.10000010E-02
 0.10000000E-02 0.10000000E-02 0.10000000E-02 0.10000000E-02 0.10000010E-02 0.10000000E-02 0.10000000E-02 0.10000000E-02 0.10000000E-02 0.10000000E-02 0.10000000E-02 0.10000000E-02 0.99999947E-03 0.10000010E-02 0.99999888E-03 0.10000000E-02 0.10000000E-02 0.10000000E-02 0.10000000E-02 0.10000000E-02 0.10000000E-02 0.99999888E-03 0.10000010E-02 0.99999888E-03 0.10000010E-02 0.10000000E-02 0.10000010E-02 0.10000000E-02 0.10000000E-02 0.99999947E-03 0.99999947E-03 0.99999888E-03 0.10000000E-02 0.10000000E-02 0.10000010E-02 0.10000000E-02 0.10000000E-02 0.99999947E-03 0.10000000E-02 0.10000010E-02 0.10000000E-02 0.10000010E-02 0.99999947E-03 0.10000010E-02 0.99999947E-03 0.10000010E-02 0.10000000E-02 0.10000010E-02 0.10000000E-02 0.99999947E-03 0.10000000E-02 0.10000000E-02 0.10000010E-02 0.10000000E-02 0.10000000E-02 0.99999888E-03 0.99999947E-03 0.99999947E-03 0.10000000E-02 0.10000000E-02 0.10000010E-02 0.10000000E-02 0.10000010E-02 0.99999888E-03 0.10000010E-02 0.99999888E-03 0.10000000E-02 0.10000000E-02 0.10000000E-02 0.10000000E-02 0.10000000E-02 0.10000000E-02 0.99999888E-03 0.10000010E-02 0.99999947E-03 0.10000000E-02 0.10000000E-02 0.10000000E-02 0.10000000E-02 0.10000000E-02 0.10000000E-02 0.10000000E-02 0.10000010E-02 0.10000000E-02 0.10000000E-02 0.10000000E-02 0.10000000E-02
 0.10000010E-02 0.10000000E-02 0.10000000E-02 0.10000010E-02 0.10000000E-02 0.10000000E-02 0.10000010E-02 0.10000000E-02 0.10000000E-02 0.99999947E-03 0.10000000E-02 0.10000000E-02 0.10000000E-02 0.10000000E-02 0.10000000E-02 0.10000000E-02 0.10000010E-02 0.10000010E-02 0.10000000E-02 0.10000010E-02 0.10000000E-02 0.10000010E-02 0.10000000E-02 0.10000000E-02 0.10000000E-02 0.10000010E-02 0.10000000E-02 0.99999947E-03 0.10000010E-02 0.99999947E-03 0.10000010E-02 0.10000010E-02 0.99999947E-03 0.10000000E-02 0.10000000E-02 0.10000010E-02 0.10000000E-02 0.10000000E-02 0.10000000E-02 0.99999947E-03 0.10000000E-02 0.10000010E-02 0.10000000E-02 0.10000010E-02 0.10000000E-02 0.10000010E-02 0.10000000E-02 0.99999947E-03 0.10000000E-02 0.10000000E-02 0.10000000E-02 0.10000010E-02 0.10000000E-02 0.10000000E-02 0.99999947E-03 0.10000010E-02 0.10000010E-02 0.99999947E-03 0.10000010E-02 0.99999947E-03 0.10000000E-02 0.10000010E-02 0.10000000E-02 0.10000000E-02 0.10000000E-02 0.10000010E-02 0.10000000E-02 0.10000010E-02 0.10000000E-02 0.10000010E-02 0.10000010E-02 0.10000000E-02 0.10000000E-02 0.10000000E-02 0.10000000E-02 0.10000000E-02 0.10000000E-02 0.99999947E-03 0.10000000E-02 0.10000000E-02 0.10000010E-02 0.10000000E-02 0.10000000E-02 0.10000010E-02 0.10000000E-02 0.10000000E-02 0.10000010E-02
 0.10000000E-02 0.10000010E-02 0.10000000E-02 0.10000000E-02 0.10000010E-02 0.10000000E-02 0.10000000E-02 0.10000000E-02 0.10000000E-02 0.10000000E-02 0.10000000E-02 0.10000000E-02 0.10000000E-02 0.10000000E-02 0.10000000E-02 0.10000000E-02 0.10000010E-02 0.10000000E-02 0.10000010E-02 0.99999947E-03 0.10000000E-02 0.99999947E-03 0.99999947E-03 0.99999947E-03 0.10000000E-02 0.10000000E-02 0.10000010E-02 0.10000000E-02 0.10000010E-02 0.10000000E-02 0.10000000E-02 0.10000000E-02 0.99999888E-03 0.10000000E-02 0.10000000E-02 0.10000010E-02 0.99999947E-03 0.10000000E-02 0.10000010E-02 0.10000000E-02 0.10000000E-02 0.10000010E-02 0.10000000E-02 0.99999947E-03 0.10000000E-02 0.10000010E-02 0.10000000E-02 0.10000000E-02 0.10000010E-02 0.10000000E-02 0.99999947E-03 0.10000010E-02 0.10000000E-02 0.10000000E-02 0.99999888E-03 0.10000000E-02 0.10000000E-02 0.10000000E-02 0.10000010E-02 0.10000000E-02 0.10000010E-02 0.10000000E-02 0.10000000E-02 0.99999947E-03 0.99999947E-03 0.99999947E-03 0.10000000E-02 0.99999947E-03 0.10000010E-02 0.10000000E-02 0.10000010E-02 0.10000000E-02 0.10000000E-02 0.10000000E-02 0.10000000E-02 0.10000000E-02 0.10000000E-02 0.10000000E-02 0.10000000E-02 0.10000000E-02 0.10000000E-02 0.10000000E-02 0.10000010E-02 0.10000000E-02 0.10000000E-02 0.10000010E-02 0.10000000E-02
 0.10000000E-02 0.10000010E-02 0.10000000E-02 0.10000000E-02 0.10000000E-02 0.10000000E-02 0.10000000E-02 0.10000000E-02 0.10000000E-02 0.10000000E-02 0.10000000E-02 0.10000000E-02 0.10000010E-02 0.99999947E-03 0.10000010E-02 0.10000000E-02 0.10000000E-02 0.10000000E-02 0.99999947E-03 0.10000000E-02 0.99999947E-03 0.10000010E-02 0.10000000E-02 0.10000000E-02 0.10000010E-02 0.10000010E-02 0.10000000E-02 0.10000000E-02 0.99999947E-03 0.10000000E-02 0.10000000E-02 0.10000000E-02 0.99999947E-03 0.99999947E-03 0.10000010E-02 0.10000010E-02 0.10000000E-02 0.10000000E-02 0.99999947E-03 0.10000000E-02 0.10000010E-02 0.10000000E-02 0.10000010E-02 0.10000000E-02 0.10000010E-02 0.10000000E-02 0.10000010E-02 0.10000000E-02 0.99999947E-03 0.10000000E-02 0.10000000E-02 0.10000010E-02 0.10000010E-02 0.99999947E-03 0.99999947E-03 0.10000000E-02 0.10000000E-02 0.10000000E-02 0.99999947E-03 0.10000000E-02 0.10000000E-02 0.10000010E-02 0.10000010E-02 0.10000000E-02 0.10000000E-02 0.10000010E-02 0.99999947E-03 0.10000000E-02 0.99999947E-03 0.10000000E-02 0.10000000E-02 0.10000000E-02 0.10000010E-02 0.99999947E-03 0.10000010E-02 0.10000000E-02 0.10000000E-02 0.10000000E-02 0.10000000E-02 0.10000000E-02 0.10000000E-02 0.10000000E-02 0.10000000E-02 0.10000000E-02 0.10000000E-02 0.10000010E-02 0.10000000E-02
 0.10000000E-02 0.10000000E-02 0.10000000E-02 0.10000000E-02 0.10000000E-02 0.10000000E-02 0.10000000E-02 0.10000000E-02 0.10000000E-02 0.99999947E-03 0.10000010E-02 0.10000000E-02 0.99999947E-03 0.10000000E-02 0.10000000E-02 0.10000000E-02 0.10000000E-02 0.10000000E-02 0.10000000E-02 0.99999947E-03 0.99999947E-03 0.10000000E-02 0.10000000E-02 0.99999947E-03 0.10000000E-02 0.10000000E-02 0.10000010E-02 0.10000000E-02 0.10000010E-02 0.10000000E-02 0.10000000E-02 0.10000010E-02 0.10000000E-02 0.10000010E-02 0.10000010E-02 0.10000010E-02 0.10000000E-02 0.10000010E-02 0.10000000E-02 0.10000000E-02 0.10000000E-02 0.10000010E-02 0.10000010E-02 0.10000000E-02 0.10000010E-02 0.10000010E-02 0.10000000E-02 0.10000000E-02 0.10000000E-02 0.10000010E-02 0.10000000E-02 0.10000010E-02 0.10000010E-02 0.10000010E-02 0.10000000E-02 0.10000010E-02 0.10000000E-02 0.10000000E-02 0.10000010E-02 0.10000000E-02 0.10000010E-02 0.10000000E-02 0.10000000E-02 0.99999947E-03 0.10000000E-02 0.10000000E-02 0.99999947E-03 0.99999947E-03 0.10000000E-02 0.10000000E-02 0.10000000E-02 0.10000000E-02 0.10000000E-02 0.10000000E-02 0.99999947E-03 0.10000000E-02 0.10000010E-02 0.99999947E-03 0.10000000E-02 0.10000000E-02 0.10000000E-02 0.10000000E-02 0.10000000E-02 0.10000000E-02 0.10000000E-02 0.10000000E-02 0.10000000E-02
 0.10000000E-02 0.10000000E-02 0.10000000E-02 0.10000000E-02 0.10000000E-02 0.10000000E-02 0.10000000E-02 0.10000000E-02 0.10000000E-02 0.10000010E-02 0.10000000E-02 0.10000010E-02 0.99999947E-03 0.99999947E-03 0.10000000E-02 0.10000010E-02 0.99999947E-03 0.99999947E-03 0.10000000E-02 0.10000000E-02 0.99999947E-03 0.10000000E-02 0.99999947E-03 0.10000000E-02 0.10000000E-02 0.99999947E-03 0.99999947E-03 0.10000000E-02 0.10000000E-02 0.10000000E-02 0.99999947E-03 0.10000000E-02 0.10000000E-02 0.99999947E-03 0.10000010E-02 0.99999947E-03 0.10000010E-02 0.99999947E-03 0.99999947E-03 0.99999947E-03 0.99999947E-03 0.10000000E-02 0.10000000E-02 0.10000010E-02 0.10000000E-02 0.10000000E-02 0.99999947E-03 0.99999947E-03 0.99999947E-03 0.99999947E-03 0.10000010E-02 0.99999947E-03 0.10000010E-02 0.99999947E-03 0.10000000E-02 0.10000000E-02 0.99999947E-03 0.10000000E-02 0.10000000E-02 0.10000000E-02 0.99999947E-03 0.99999947E-03 0.10000000E-02 0.10000000E-02 0.99999947E-03 0.10000000E-02 0.99999947E-03 0.10000000E-02 0.10000000E-02 0.99999947E-03 0.99999947E-03 0.10000010E-02 0.10000000E-02 0.99999947E-03 0.99999947E-03 0.10000010E-02 0.10000000E-02 0.10000010E-02 0.10000000E-02 0.10000000E-02 0.10000000E-02 0.10000000E-02 0.10000000E-02 0.10000000E-02 0.10000000E-02 0.10000000E-02 0.10000000E-02
 0.10000000E-02 0.10000000E-02 0.10000000E-02 0.10000000E-02 0.10000000E-02 0.10000000E-02 0.10000000E-02 0.10000000E-02 0.10000010E-02 0.99999947E-03 0.10000010E-02 0.10000000E-02 0.10000010E-02 0.99999947E-03 0.99999947E-03 0.10000010E-02 0.99999947E-03 0.99999947E-03 0.10000000E-02 0.10000000E-02 0.99999947E-03 0.99999947E-03 0.99999888E-03 0.10000000E-02 0.10000010E-02 0.10000010E-02 0.10000010E-02 0.10000000E-02 0.10000010E-02 0.10000000E-02 0.10000000E-02 0.10000000E-02 0.10000000E-02 0.10000010E-02 0.10000010E-02 0.10000000E-02 0.10000010E-02 0.99999947E-03 0.10000000E-02 0.10000010E-02 0.10000000E-02 0.10000010E-02 0.99999947E-03 0.10000000E-02 0.99999947E-03 0.10000010E-02 0.10000000E-02 0.10000010E-02 0.10000000E-02 0.99999947E-03 0.10000010E-02 0.10000000E-02 0.10000010E-02 0.10000010E-02 0.10000000E-02 0.10000000E-02 0.10000000E-02 0.10000000E-02 0.10000010E-02 0.10000000E-02 0.10000010E-02 0.10000010E-02 0.10000010E-02 0.10000000E-02 0.99999888E-03 0.99999947E-03 0.99999947E-03 0.10000000E-02 0.10000000E-02 0.99999947E-03 0.99999947E-03 0.10000010E-02 0.99999947E-03 0.99999947E-03 0.10000010E-02 0.10000000E-02 0.10000010E-02 0.99999947E-03 0.10000010E-02 0.10000000E-02 0.10000000E-02 0.10000000E-02 0.10000000E-02 0.10000000E-02 0.10000000E-02 0.10000000E-02 0.10000000E-02
 0.10000000E-02 0.10000000E-02 0.10000000E-02 0.10000000E-02 0.10000000E-02 0.10000000E-02 0.10000000E-02 0.10000000E-02 0.10000000E-02 0.99999947E-03 0.10000000E-02 0.10000000E-02 0.10000000E-02 0.10000010E-02 0.99999947E-03 0.10000010E-02 0.10000000E-02 0.10000000E-02 0.10000000E-02 0.10000000E-02 0.10000000E-02 0.99999947E-03 0.10000000E-02 0.10000000E-02 0.10000000E-02 0.10000000E-02 0.99999947E-03 0.10000000E-02 0.10000000E-02 0.10000010E-02 0.10000000E-02 0.10000000E-02 0.99999947E-03 0.10000010E-02 0.10000000E-02 0.99999947E-03 0.10000000E-02 0.10000000E-02 0.10000000E-02 0.99999947E-03 0.99999947E-03 0.10000000E-02 0.10000000E-02 0.10000000E-02 0.10000000E-02 0.10000000E-02 0.99999947E-03 0.99999947E-03 0.10000000E-02 0.10000000E-02 0.10000000E-02 0.99999947E-03 0.10000000E-02 0.10000010E-02 0.99999947E-03 0.10000000E-02 0.10000000E-02 0.10000010E-02 0.10000000E-02 0.10000000E-02 0.99999947E-03 0.10000000E-02 0.10000000E-02 0.10000000E-02 0.10000000E-02 0.99999947E-03 0.10000000E-02 0.10000000E-02 0.10000000E-02 0.10000000E-02 0.10000000E-02 0.10000010E-02 0.99999947E-03 0.10000010E-02 0.10000000E-02 0.10000000E-02 0.10000000E-02 0.99999947E-03 0.10000000E-02 0.10000000E-02 0.10000000E-02 0.10000000E-02 0.10000000E-02 0.10000000E-02 0.10000000E-02 0.10000000E-02 0.10000000E-02
 0.10000000E-02 0.10000000E-02 0.10000000E-02 0.10000000E-02 0.10000000E-02 0.10000000E-02 0.10000000E-02 0.10000000E-02 0.10000000E-02 0.10000000E-02 0.10000000E-02 0.10000000E-02 0.10000000E-02 0.10000000E-02 0.10000000E-02 0.10000010E-02 0.99999947E-03 0.10000010E-02 0.10000000E-02 0.10000000E-02 0.10000000E-02 0.10000000E-02 0.10000000E-02 0.99999947E-03 0.10000010E-02 0.10000000E-02 0.10000010E-02 0.99999947E-03 0.10000000E-02 0.10000010E-02 0.99999947E-03 0.10000000E-02 0.10000000E-02 0.99999947E-03 0.10000010E-02 0.10000010E-02 0.10000010E-02 0.10000000E-02 0.99999947E-03 0.10000000E-02 0.99999947E-03 0.10000000E-02 0.10000010E-02 0.10000000E-02 0.10000010E-02 0.10000000E-02 0.99999947E-03 0.10000000E-02 0.99999947E-03 0.10000000E-02 0.10000010E-02 0.10000010E-02 0.10000010E-02 0.99999947E-03 0.10000000E-02 0.10000000E-02 0.99999947E-03 0.10000010E-02 0.10000000E-02 0.99999947E-03 0.10000010E-02 0.10000000E-02 0.10000010E-02 0.99999947E-03 0.10000000E-02 0.10000000E-02 0.10000000E-02 0.10000000E-02 0.10000000E-02 0.10000010E-02 0.99999947E-03 0.10000010E-02 0.10000000E-02 0.10000000E-02 0.10000000E-02 0.10000000E-02 0.10000000E-02 0.10000000E-02 0.10000000E-02 0.10000000E-02 0.10000000E-02 0.10000000E-02 0.10000000E-02 0.10000000E-02 0.10000000E-02 0.10000000E-02 0.10000000E-02
 0.10000000E-02 0.99999947E-03 0.10000000E-02 0.10000000E-02 0.10000000E-02 0.10000000E-02 0.10000000E-02 0.10000000E-02 0.10000010E-02 0.10000000E-02 0.10000000E-02 0.99999947E-03 0.10000000E-02 0.10000000E-02 0.10000000E-02 0.10000000E-02 0.10000010E-02 0.10000010E-02 0.10000000E-02 0.99999947E-03 0.10000000E-02 0.10000010E-02 0.10000010E-02 0.10000000E-02 0.99999947E-03 0.10000000E-02 0.10000010E-02 0.10000010E-02 0.10000000E-02 0.99999947E-03 0.99999947E-03 0.99999947E-03 0.10000010E-02 0.10000000E-02 0.10000000E-02 0.10000000E-02 0.10000000E-02 0.99999947E-03 0.10000010E-02 0.10000000E-02 0.99999947E-03 0.10000000E-02 0.10000000E-02 0.10000010E-02 0.10000000E-02 0.10000000E-02 0.99999947E-03 0.10000000E-02 0.10000010E-02 0.99999947E-03 0.10000000E-02 0.10000000E-02 0.10000000E-02 0.10000000E-02 0.10000010E-02 0.99999947E-03 0.99999947E-03 0.99999947E-03 0.10000000E-02 0.10000010E-02 0.10000010E-02 0.10000000E-02 0.99999947E-03 0.10000000E-02 0.10000010E-02 0.10000010E-02 0.10000000E-02 0.99999947E-03 0.10000000E-02 0.10000010E-02 0.10000010E-02 0.10000000E-02 0.10000000E-02 0.10000000E-02 0.10000000E-02 0.99999947E-03 0.10000000E-02 0.10000000E-02 0.10000010E-02 0.10000000E-02 0.10000000E-02 0.10000000E-02 0.10000000E-02 0.10000000E-02 0.10000000E-02 0.99999947E-03 0.10000000E-02
 0.10000000E-02 0.10000000E-02 0.10000010E-02 0.10000000E-02 0.10000000E-02 0.10000000E-02 0.10000000E-02 0.10000000E-02 0.10000000E-02 0.10000000E-02 0.10000010E-02 0.10000000E-02 0.10000000E-02 0.10000000E-02 0.99999947E-03 0.10000000E-02 0.99999947E-03 0.10000010E-02 0.10000000E-02 0.10000000E-02 0.10000000E-02 0.10000000E-02 0.99999947E-03 0.10000000E-02 0.99999947E-03 0.10000000E-02 0.10000000E-02 0.10000000E-02 0.10000000E-02 0.10000010E-02 0.10000000E-02 0.10000000E-02 0.10000000E-02 0.99999947E-03 0.99999947E-03 0.99999947E-03 0.10000000E-02 0.99999947E-03 0.10000010E-02 0.10000010E-02 0.10000000E-02 0.10000000E-02 0.99999947E-03 0.10000010E-02 0.99999947E-03 0.10000000E-02 0.10000000E-02 0.10000010E-02 0.10000010E-02 0.99999947E-03 0.10000000E-02 0.99999947E-03 0.99999947E-03 0.99999947E-03 0.10000000E-02 0.10000000E-02 0.10000000E-02 0.10000010E-02 0.10000000E-02 0.10000000E-02 0.10000000E-02 0.10000000E-02 0.99999947E-03 0.10000000E-02 0.99999947E-03 0.10000000E-02 0.10000000E-02 0.10000000E-02 0.10000000E-02 0.10000010E-02 0.99999947E-03 0.10000000E-02 0.99999947E-03 0.10000000E-02 0.10000000E-02 0.10000000E-02 0.10000010E-02 0.10000000E-02 0.10000000E-02 0.10000000E-02 0.10000000E-02 0.10000000E-02 0.10000000E-02 0.10000000E-02 0.10000010E-02 0.10000000E-02 0.10000000E-02
 0.10000000E-02 0.10000000E-02 0.99999947E-03 0.10000000E-02 0.10000010E-02 0.10000000E-02 0.10000000E-02 0.10000000E-02 0.10000000E-02 0.10000000E-02 0.10000000E-02 0.10000000E-02 0.10000000E-02 0.99999947E-03 0.10000000E-02 0.10000000E-02 0.10000000E-02 0.10000000E-02 0.99999947E-03 0.10000000E-02 0.10000000E-02 0.99999947E-03 0.10000010E-02 0.10000000E-02 0.10000010E-02 0.10000000E-02 0.99999947E-03 0.10000000E-02 0.10000000E-02 0.10000010E-02 0.10000000E-02 0.99999947E-03 0.10000000E-02 0.10000010E-02 0.10000000E-02 0.99999947E-03 0.99999947E-03 0.10000010E-02 0.99999947E-03 0.10000000E-02 0.10000010E-02 0.10000000E-02 0.10000000E-02 0.99999947E-03 0.10000000E-02 0.10000000E-02 0.10000010E-02 0.10000000E-02 0.99999947E-03 0.10000010E-02 0.99999947E-03 0.99999947E-03 0.10000000E-02 0.10000010E-02 0.10000000E-02 0.99999947E-03 0.10000000E-02 0.10000010E-02 0.10000000E-02 0.10000000E-02 0.99999947E-03 0.10000000E-02 0.10000010E-02 0.10000000E-02 0.10000010E-02 0.99999947E-03 0.10000000E-02 0.10000000E-02 0.99999947E-03 0.10000000E-02 0.10000000E-02 0.10000000E-02 0.10000000E-02 0.99999947E-03 0.10000000E-02 0.10000000E-02 0.10000000E-02 0.10000000E-02 0.10000000E-02 0.10000000E-02 0.10000000E-02 0.10000000E-02 0.10000010E-02 0.10000000E-02 0.99999947E-03 0.10000000E-02 0.10000000E-02
 0.10000000E-02 0.10000000E-02 0.10000000E-02 0.10000000E-02 0.10000000E-02 0.10000000E-02 0.10000000E-02 0.10000000E-02 0.10000000E-02 0.10000000E-02 0.10000000E-02 0.10000000E-02 0.10000010E-02 0.10000000E-02 0.99999947E-03 0.10000000E-02 0.10000000E-02 0.10000000E-02 0.10000000E-02 0.10000000E-02 0.99999947E-03 0.99999947E-03 0.99999947E-03 0.99999947E-03 0.10000000E-02 0.99999888E-03 0.10000000E-02 0.10000010E-02 0.10000000E-02 0.10000000E-02 0.10000010E-02 0.10000000E-02 0.10000000E-02 0.10000000E-02 0.10000000E-02 0.10000000E-02 0.10000000E-02 0.10000010E-02 0.99999947E-03 0.10000000E-02 0.10000000E-02 0.10000010E-02 0.10000000E-02 0.10000000E-02 0.10000000E-02 0.10000010E-02 0.10000000E-02 0.10000000E-02 0.99999947E-03 0.10000010E-02 0.10000000E-02 0.10000000E-02 0.10000000E-02 0.10000000E-02 0.10000000E-02 0.10000000E-02 0.10000010E-02 0.10000000E-02 0.10000000E-02 0.10000010E-02 0.10000000E-02 0.99999888E-03 0.10000000E-02 0.99999947E-03 0.99999947E-03 0.99999947E-03 0.99999947E-03 0.10000000E-02 0.10000000E-02 0.10000000E-02 0.10000000E-02 0.10000000E-02 0.99999947E-03 0.10000000E-02 0.10000010E-02 0.10000000E-02 0.10000000E-02 0.10000000E-02 0.10000000E-02 0.10000000E-02 0.10000000E-02 0.10000000E-02 0.10000000E-02 0.10000000E-02 0.10000000E-02 0.10000000E-02 0.10000000E-02
 0.10000000E-02 0.10000000E-02 0.10000000E-02 0.10000000E-02 0.10000000E-02 0.10000000E-02 0.10000000E-02 0.99999947E-03 0.10000000E-02 0.10000000E-02 0.10000000E-02 0.10000000E-02 0.10000010E-02 0.10000000E-02 0.10000000E-02 0.10000000E-02 0.10000010E-02 0.10000000E-02 0.10000000E-02 0.10000000E-02 0.10000010E-02 0.10000000E-02 0.10000000E-02 0.10000000E-02 0.10000000E-02 0.10000000E-02 0.99999888E-03 0.10000010E-02 0.10000000E-02 0.10000000E-02 0.10000000E-02 0.10000000E-02 0.10000000E-02 0.99999947E-03 0.10000000E-02 0.99999947E-03 0.10000000E-02 0.10000010E-02 0.99999947E-03 0.99999947E-03 0.99999947E-03 0.10000000E-02 0.99999947E-03 0.10000000E-02 0.99999947E-03 0.10000000E-02 0.99999947E-03 0.99999947E-03 0.99999947E-03 0.10000010E-02 0.10000000E-02 0.99999947E-03 0.10000000E-02 0.99999947E-03 0.10000000E-02 0.10000000E-02 0.10000000E-02 0.10000000E-02 0.10000000E-02 0.10000010E-02 0.99999888E-03 0.10000000E-02 0.10000000E-02 0.10000000E-02 0.10000000E-02 0.10000000E-02 0.10000010E-02 0.10000000E-02 0.10000000E-02 0.10000000E-02 0.10000010E-02 0.10000000E-02 0.10000000E-02 0.10000000E-02 0.10000010E-02 0.10000000E-02 0.10000000E-02 0.10000000E-02 0.10000000E-02 0.99999947E-03 0.10000000E-02 0.10000000E-02 0.10000000E-02 0.10000000E-02 0.10000000E-02 0.10000000E-02 0.10000000E-02
 0.10000000E-02 0.10000000E-02 0.10000000E-02 0.10000000E-02 0.10000000E-02 0.10000000E-02 0.10000000E-02 0.10000000E-02 0.10000010E-02 0.10000000E-02 0.10000010E-02 0.10000000E-02 0.99999947E-03 0.10000010E-02 0.10000010E-02 0.10000000E-02 0.99999947E-03 0.10000000E-02 0.10000000E-02 0.10000000E-02 0.10000000E-02 0.10000010E-02 0.10000010E-02 0.10000000E-02 0.10000010E-02 0.10000010E-02 0.10000010E-02 0.99999947E-03 0.99999947E-03 0.99999947E-03 0.10000000E-02 0.10000000E-02 0.10000000E-02 0.10000000E-02 0.10000000E-02 0.99999947E-03 0.10000000E-02 0.99999947E-03 0.99999947E-03 0.99999947E-03 0.10000010E-02 0.99999947E-03 0.10000010E-02 0.10000000E-02 0.10000010E-02 0.99999947E-03 0.10000010E-02 0.99999947E-03 0.99999947E-03 0.99999947E-03 0.10000000E-02 0.99999947E-03 0.10000000E-02 0.10000000E-02 0.10000000E-02 0.10000000E-02 0.10000000E-02 0.99999947E-03 0.99999947E-03 0.99999947E-03 0.10000010E-02 0.10000010E-02 0.10000010E-02 0.10000000E-02 0.10000010E-02 0.10000010E-02 0.10000000E-02 0.10000000E-02 0.10000000E-02 0.10000000E-02 0.99999947E-03 0.10000000E-02 0.10000010E-02 0.10000010E-02 0.99999947E-03 0.10000000E-02 0.10000010E-02 0.10000000E-02 0.10000010E-02 0.10000000E-02 0.10000000E-02 0.10000000E-02 0.10000000E-02 0.10000000E-02 0.10000000E-02 0.10000000E-02 0.10000000E-02
 0.10000000E-02 0.10000000E-02 0.10000000E-02 0.10000000E-02 0.99999947E-03 0.10000000E-02 0.10000000E-02 0.10000000E-02 0.10000000E-02 0.10000000E-02 0.10000000E-02 0.10000000E-02 0.10000000E-02 0.10000000E-02 0.10000000E-02 0.10000000E-02 0.10000000E-02 0.99999947E-03 0.99999947E-03 0.10000010E-02 0.99999947E-03 0.10000000E-02 0.10000000E-02 0.99999888E-03 0.10000000E-02 0.99999947E-03 0.10000000E-02 0.10000000E-02 0.10000000E-02 0.99999947E-03 0.10000000E-02 0.10000000E-02 0.10000010E-02 0.10000000E-02 0.99999947E-03 0.10000000E-02 0.10000010E-02 0.10000000E-02 0.10000010E-02 0.99999947E-03 0.10000000E-02 0.99999947E-03 0.10000000E-02 0.10000000E-02 0.10000000E-02 0.99999947E-03 0.10000000E-02 0.99999947E-03 0.10000010E-02 0.10000000E-02 0.10000010E-02 0.10000000E-02 0.99999947E-03 0.10000000E-02 0.10000010E-02 0.10000000E-02 0.10000000E-02 0.99999947E-03 0.10000000E-02 0.10000000E-02 0.10000000E-02 0.99999947E-03 0.10000000E-02 0.99999888E-03 0.10000000E-02 0.10000000E-02 0.99999947E-03 0.10000010E-02 0.99999947E-03 0.99999947E-03 0.10000000E-02 0.10000000E-02 0.10000000E-02 0.10000000E-02 0.10000000E-02 0.10000000E-02 0.10000000E-02 0.10000000E-02 0.10000000E-02 0.10000000E-02 0.10000000E-02 0.10000000E-02 0.99999947E-03 0.10000000E-02 0.10000000E-02 0.10000000E-02 0.10000000E-02
 0.10000010E-02 0.10000000E-02 0.10000000E-02 0.10000010E-02 0.10000000E-02 0.10000000E-02 0.10000010E-02 0.10000000E-02 0.10000000E-02 0.99999947E-03 0.10000000E-02 0.10000000E-02 0.10000000E-02 0.10000010E-02 0.10000010E-02 0.99999947E-03 0.10000010E-02 0.99999947E-03 0.10000000E-02 0.10000000E-02 0.10000000E-02 0.10000000E-02 0.99999947E-03 0.10000000E-02 0.10000000E-02 0.10000000E-02 0.10000010E-02 0.10000010E-02 0.10000010E-02 0.10000000E-02 0.10000010E-02 0.10000000E-02 0.10000000E-02 0.10000000E-02 0.10000000E-02 0.10000010E-02 0.10000010E-02 0.10000000E-02 0.10000010E-02 0.10000000E-02 0.99999947E-03 0.10000000E-02 0.10000000E-02 0.99999888E-03 0.10000000E-02 0.10000000E-02 0.99999947E-03 0.10000000E-02 0.10000010E-02 0.10000000E-02 0.10000010E-02 0.10000010E-02 0.10000000E-02 0.10000000E-02 0.10000000E-02 0.10000000E-02 0.10000010E-02 0.10000000E-02 0.10000010E-02 0.10000010E-02 0.10000010E-02 0.10000000E-02 0.10000000E-02 0.10000000E-02 0.99999947E-03 0.10000000E-02 0.10000000E-02 0.10000000E-02 0.10000000E-02 0.99999947E-03 0.10000010E-02 0.99999947E-03 0.10000010E-02 0.10000010E-02 0.10000000E-02 0.10000000E-02 0.10000000E-02 0.99999947E-03 0.10000000E-02 0.10000000E-02 0.10000010E-02 0.10000000E-02 0.10000000E-02 0.10000010E-02 0.10000000E-02 0.10000000E-02 0.10000010E-02
 0.10000000E-02 0.10000000E-02 0.10000000E-02 0.10000000E-02 0.99999947E-03 0.99999947E-03 0.10000000E-02 0.10000000E-02 0.10000000E-02 0.99999947E-03 0.10000000E-02 0.10000010E-02 0.10000010E-02 0.10000000E-02 0.10000000E-02 0.10000000E-02 0.10000010E-02 0.10000000E-02 0.10000000E-02 0.10000000E-02 0.10000000E-02 0.10000000E-02 0.10000000E-02 0.99999947E-03 0.10000000E-02 0.10000000E-02 0.10000010E-02 0.10000010E-02 0.10000010E-02 0.10000000E-02 0.10000000E-02 0.99999947E-03 0.10000000E-02 0.99999947E-03 0.10000000E-02 0.99999947E-03 0.10000010E-02 0.10000010E-02 0.10000010E-02 0.10000000E-02 0.10000000E-02 0.10000000E-02 0.10000010E-02 0.10000000E-02 0.10000010E-02 0.10000000E-02 0.10000000E-02 0.10000000E-02 0.10000010E-02 0.10000010E-02 0.10000010E-02 0.99999947E-03 0.10000000E-02 0.99999947E-03 0.10000000E-02 0.99999947E-03 0.10000000E-02 0.10000000E-02 0.10000010E-02 0.10000010E-02 0.10000010E-02 0.10000000E-02 0.10000000E-02 0.99999947E-03 0.10000000E-02 0.10000000E-02 0.10000000E-02 0.10000000E-02 0.10000000E-02 0.10000000E-02 0.10000010E-02 0.10000000E-02 0.10000000E-02 0.10000000E-02 0.10000010E-02 0.10000010E-02 0.10000000E-02 0.99999947E-03 0.10000000E-02 0.10000000E-02 0.10000000E-02 0.99999947E-03 0.99999947E-03 0.10000000E-02 0.10000000E-02 0.10000000E-02 0.10000000E-02
 0.99999947E-03 0.10000000E-02 0.10000000E-02 0.99999947E-03 0.10000010E-02 0.10000000E-02 0.99999947E-03 0.99999947E-03 0.10000000E-02 0.10000000E-02 0.10000000E-02 0.99999947E-03 0.10000000E-02 0.10000000E-02 0.10000000E-02 0.10000010E-02 0.10000000E-02 0.10000000E-02 0.10000000E-02 0.99999947E-03 0.99999947E-03 0.10000010E-02 0.99999947E-03 0.10000000E-02 0.10000000E-02 0.10000010E-02 0.10000000E-02 0.10000000E-02 0.10000000E-02 0.99999947E-03 0.10000010E-02 0.10000010E-02 0.10000010E-02 0.99999947E-03 0.10000000E-02 0.99999947E-03 0.10000010E-02 0.10000010E-02 0.10000010E-02 0.10000000E-02 0.10000010E-02 0.10000000E-02 0.99999947E-03 0.10000000E-02 0.99999947E-03 0.10000000E-02 0.10000010E-02 0.10000000E-02 0.10000010E-02 0.10000010E-02 0.10000010E-02 0.99999947E-03 0.10000000E-02 0.99999947E-03 0.10000010E-02 0.10000010E-02 0.10000010E-02 0.99999947E-03 0.10000000E-02 0.10000000E-02 0.10000000E-02 0.10000010E-02 0.10000000E-02 0.10000000E-02 0.99999947E-03 0.10000010E-02 0.99999947E-03 0.99999947E-03 0.10000000E-02 0.10000000E-02 0.10000000E-02 0.10000010E-02 0.10000000E-02 0.10000000E-02 0.10000000E-02 0.99999947E-03 0.10000000E-02 0.10000000E-02 0.10000000E-02 0.99999947E-03 0.99999947E-03 0.10000000E-02 0.10000010E-02 0.99999947E-03 0.10000000E-02 0.10000000E-02 0.99999947E-03
 0.10000000E-02 0.10000000E-02 0.10000000E-02 0.10000000E-02 0.10000000E-02 0.10000000E-02 0.10000000E-02 0.10000000E-02 0.10000000E-02 0.10000000E-02 0.10000000E-02 0.10000000E-02 0.10000000E-02 0.10000010E-02 0.99999947E-03 0.10000010E-02 0.10000010E-02 0.10000000E-02 0.10000010E-02 0.10000000E-02 0.10000000E-02 0.10000010E-02 0.99999947E-03 0.10000000E-02 0.99999947E-03 0.99999947E-03 0.10000010E-02 0.10000000E-02 0.10000000E-02 0.10000000E-02 0.10000010E-02 0.10000010E-02 0.99999947E-03 0.10000010E-02 0.99999947E-03 0.10000000E-02 0.99999888E-03 0.10000000E-02 0.10000000E-02 0.10000000E-02 0.99999947E-03 0.10000010E-02 0.99999947E-03 0.99999947E-03 0.99999947E-03 0.10000010E-02 0.99999947E-03 0.10000000E-02 0.10000000E-02 0.10000000E-02 0.99999888E-03 0.10000000E-02 0.99999947E-03 0.10000010E-02 0.99999947E-03 0.10000010E-02 0.10000010E-02 0.10000000E-02 0.10000000E-02 0.10000000E-02 0.10000010E-02 0.99999947E-03 0.99999947E-03 0.10000000E-02 0.99999947E-03 0.10000010E-02 0.10000000E-02 0.10000000E-02 0.10000010E-02 0.10000000E-02 0.10000010E-02 0.10000010E-02 0.99999947E-03 0.10000010E-02 0.10000000E-02 0.10000000E-02 0.10000000E-02 0.10000000E-02 0.10000000E-02 0.10000000E-02 0.10000000E-02 0.10000000E-02 0.10000000E-02 0.10000000E-02 0.10000000E-02 0.10000000E-02 0.10000000E-02
 0.10000000E-02 0.10000000E-02 0.10000000E-02 0.10000000E-02 0.10000000E-02 0.10000000E-02 0.10000000E-02 0.10000000E-02 0.10000000E-02 0.10000000E-02 0.10000000E-02 0.10000000E-02 0.99999947E-03 0.99999947E-03 0.10000000E-02 0.10000000E-02 0.99999947E-03 0.10000000E-02 0.10000000E-02 0.10000010E-02 0.99999888E-03 0.10000000E-02 0.10000000E-02 0.10000000E-02 0.10000010E-02 0.99999947E-03 0.99999947E-03 0.10000000E-02 0.10000000E-02 0.10000000E-02 0.99999947E-03 0.10000000E-02 0.10000000E-02 0.99999947E-03 0.10000000E-02 0.10000010E-02 0.10000000E-02 0.10000010E-02 0.10000000E-02 0.99999947E-03 0.10000010E-02 0.10000010E-02 0.10000010E-02 0.10000000E-02 0.10000010E-02 0.10000010E-02 0.10000010E-02 0.99999947E-03 0.10000000E-02 0.10000010E-02 0.10000000E-02 0.10000010E-02 0.10000000E-02 0.99999947E-03 0.10000000E-02 0.10000000E-02 0.99999947E-03 0.10000000E-02 0.10000000E-02 0.10000000E-02 0.99999947E-03 0.99999947E-03 0.10000010E-02 0.10000000E-02 0.10000000E-02 0.10000000E-02 0.99999888E-03 0.10000010E-02 0.10000000E-02 0.10000000E-02 0.99999947E-03 0.10000000E-02 0.10000000E-02 0.99999947E-03 0.99999947E-03 0.10000000E-02 0.10000000E-02 0.10000000E-02 0.10000000E-02 0.10000000E-02 0.10000000E-02 0.10000000E-02 0.10000000E-02 0.10000000E-02 0.10000000E-02 0.10000000E-02 0.10000000E-02
 0.10000000E-02 0.10000000E-02 0.10000010E-02 0.10000000E-02 0.10000000E-02 0.99999947E-03 0.10000000E-02 0.10000000E-02 0.10000010E-02 0.10000000E-02 0.10000010E-02 0.99999947E-03 0.10000000E-02 0.10000000E-02 0.99999947E-03 0.10000000E-02 0.10000010E-02 0.10000010E-02 0.10000000E-02 0.10000000E-02 0.10000000E-02 0.99999947E-03 0.99999947E-03 0.10000000E-02 0.10000000E-02 0.10000000E-02 0.10000010E-02 0.10000000E-02 0.10000000E-02 0.99999947E-03 0.10000010E-02 0.10000010E-02 0.99999947E-03 0.99999947E-03 0.10000010E-02 0.10000000E-02 0.10000000E-02 0.10000000E-02 0.10000010E-02 0.10000000E-02 0.10000010E-02 0.10000000E-02 0.10000000E-02 0.10000010E-02 0.10000000E-02 0.10000000E-02 0.10000010E-02 0.10000000E-02 0.10000010E-02 0.10000000E-02 0.10000000E-02 0.10000000E-02 0.10000010E-02 0.99999947E-03 0.99999947E-03 0.10000010E-02 0.10000010E-02 0.99999947E-03 0.10000000E-02 0.10000000E-02 0.10000010E-02 0.10000000E-02 0.10000000E-02 0.10000000E-02 0.99999947E-03 0.99999947E-03 0.10000000E-02 0.10000000E-02 0.10000000E-02 0.10000010E-02 0.10000010E-02 0.10000000E-02 0.99999947E-03 0.10000000E-02 0.10000000E-02 0.99999947E-03 0.10000010E-02 0.10000000E-02 0.10000010E-02 0.10000000E-02 0.10000000E-02 0.99999947E-03 0.10000000E-02 0.10000000E-02 0.10000010E-02 0.10000000E-02 0.10000000E-02
 0.10000000E-02 0.10000000E-02 0.10000000E-02 0.10000000E-02 0.10000000E-02 0.10000000E-02 0.10000000E-02 0.10000000E-02 0.10000000E-02 0.99999947E-03 0.10000010E-02 0.10000000E-02 0.10000000E-02 0.99999947E-03 0.10000000E-02 0.10000010E-02 0.10000000E-02 0.10000000E-02 0.10000010E-02 0.10000010E-02 0.10000000E-02 0.99999947E-03 0.10000000E-02 0.10000000E-02 0.10000000E-02 0.10000000E-02 0.10000010E-02 0.10000000E-02 0.99999947E-03 0.99999947E-03 0.10000000E-02 0.10000000E-02 0.10000000E-02 0.99999947E-03 0.10000000E-02 0.10000000E-02 0.10000000E-02 0.99999947E-03 0.10000000E-02 0.10000000E-02 0.99999947E-03 0.10000000E-02 0.10000000E-02 0.10000000E-02 0.10000000E-02 0.10000000E-02 0.99999947E-03 0.10000000E-02 0.10000000E-02 0.99999947E-03 0.10000000E-02 0.10000000E-02 0.10000000E-02 0.99999947E-03 0.10000000E-02 0.10000000E-02 0.10000000E-02 0.99999947E-03 0.99999947E-03 0.10000000E-02 0.10000010E-02 0.10000000E-02 0.10000000E-02 0.10000000E-02 0.10000000E-02 0.99999947E-03 0.10000000E-02 0.10000010E-02 0.10000010E-02 0.10000000E-02 0.10000000E-02 0.10000010E-02 0.10000000E-02 0.99999947E-03 0.10000000E-02 0.10000000E-02 0.10000010E-02 0.99999947E-03 0.10000000E-02 0.10000000E-02 0.10000000E-02 0.10000000E-02 0.10000000E-02 0.10000000E-02 0.10000000E-02 0.10000000E-02 0.10000000E-02
 0.10000000E-02 0.10000000E-02 0.10000000E-02 0.10000000E-02 0.99999947E-03 0.10000000E-02 0.10000000E-02 0.10000010E-02 0.10000000E-02 0.10000000E-02 0.99999947E-03 0.10000000E-02 0.10000010E-02 0.10000000E-02 0.10000000E-02 0.99999947E-03 0.10000000E-02 0.10000010E-02 0.99999888E-03 0.99999947E-03 0.99999947E-03 0.10000010E-02 0.10000010E-02 0.10000000E-02 0.10000000E-02 0.10000010E-02 0.10000000E-02 0.99999947E-03 0.10000000E-02 0.99999947E-03 0.10000010E-02 0.10000000E-02 0.10000000E-02 0.99999947E-03 0.10000000E-02 0.10000000E-02 0.10000000E-02 0.10000000E-02 0.10000010E-02 0.99999947E-03 0.10000010E-02 0.99999947E-03 0.99999947E-03 0.10000010E-02 0.99999947E-03 0.99999947E-03 0.10000010E-02 0.99999947E-03 0.10000010E-02 0.10000000E-02 0.10000000E-02 0.10000000E-02 0.10000000E-02 0.99999947E-03 0.10000000E-02 0.10000000E-02 0.10000010E-02 0.99999947E-03 0.10000000E-02 0.99999947E-03 0.10000000E-02 0.10000010E-02 0.10000000E-02 0.10000000E-02 0.10000010E-02 0.10000010E-02 0.99999947E-03 0.99999947E-03 0.99999888E-03 0.10000010E-02 0.10000000E-02 0.99999947E-03 0.10000000E-02 0.10000000E-02 0.10000010E-02 0.10000000E-02 0.99999947E-03 0.10000000E-02 0.10000000E-02 0.10000010E-02 0.10000000E-02 0.10000000E-02 0.99999947E-03 0.10000000E-02 0.10000000E-02 0.10000000E-02 0.10000000E-02
 0.10000000E-02 0.10000000E-02 0.10000000E-02 0.10000000E-02 0.10000000E-02 0.10000000E-02 0.10000000E-02 0.10000000E-02 0.10000000E-02 0.10000000E-02 0.10000000E-02 0.10000000E-02 0.99999947E-03 0.10000000E-02 0.99999947E-03 0.10000010E-02 0.10000000E-02 0.10000010E-02 0.99999947E-03 0.99999947E-03 0.10000000E-02 0.10000000E-02 0.10000000E-02 0.10000010E-02 0.10000000E-02 0.99999947E-03 0.10000000E-02 0.10000000E-02 0.10000010E-02 0.99999947E-03 0.10000000E-02 0.10000010E-02 0.99999947E-03 0.10000000E-02 0.10000000E-02 0.10000000E-02 0.10000000E-02 0.10000000E-02 0.10000000E-02 0.10000000E-02 0.10000000E-02 0.10000000E-02 0.10000010E-02 0.10000000E-02 0.10000010E-02 0.10000000E-02 0.10000000E-02 0.10000000E-02 0.10000000E-02 0.10000000E-02 0.10000000E-02 0.10000000E-02 0.10000000E-02 0.10000000E-02 0.99999947E-03 0.10000010E-02 0.10000000E-02 0.99999947E-03 0.10000010E-02 0.10000000E-02 0.10000000E-02 0.99999947E-03 0.10000000E-02 0.10000010E-02 0.10000000E-02 0.10000000E-02 0.10000000E-02 0.99999947E-03 0.99999947E-03 0.10000010E-02 0.10000000E-02 0.10000010E-02 0.99999947E-03 0.10000000E-02 0.99999947E-03 0.10000000E-02 0.10000000E-02 0.10000000E-02 0.10000000E-02 0.10000000E-02 0.10000000E-02 0.10000000E-02 0.10000000E-02 0.10000000E-02 0.10000000E-02 0.10000000E-02 0.10000000E-02
 0.10000010E-02 0.10000000E-02 0.10000000E-02 0.10000010E-02 0.99999947E-03 0.10000000E-02 0.10000010E-02 0.10000000E-02 0.10000000E-02 0.99999947E-03 0.10000000E-02 0.10000010E-02 0.99999947E-03 0.10000000E-02 0.10000000E-02 0.10000000E-02 0.10000000E-02 0.10000010E-02 0.10000010E-02 0.10000010E-02 0.10000000E-02 0.10000010E-02 0.10000000E-02 0.10000000E-02 0.10000000E-02 0.10000000E-02 0.10000000E-02 0.99999947E-03 0.99999947E-03 0.10000010E-02 0.10000010E-02 0.10000010E-02 0.10000000E-02 0.10000000E-02 0.10000010E-02 0.10000000E-02 0.10000000E-02 0.10000010E-02 0.10000010E-02 0.10000000E-02 0.99999947E-03 0.10000000E-02 0.10000010E-02 0.10000010E-02 0.10000010E-02 0.10000000E-02 0.99999947E-03 0.10000000E-02 0.10000010E-02 0.10000010E-02 0.10000000E-02 0.10000000E-02 0.10000010E-02 0.10000000E-02 0.10000000E-02 0.10000010E-02 0.10000010E-02 0.10000010E-02 0.99999947E-03 0.99999947E-03 0.10000000E-02 0.10000000E-02 0.10000000E-02 0.10000000E-02 0.10000000E-02 0.10000010E-02 0.10000000E-02 0.10000010E-02 0.10000010E-02 0.10000010E-02 0.10000000E-02 0.10000000E-02 0.10000000E-02 0.10000000E-02 0.99999947E-03 0.10000010E-02 0.10000000E-02 0.99999947E-03 0.10000000E-02 0.10000000E-02 0.10000010E-02 0.10000000E-02 0.99999947E-03 0.10000010E-02 0.10000000E-02 0.10000000E-02 0.10000010E-02
 0.10000000E-02 0.10000000E-02 0.10000000E-02 0.10000000E-02 0.10000000E-02 0.99999947E-03 0.10000000E-02 0.10000000E-02 0.10000000E-02 0.10000000E-02 0.10000000E-02 0.10000010E-02 0.10000000E-02 0.99999947E-03 0.99999947E-03 0.10000000E-02 0.99999947E-03 0.10000010E-02 0.10000000E-02 0.10000000E-02 0.10000000E-02 0.10000000E-02 0.10000000E-02 0.10000000E-02 0.10000000E-02 0.10000000E-02 0.10000000E-02 0.99999888E-03 0.10000010E-02 0.10000000E-02 0.10000010E-02 0.10000010E-02 0.10000000E-02 0.99999947E-03 0.99999947E-03 0.99999947E-03 0.10000010E-02 0.10000010E-02 0.10000000E-02 0.10000010E-02 0.10000000E-02 0.10000000E-02 0.10000000E-02 0.99999888E-03 0.10000000E-02 0.10000000E-02 0.10000000E-02 0.10000010E-02 0.10000000E-02 0.10000010E-02 0.10000010E-02 0.99999947E-03 0.99999947E-03 0.99999947E-03 0.10000000E-02 0.10000010E-02 0.10000010E-02 0.10000000E-02 0.10000010E-02 0.99999888E-03 0.10000000E-02 0.10000000E-02 0.10000000E-02 0.10000000E-02 0.10000000E-02 0.10000000E-02 0.10000000E-02 0.10000000E-02 0.10000000E-02 0.10000010E-02 0.99999947E-03 0.10000000E-02 0.99999947E-03 0.99999947E-03 0.10000000E-02 0.10000010E-02 0.10000000E-02 0.10000000E-02 0.10000000E-02 0.10000000E-02 0.10000000E-02 0.99999947E-03 0.10000000E-02 0.10000000E-02 0.10000000E-02 0.10000000E-02 0.10000000E-02
 0.10000010E-02 0.10000000E-02 0.10000000E-02 0.10000010E-02 0.10000000E-02 0.10000000E-02 0.10000010E-02 0.99999947E-03 0.10000000E-02 0.10000010E-02 0.10000000E-02 0.10000000E-02 0.10000000E-02 0.10000000E-02 0.99999947E-03 0.10000000E-02 0.99999947E-03 0.10000000E-02 0.10000000E-02 0.10000010E-02 0.10000010E-02 0.10000000E-02 0.99999947E-03 0.10000000E-02 0.99999947E-03 0.10000000E-02 0.99999947E-03 0.10000010E-02 0.10000000E-02 0.10000010E-02 0.99999888E-03 0.99999947E-03 0.10000000E-02 0.99999947E-03 0.10000010E-02 0.10000010E-02 0.99999947E-03 0.10000000E-02 0.10000000E-02 0.10000010E-02 0.10000000E-02 0.10000000E-02 0.10000000E-02 0.10000000E-02 0.10000000E-02 0.10000000E-02 0.10000000E-02 0.10000010E-02 0.10000000E-02 0.10000000E-02 0.99999947E-03 0.10000010E-02 0.10000010E-02 0.99999947E-03 0.10000000E-02 0.99999947E-03 0.99999888E-03 0.10000010E-02 0.10000000E-02 0.10000010E-02 0.99999947E-03 0.10000000E-02 0.99999947E-03 0.10000000E-02 0.99999947E-03 0.10000000E-02 0.10000010E-02 0.10000010E-02 0.10000000E-02 0.10000000E-02 0.99999947E-03 0.10000000E-02 0.99999947E-03 0.10000000E-02 0.10000000E-02 0.10000000E-02 0.10000000E-02 0.10000010E-02 0.10000000E-02 0.99999947E-03 0.10000010E-02 0.10000000E-02 0.10000000E-02 0.10000010E-02 0.10000000E-02 0.10000000E-02 0.10000010E-02
 0.10000000E-02 0.10000000E-02 0.10000000E-02 0.10000000E-02 0.10000000E-02 0.10000000E-02 0.10000000E-02 0.10000000E-02 0.10000000E-02 0.10000000E-02 0.10000000E-02 0.10000000E-02 0.10000010E-02 0.10000010E-02 0.99999947E-03 0.10000000E-02 0.99999947E-03 0.10000010E-02 0.10000010E-02 0.10000000E-02 0.10000010E-02 0.10000010E-02 0.10000000E-02 0.10000000E-02 0.10000000E-02 0.99999947E-03 0.99999947E-03 0.10000000E-02 0.10000000E-02 0.10000000E-02 0.10000000E-02 0.10000000E-02 0.99999947E-03 0.10000010E-02 0.10000000E-02 0.10000000E-02 0.10000010E-02 0.10000000E-02 0.10000000E-02 0.99999947E-03 0.10000000E-02 0.10000010E-02 0.99999947E-03 0.10000000E-02 0.99999947E-03 0.10000010E-02 0.10000000E-02 0.99999947E-03 0.10000000E-02 0.10000000E-02 0.10000010E-02 0.10000000E-02 0.10000000E-02 0.10000010E-02 0.99999947E-03 0.10000000E-02 0.10000000E-02 0.10000000E-02 0.10000000E-02 0.10000000E-02 0.99999947E-03 0.99999947E-03 0.10000000E-02 0.10000000E-02 0.10000000E-02 0.10000010E-02 0.10000010E-02 0.10000000E-02 0.10000010E-02 0.10000010E-02 0.99999947E-03 0.10000000E-02 0.99999947E-03 0.10000010E-02 0.10000010E-02 0.10000000E-02 0.10000000E-02 0.10000000E-02 0.10000000E-02 0.10000000E-02 0.10000000E-02 0.10000000E-02 0.10000000E-02 0.10000000E-02 0.10000000E-02 0.10000000E-02 0.10000000E-02
 0.10000000E-02 0.10000000E-02 0.10000000E-02 0.10000000E-02 0.10000000E-02 0.10000000E-02 0.10000000E-02 0.10000000E-02 0.10000000E-02 0.10000000E-02 0.10000000E-02 0.99999947E-03 0.10000000E-02 0.99999947E-03 0.99999947E-03 0.10000000E-02 0.10000000E-02 0.99999947E-03 0.10000000E-02 0.10000000E-02 0.10000000E-02 0.10000000E-02 0.10000000E-02 0.99999947E-03 0.10000000E-02 0.99999947E-03 0.99999947E-03 0.10000000E-02 0.10000010E-02 0.99999947E-03 0.10000010E-02 0.10000000E-02 0.10000000E-02 0.10000010E-02 0.10000000E-02 0.10000000E-02 0.99999947E-03 0.10000000E-02 0.10000000E-02 0.10000000E-02 0.10000010E-02 0.10000010E-02 0.10000000E-02 0.10000000E-02 0.10000000E-02 0.10000010E-02 0.10000010E-02 0.10000000E-02 0.10000000E-02 0.10000000E-02 0.99999947E-03 0.10000000E-02 0.10000000E-02 0.10000010E-02 0.10000000E-02 0.10000000E-02 0.10000010E-02 0.99999947E-03 0.10000010E-02 0.10000000E-02 0.99999947E-03 0.99999947E-03 0.10000000E-02 0.99999947E-03 0.10000000E-02 0.10000000E-02 0.10000000E-02 0.10000000E-02 0.10000000E-02 0.99999947E-03 0.10000000E-02 0.10000000E-02 0.99999947E-03 0.99999947E-03 0.10000000E-02 0.99999947E-03 0.10000000E-02 0.10000000E-02 0.10000000E-02 0.10000000E-02 0.10000000E-02 0.10000000E-02 0.10000000E-02 0.10000000E-02 0.10000000E-02 0.10000000E-02 0.10000000E-02
 0.10000000E-02 0.10000000E-02 0.10000000E-02 0.10000000E-02 0.10000000E-02 0.10000000E-02 0.10000000E-02 0.10000000E-02 0.10000000E-02 0.10000000E-02 0.99999947E-03 0.10000000E-02 0.99999947E-03 0.10000000E-02 0.10000010E-02 0.10000000E-02 0.10000010E-02 0.10000010E-02 0.10000010E-02 0.99999947E-03 0.10000000E-02 0.10000010E-02 0.99999947E-03 0.99999947E-03 0.10000010E-02 0.10000000E-02 0.10000010E-02 0.10000010E-02 0.10000000E-02 0.10000000E-02 0.10000000E-02 0.10000000E-02 0.10000010E-02 0.99999947E-03 0.10000000E-02 0.10000000E-02 0.10000000E-02 0.10000000E-02 0.10000000E-02 0.10000000E-02 0.10000000E-02 0.10000010E-02 0.10000000E-02 0.10000000E-02 0.10000000E-02 0.10000010E-02 0.10000000E-02 0.10000000E-02 0.10000000E-02 0.10000000E-02 0.10000000E-02 0.10000000E-02 0.10000000E-02 0.99999947E-03 0.10000010E-02 0.10000000E-02 0.10000000E-02 0.10000000E-02 0.10000000E-02 0.10000010E-02 0.10000010E-02 0.10000000E-02 0.10000010E-02 0.99999947E-03 0.99999947E-03 0.10000010E-02 0.10000000E-02 0.99999947E-03 0.10000010E-02 0.10000010E-02 0.10000010E-02 0.10000000E-02 0.10000010E-02 0.10000000E-02 0.99999947E-03 0.10000000E-02 0.99999947E-03 0.10000000E-02 0.10000000E-02 0.10000000E-02 0.10000000E-02 0.10000000E-02 0.10000000E-02 0.10000000E-02 0.10000000E-02 0.10000000E-02 0.10000000E-02
 0.10000000E-02 0.10000000E-02 0.10000000E-02 0.10000000E-02 0.10000000E-02 0.10000000E-02 0.10000000E-02 0.10000000E-02 0.10000000E-02 0.10000000E-02 0.10000000E-02 0.10000000E-02 0.10000010E-02 0.10000000E-02 0.10000000E-02 0.10000000E-02 0.10000000E-02 0.99999947E-03 0.10000000E-02 0.10000000E-02 0.10000000E-02 0.10000010E-02 0.10000000E-02 0.10000000E-02 0.10000010E-02 0.99999947E-03 0.99999947E-03 0.10000000E-02 0.10000000E-02 0.99999947E-03 0.10000000E-02 0.99999947E-03 0.99999947E-03 0.10000000E-02 0.10000000E-02 0.10000000E-02 0.99999947E-03 0.10000000E-02 0.10000000E-02 0.10000000E-02 0.10000000E-02 0.10000000E-02 0.10000000E-02 0.10000010E-02 0.10000000E-02 0.10000000E-02 0.10000000E-02 0.10000000E-02 0.10000000E-02 0.10000000E-02 0.99999947E-03 0.10000000E-02 0.10000000E-02 0.10000000E-02 0.99999947E-03 0.99999947E-03 0.10000000E-02 0.99999947E-03 0.10000000E-02 0.10000000E-02 0.99999947E-03 0.99999947E-03 0.10000010E-02 0.10000000E-02 0.10000000E-02 0.10000010E-02 0.10000000E-02 0.10000000E-02 0.10000000E-02 0.99999947E-03 0.10000000E-02 0.10000000E-02 0.10000000E-02 0.10000000E-02 0.10000010E-02 0.10000000E-02 0.10000000E-02 0.10000000E-02 0.10000000E-02 0.10000000E-02 0.10000000E-02 0.10000000E-02 0.10000000E-02 0.10000000E-02 0.10000000E-02 0.10000000E-02 0.10000000E-02
 0.10000000E-02 0.10000000E-02 0.10000000E-02 0.10000000E-02 0.10000000E-02 0.10000010E-02 0.10000000E-02 0.10000000E-02 0.10000000E-02 0.99999947E-03 0.10000010E-02 0.10000000E-02 0.10000000E-02 0.10000010E-02 0.10000000E-02 0.10000000E-02 0.10000000E-02 0.10000010E-02 0.10000000E-02 0.10000000E-02 0.10000010E-02 0.10000010E-02 0.10000010E-02 0.10000000E-02 0.10000010E-02 0.10000000E-02 0.10000000E-02 0.10000000E-02 0.10000000E-02 0.99999947E-03 0.10000000E-02 0.10000010E-02 0.10000000E-02 0.10000000E-02 0.10000000E-02 0.10000000E-02 0.10000000E-02 0.10000000E-02 0.10000000E-02 0.10000000E-02 0.10000000E-02 0.10000000E-02 0.99999947E-03 0.10000010E-02 0.99999947E-03 0.10000000E-02 0.10000000E-02 0.10000000E-02 0.10000000E-02 0.10000000E-02 0.10000000E-02 0.10000000E-02 0.10000000E-02 0.10000000E-02 0.10000000E-02 0.10000010E-02 0.10000000E-02 0.99999947E-03 0.10000000E-02 0.10000000E-02 0.10000000E-02 0.10000000E-02 0.10000010E-02 0.10000000E-02 0.10000010E-02 0.10000010E-02 0.10000010E-02 0.10000000E-02 0.10000000E-02 0.10000010E-02 0.10000000E-02 0.10000000E-02 0.10000000E-02 0.10000010E-02 0.10000000E-02 0.10000000E-02 0.10000010E-02 0.99999947E-03 0.10000000E-02 0.10000000E-02 0.10000000E-02 0.10000010E-02 0.10000000E-02 0.10000000E-02 0.10000000E-02 0.10000000E-02 0.10000000E-02
 0.10000000E-02 0.10000000E-02 0.99999947E-03 0.10000000E-02 0.10000000E-02 0.10000000E-02 0.10000000E-02 0.10000000E-02 0.10000000E-02 0.99999947E-03 0.10000000E-02 0.10000000E-02 0.10000000E-02 0.10000000E-02 0.10000000E-02 0.10000000E-02 0.10000000E-02 0.10000000E-02 0.10000000E-02 0.10000000E-02 0.10000000E-02 0.10000000E-02 0.10000000E-02 0.10000000E-02 0.10000000E-02 0.10000000E-02 0.10000000E-02 0.99999947E-03 0.10000000E-02 0.10000000E-02 0.10000000E-02 0.10000010E-02 0.10000000E-02 0.10000000E-02 0.10000000E-02 0.99999947E-03 0.10000000E-02 0.99999947E-03 0.10000000E-02 0.10000000E-02 0.10000000E-02 0.10000000E-02 0.10000000E-02 0.10000000E-02 0.10000000E-02 0.10000000E-02 0.10000000E-02 0.10000000E-02 0.10000000E-02 0.99999947E-03 0.10000000E-02 0.99999947E-03 0.10000000E-02 0.10000000E-02 0.10000000E-02 0.10000010E-02 0.10000000E-02 0.10000000E-02 0.10000000E-02 0.99999947E-03 0.10000000E-02 0.10000000E-02 0.10000000E-02 0.10000000E-02 0.10000000E-02 0.10000000E-02 0.10000000E-02 0.10000000E-02 0.10000000E-02 0.10000000E-02 0.10000000E-02 0.10000000E-02 0.10000000E-02 0.10000000E-02 0.10000000E-02 0.10000000E-02 0.10000000E-02 0.99999947E-03 0.10000000E-02 0.10000000E-02 0.10000000E-02 0.10000000E-02 0.10000000E-02 0.10000000E-02 0.99999947E-03 0.10000000E-02 0.10000000E-02
 0.10000000E-02 0.10000000E-02 0.10000000E-02 0.10000000E-02 0.10000000E-02 0.10000000E-02 0.10000000E-02 0.10000010E-02 0.10000000E-02 0.10000000E-02 0.99999947E-03 0.99999947E-03 0.10000000E-02 0.10000000E-02 0.10000000E-02 0.10000000E-02 0.10000000E-02 0.10000000E-02 0.99999947E-03 0.10000000E-02 0.10000000E-02 0.10000000E-02 0.10000000E-02 0.10000000E-02 0.10000000E-02 0.10000010E-02 0.10000000E-02 0.10000000E-02 0.10000000E-02 0.10000000E-02 0.10000000E-02 0.10000000E-02 0.10000000E-02 0.10000000E-02 0.10000000E-02 0.10000000E-02 0.99999947E-03 0.10000000E-02 0.10000000E-02 0.10000000E-02 0.10000000E-02 0.10000000E-02 0.10000000E-02 0.99999947E-03 0.10000000E-02 0.10000000E-02 0.10000000E-02 0.10000000E-02 0.10000000E-02 0.10000000E-02 0.99999947E-03 0.10000000E-02 0.10000000E-02 0.10000000E-02 0.10000000E-02 0.10000000E-02 0.10000000E-02 0.10000000E-02 0.10000000E-02 0.10000000E-02 0.10000000E-02 0.10000010E-02 0.10000000E-02 0.10000000E-02 0.10000000E-02 0.10000000E-02 0.10000000E-02 0.10000000E-02 0.99999947E-03 0.10000000E-02 0.10000000E-02 0.10000000E-02 0.10000000E-02 0.10000000E-02 0.10000000E-02 0.99999947E-03 0.99999947E-03 0.10000000E-02 0.10000000E-02 0.10000010E-02 0.10000000E-02 0.10000000E-02 0.10000000E-02 0.10000000E-02 0.10000000E-02 0.10000000E-02 0.10000000E-02
 0.10000000E-02 0.10000000E-02 0.10000000E-02 0.10000000E-02 0.10000000E-02 0.99999947E-03 0.10000000E-02 0.10000000E-02 0.99999947E-03 0.10000000E-02 0.10000000E-02 0.10000000E-02 0.10000000E-02 0.10000000E-02 0.10000000E-02 0.10000000E-02 0.10000000E-02 0.10000000E-02 0.10000000E-02 0.10000000E-02 0.10000000E-02 0.10000000E-02 0.10000000E-02 0.10000000E-02 0.10000000E-02 0.10000000E-02 0.10000000E-02 0.10000000E-02 0.10000000E-02 0.10000010E-02 0.10000000E-02 0.10000000E-02 0.10000000E-02 0.10000000E-02 0.10000010E-02 0.10000000E-02 0.10000000E-02 0.10000010E-02 0.10000000E-02 0.10000000E-02 0.10000000E-02 0.10000000E-02 0.10000000E-02 0.10000000E-02 0.10000000E-02 0.10000000E-02 0.10000000E-02 0.10000000E-02 0.10000000E-02 0.10000010E-02 0.10000000E-02 0.10000000E-02 0.10000010E-02 0.10000000E-02 0.10000000E-02 0.10000000E-02 0.10000000E-02 0.10000010E-02 0.10000000E-02 0.10000000E-02 0.10000000E-02 0.10000000E-02 0.10000000E-02 0.10000000E-02 0.10000000E-02 0.10000000E-02 0.10000000E-02 0.10000000E-02 0.10000000E-02 0.10000000E-02 0.10000000E-02 0.10000000E-02 0.10000000E-02 0.10000000E-02 0.10000000E-02 0.10000000E-02 0.10000000E-02 0.10000000E-02 0.99999947E-03 0.10000000E-02 0.10000000E-02 0.99999947E-03 0.10000000E-02 0.10000000E-02 0.10000000E-02 0.10000000E-02 0.10000000E-02
 0.10000000E-02 0.10000000E-02 0.10000000E-02 0.10000000E-02 0.10000000E-02 0.10000000E-02 0.10000000E-02 0.99999947E-03 0.10000000E-02 0.10000010E-02 0.10000000E-02 0.10000000E-02 0.10000000E-02 0.10000000E-02 0.10000000E-02 0.10000000E-02 0.99999947E-03 0.10000000E-02 0.10000000E-02 0.10000000E-02 0.10000010E-02 0.10000000E-02 0.10000000E-02 0.10000000E-02 0.10000000E-02 0.99999947E-03 0.10000000E-02 0.10000000E-02 0.10000000E-02 0.10000000E-02 0.99999947E-03 0.10000000E-02 0.10000000E-02 0.10000000E-02 0.10000000E-02 0.10000000E-02 0.10000000E-02 0.10000000E-02 0.10000000E-02 0.10000000E-02 0.10000000E-02 0.10000000E-02 0.10000000E-02 0.10000000E-02 0.10000000E-02 0.10000000E-02 0.10000000E-02 0.10000000E-02 0.10000000E-02 0.10000000E-02 0.10000000E-02 0.10000000E-02 0.10000000E-02 0.10000000E-02 0.10000000E-02 0.10000000E-02 0.99999947E-03 0.10000000E-02 0.10000000E-02 0.10000000E-02 0.10000000E-02 0.99999947E-03 0.10000000E-02 0.10000000E-02 0.10000000E-02 0.10000000E-02 0.10000010E-02 0.10000000E-02 0.10000000E-02 0.10000000E-02 0.99999947E-03 0.10000000E-02 0.10000000E-02 0.10000000E-02 0.10000000E-02 0.10000000E-02 0.10000000E-02 0.10000010E-02 0.10000000E-02 0.99999947E-03 0.10000000E-02 0.10000000E-02 0.10000000E-02 0.10000000E-02 0.10000000E-02 0.10000000E-02 0.10000000E-02
 0.10000000E-02 0.10000000E-02 0.10000000E-02 0.10000000E-02 0.10000000E-02 0.10000000E-02 0.10000000E-02 0.10000000E-02 0.10000000E-02 0.10000000E-02 0.10000000E-02 0.10000000E-02 0.10000000E-02 0.10000000E-02 0.10000000E-02 0.10000000E-02 0.10000010E-02 0.10000000E-02 0.10000010E-02 0.10000000E-02 0.10000000E-02 0.10000000E-02 0.10000000E-02 0.10000000E-02 0.10000000E-02 0.99999947E-03 0.10000000E-02 0.10000010E-02 0.10000000E-02 0.10000000E-02 0.10000000E-02 0.10000000E-02 0.10000000E-02 0.10000000E-02 0.10000000E-02 0.10000000E-02 0.10000000E-02 0.10000000E-02 0.10000000E-02 0.10000000E-02 0.10000000E-02 0.10000000E-02 0.10000010E-02 0.10000000E-02 0.10000010E-02 0.10000000E-02 0.10000000E-02 0.10000000E-02 0.10000000E-02 0.10000000E-02 0.10000000E-02 0.10000000E-02 0.10000000E-02 0.10000000E-02 0.10000000E-02 0.10000000E-02 0.10000000E-02 0.10000000E-02 0.10000000E-02 0.10000010E-02 0.10000000E-02 0.99999947E-03 0.10000000E-02 0.10000000E-02 0.10000000E-02 0.10000000E-02 0.10000000E-02 0.10000000E-02 0.10000010E-02 0.10000000E-02 0.10000010E-02 0.10000000E-02 0.10000000E-02 0.10000000E-02 0.10000000E-02 0.10000000E-02 0.10000000E-02 0.10000000E-02 0.10000000E-02 0.10000000E-02 0.10000000E-02 0.10000000E-02 0.10000000E-02 0.10000000E-02 0.10000000E-02 0.10000000E-02 0.10000000E-02
 0.10000000E-02 0.10000000E-02 0.10000000E-02 0.10000000E-02 0.10000000E-02 0.10000010E-02 0.10000000E-02 0.10000000E-02 0.99999947E-03 0.10000000E-02 0.10000000E-02 0.10000010E-02 0.10000000E-02 0.10000000E-02 0.10000000E-02 0.10000000E-02 0.10000000E-02 0.99999947E-03 0.10000000E-02 0.10000000E-02 0.10000000E-02 0.10000000E-02 0.99999947E-03 0.10000000E-02 0.10000000E-02 0.10000000E-02 0.99999947E-03 0.10000000E-02 0.10000000E-02 0.10000000E-02 0.10000000E-02 0.10000000E-02 0.10000000E-02 0.10000000E-02 0.10000000E-02 0.10000000E-02 0.10000000E-02 0.10000000E-02 0.10000000E-02 0.10000000E-02 0.10000000E-02 0.10000000E-02 0.10000000E-02 0.10000000E-02 0.10000000E-02 0.10000000E-02 0.10000000E-02 0.10000000E-02 0.10000000E-02 0.10000000E-02 0.10000000E-02 0.10000000E-02 0.10000000E-02 0.10000000E-02 0.10000000E-02 0.10000000E-02 0.10000000E-02 0.10000000E-02 0.10000000E-02 0.10000000E-02 0.99999947E-03 0.10000000E-02 0.10000000E-02 0.10000000E-02 0.99999947E-03 0.10000000E-02 0.10000000E-02 0.10000000E-02 0.10000000E-02 0.99999947E-03 0.10000000E-02 0.10000000E-02 0.10000000E-02 0.10000000E-02 0.10000000E-02 0.10000010E-02 0.10000000E-02 0.10000000E-02 0.99999947E-03 0.10000000E-02 0.10000000E-02 0.10000010E-02 0.10000000E-02 0.10000000E-02 0.10000000E-02 0.10000000E-02 0.10000000E-02
 0.10000000E-02 0.10000000E-02 0.10000000E-02 0.10000000E-02 0.10000000E-02 0.10000000E-02 0.10000000E-02 0.10000000E-02 0.10000000E-02 0.10000000E-02 0.10000000E-02 0.10000000E-02 0.10000000E-02 0.10000000E-02 0.10000000E-02 0.10000000E-02 0.10000000E-02 0.10000000E-02 0.99999947E-03 0.10000000E-02 0.99999947E-03 0.10000000E-02 0.10000000E-02 0.10000000E-02 0.10000000E-02 0.10000010E-02 0.99999947E-03 0.10000000E-02 0.99999947E-03 0.10000000E-02 0.10000000E-02 0.10000000E-02 0.10000010E-02 0.10000000E-02 0.10000000E-02 0.10000000E-02 0.10000000E-02 0.10000000E-02 0.10000000E-02 0.10000000E-02 0.10000000E-02 0.10000010E-02 0.10000000E-02 0.10000010E-02 0.10000000E-02 0.10000010E-02 0.10000000E-02 0.10000000E-02 0.10000000E-02 0.10000000E-02 0.10000000E-02 0.10000000E-02 0.10000000E-02 0.10000000E-02 0.10000010E-02 0.10000000E-02 0.10000000E-02 0.10000000E-02 0.99999947E-03 0.10000000E-02 0.99999947E-03 0.10000010E-02 0.10000000E-02 0.10000000E-02 0.10000000E-02 0.10000000E-02 0.99999947E-03 0.10000000E-02 0.99999947E-03 0.10000000E-02 0.10000000E-02 0.10000000E-02 0.10000000E-02 0.10000000E-02 0.10000000E-02 0.10000000E-02 0.10000000E-02 0.10000000E-02 0.10000000E-02 0.10000000E-02 0.10000000E-02 0.10000000E-02 0.10000000E-02 0.10000000E-02 0.10000000E-02 0.10000000E-02 0.10000000E-02
 0.10000000E-02 0.10000000E-02 0.10000000E-02 0.10000000E-02 0.10000000E-02 0.10000000E-02 0.10000000E-02 0.10000000E-02 0.10000000E-02 0.10000000E-02 0.10000000E-02 0.10000000E-02 0.10000000E-02 0.10000000E-02 0.10000000E-02 0.10000000E-02 0.10000010E-02 0.10000000E-02 0.10000010E-02 0.10000000E-02 0.10000000E-02 0.10000000E-02 0.10000000E-02 0.10000000E-02 0.10000000E-02 0.99999947E-03 0.10000000E-02 0.10000010E-02 0.10000000E-02 0.10000000E-02 0.10000000E-02 0.10000000E-02 0.10000000E-02 0.10000000E-02 0.10000000E-02 0.10000000E-02 0.10000000E-02 0.10000000E-02 0.10000000E-02 0.10000000E-02 0.10000000E-02 0.10000000E-02 0.10000010E-02 0.10000000E-02 0.10000010E-02 0.10000000E-02 0.10000000E-02 0.10000000E-02 0.10000000E-02 0.10000000E-02 0.10000000E-02 0.10000000E-02 0.10000000E-02 0.10000000E-02 0.10000000E-02 0.10000000E-02 0.10000000E-02 0.10000000E-02 0.10000000E-02 0.10000010E-02 0.10000000E-02 0.99999947E-03 0.10000000E-02 0.10000000E-02 0.10000000E-02 0.10000000E-02 0.10000000E-02 0.10000000E-02 0.10000010E-02 0.10000000E-02 0.10000010E-02 0.10000000E-02 0.10000000E-02 0.10000000E-02 0.10000000E-02 0.10000000E-02 0.10000000E-02 0.10000000E-02 0.10000000E-02 0.10000000E-02 0.10000000E-02 0.10000000E-02 0.10000000E-02 0.10000000E-02 0.10000000E-02 0.10000000E-02 0.10000000E-02
 0.10000000E-02 0.10000000E-02 0.10000000E-02 0.10000000E-02 0.10000000E-02 0.10000000E-02 0.10000000E-02 0.10000000E-02 0.10000000E-02 0.10000000E-02 0.99999947E-03 0.10000000E-02 0.10000000E-02 0.10000000E-02 0.10000000E-02 0.10000000E-02 0.10000000E-02 0.10000000E-02 0.10000000E-02 0.10000000E-02 0.10000000E-02 0.10000000E-02 0.10000010E-02 0.10000000E-02 0.10000000E-02 0.10000000E-02 0.10000000E-02 0.10000000E-02 0.10000000E-02 0.10000000E-02 0.10000000E-02 0.10000000E-02 0.99999947E-03 0.10000010E-02 0.10000000E-02 0.10000000E-02 0.10000000E-02 0.10000000E-02 0.10000000E-02 0.10000000E-02 0.10000000E-02 0.10000000E-02 0.10000000E-02 0.10000000E-02 0.10000000E-02 0.10000000E-02 0.10000000E-02 0.10000000E-02 0.10000000E-02 0.10000000E-02 0.10000000E-02 0.10000000E-02 0.10000000E-02 0.10000010E-02 0.99999947E-03 0.10000000E-02 0.10000000E-02 0.10000000E-02 0.10000000E-02 0.10000000E-02 0.10000000E-02 0.10000000E-02 0.10000000E-02 0.10000000E-02 0.10000010E-02 0.10000000E-02 0.10000000E-02 0.10000000E-02 0.10000000E-02 0.10000000E-02 0.10000000E-02 0.10000000E-02 0.10000000E-02 0.10000000E-02 0.10000000E-02 0.10000000E-02 0.99999947E-03 0.10000000E-02 0.10000000E-02 0.10000000E-02 0.10000000E-02 0.10000000E-02 0.10000000E-02 0.10000000E-02 0.10000000E-02 0.10000000E-02 0.10000000E-02
 0.10000000E-02 0.10000000E-02 0.10000000E-02 0.10000000E-02 0.10000000E-02 0.10000000E-02 0.10000000E-02 0.10000000E-02 0.10000000E-02 0.10000000E-02 0.10000000E-02 0.10000000E-02 0.10000000E-02 0.10000000E-02 0.10000000E-02 0.10000000E-02 0.10000000E-02 0.10000000E-02 0.10000000E-02 0.10000000E-02 0.10000000E-02 0.10000000E-02 0.10000000E-02 0.10000000E-02 0.10000000E-02 0.10000000E-02 0.10000000E-02 0.10000000E-02 0.10000000E-02 0.10000000E-02 0.10000000E-02 0.10000000E-02 0.10000000E-02 0.10000000E-02 0.99999947E-03 0.10000000E-02 0.10000000E-02 0.10000000E-02 0.10000000E-02 0.10000000E-02 0.10000010E-02 0.10000010E-02 0.10000000E-02 0.10000000E-02 0.10000000E-02 0.10000010E-02 0.10000010E-02 0.10000000E-02 0.10000000E-02 0.10000000E-02 0.10000000E-02 0.10000000E-02 0.99999947E-03 0.10000000E-02 0.10000000E-02 0.10000000E-02 0.10000000E-02 0.10000000E-02 0.10000000E-02 0.10000000E-02 0.10000000E-02 0.10000000E-02 0.10000000E-02 0.10000000E-02 0.10000000E-02 0.10000000E-02 0.10000000E-02 0.10000000E-02 0.10000000E-02 0.10000000E-02 0.10000000E-02 0.10000000E-02 0.10000000E-02 0.10000000E-02 0.10000000E-02 0.10000000E-02 0.10000000E-02 0.10000000E-02 0.10000000E-02 0.10000000E-02 0.10000000E-02 0.10000000E-02 0.10000000E-02 0.10000000E-02 0.10000000E-02 0.10000000E-02 0.10000000E-02
 0.10000000E-02 0.10000000E-02 0.10000000E-02 0.10000000E-02 0.10000000E-02 0.10000000E-02 0.10000000E-02 0.10000000E-02 0.10000000E-02 0.10000000E-02 0.10000000E-02 0.10000000E-02 0.10000000E-02 0.10000000E-02 0.10000000E-02 0.10000000E-02 0.10000010E-02 0.10000000E-02 0.10000010E-02 0.10000000E-02 0.10000000E-02 0.10000000E-02 0.10000000E-02 0.10000000E-02 0.10000000E-02 0.99999947E-03 0.10000000E-02 0.10000010E-02 0.10000000E-02 0.10000000E-02 0.10000000E-02 0.10000000E-02 0.10000000E-02 0.10000000E-02 0.10000000E-02 0.10000000E-02 0.10000000E-02 0.10000000E-02 0.10000000E-02 0.10000000E-02 0.10000000E-02 0.10000000E-02 0.10000010E-02 0.10000000E-02 0.10000010E-02 0.10000000E-02 0.10000000E-02 0.10000000E-02 0.10000000E-02 0.10000000E-02 0.10000000E-02 0.10000000E-02 0.10000000E-02 0.10000000E-02 0.10000000E-02 0.10000000E-02 0.10000000E-02 0.10000000E-02 0.10000000E-02 0.10000010E-02 0.10000000E-02 0.99999947E-03 0.10000000E-02 0.10000000E-02 0.10000000E-02 0.10000000E-02 0.10000000E-02 0.10000000E-02 0.10000010E-02 0.10000000E-02 0.10000010E-02 0.10000000E-02 0.10000000E-02 0.10000000E-02 0.10000000E-02 0.10000000E-02 0.10000000E-02 0.10000000E-02 0.10000000E-02 0.10000000E-02 0.10000000E-02 0.10000000E-02 0.10000000E-02 0.10000000E-02 0.10000000E-02 0.10000000E-02 0.10000000E-02
