 0.10000000E-06 0.10000000E-06 0.10000000E-06 0.10000000E-06 0.10000000E-06 0.10000000E-06 0.10000000E-06 0.10000000E-06 0.10000000E-06 0.10000000E-06 0.99999887E-07 0.10000010E-06 0.10000000E-06 0.10000000E-06 0.10000000E-06 0.10000000E-06 0.10000000E-06 0.10000000E-06 0.10000010E-06 0.10000000E-06 0.10000000E-06 0.99999887E-07 0.10000010E-06 0.99999887E-07 0.10000000E-06 0.99999887E-07 0.10000010E-06 0.10000010E-06 0.10000000E-06 0.10000000E-06 0.10000000E-06 0.10000000E-06 0.10000000E-06 0.10000000E-06 0.10000000E-06 0.10000000E-06 0.10000000E-06 0.10000000E-06 0.10000000E-06 0.10000000E-06 0.10000000E-06 0.10000000E-06 0.10000010E-06 0.10000000E-06 0.10000010E-06 0.10000000E-06 0.10000000E-06 0.10000000E-06 0.10000000E-06 0.10000000E-06 0.10000000E-06 0.10000000E-06 0.10000000E-06 0.10000000E-06 0.10000000E-06 0.10000000E-06 0.10000000E-06 0.10000000E-06 0.10000000E-06 0.10000010E-06 0.10000010E-06 0.99999887E-07 0.10000000E-06 0.99999887E-07 0.10000010E-06 0.99999887E-07 0.10000000E-06 0.10000000E-06 0.10000010E-06 0.10000000E-06 0.10000000E-06 0.10000000E-06 0.10000000E-06 0.10000000E-06 0.10000000E-06 0.10000010E-06 0.99999887E-07 0.10000000E-06 0.10000000E-06 0.10000000E-06 0.10000000E-06 0.10000000E-06 0.10000000E-06 0.10000000E-06 0.10000000E-06 0.10000000E-06 0.10000000E-06
 0.10000000E-06 0.10000000E-06 0.10000000E-06 0.10000000E-06 0.99999887E-07 0.10000000E-06 0.10000000E-06 0.10000000E-06 0.10000010E-06 0.10000010E-06 0.10000010E-06 0.10000000E-06 0.10000000E-06 0.10000000E-06 0.10000000E-06 0.10000000E-06 0.10000000E-06 0.10000000E-06 0.10000000E-06 0.10000000E-06 0.10000010E-06 0.99999887E-07 0.10000000E-06 0.10000000E-06 0.10000010E-06 0.10000000E-06 0.10000000E-06 0.10000010E-06 0.99999887E-07 0.10000000E-06 0.10000000E-06 0.10000010E-06 0.10000000E-06 0.10000010E-06 0.10000000E-06 0.10000000E-06 0.10000000E-06 0.10000000E-06 0.99999887E-07 0.10000000E-06 0.10000000E-06 0.99999887E-07 0.99999887E-07 0.10000000E-06 0.99999887E-07 0.99999887E-07 0.10000000E-06 0.10000000E-06 0.99999887E-07 0.10000000E-06 0.10000000E-06 0.10000000E-06 0.10000000E-06 0.10000010E-06 0.10000000E-06 0.10000010E-06 0.10000000E-06 0.10000000E-06 0.99999887E-07 0.10000010E-06 0.10000000E-06 0.10000000E-06 0.10000010E-06 0.10000000E-06 0.10000000E-06 0.99999887E-07 0.10000010E-06 0.10000000E-06 0.10000000E-06 0.10000000E-06 0.10000000E-06 0.10000000E-06 0.10000000E-06 0.10000000E-06 0.10000000E-06 0.10000000E-06 0.10000010E-06 0.10000010E-06 0.10000010E-06 0.10000000E-06 0.10000000E-06 0.10000000E-06 0.99999887E-07 0.10000000E-06 0.10000000E-06 0.10000000E-06 0.10000000E-06
 0.10000000E-06 0.10000000E-06 0.10000000E-06 0.10000000E-06 0.10000000E-06 0.10000000E-06 0.10000000E-06 0.10000000E-06 0.10000000E-06 0.10000000E-06 0.99999887E-07 0.10000010E-06 0.10000000E-06 0.10000000E-06 0.10000000E-06 0.10000000E-06 0.10000000E-06 0.10000000E-06 0.10000010E-06 0.10000000E-06 0.10000000E-06 0.99999887E-07 0.10000010E-06 0.99999887E-07 0.10000000E-06 0.99999887E-07 0.10000010E-06 0.10000010E-06 0.10000000E-06 0.10000000E-06 0.10000000E-06 0.10000000E-06 0.10000000E-06 0.10000000E-06 0.10000000E-06 0.10000000E-06 0.10000000E-06 0.10000000E-06 0.10000000E-06 0.10000000E-06 0.10000000E-06 0.10000000E-06 0.10000010E-06 0.10000000E-06 0.10000010E-06 0.10000000E-06 0.10000000E-06 0.10000000E-06 0.10000000E-06 0.10000000E-06 0.10000000E-06 0.10000000E-06 0.10000000E-06 0.10000000E-06 0.10000000E-06 0.10000000E-06 0.10000000E-06 0.10000000E-06 0.10000000E-06 0.10000010E-06 0.10000010E-06 0.99999887E-07 0.10000000E-06 0.99999887E-07 0.10000010E-06 0.99999887E-07 0.10000000E-06 0.10000000E-06 0.10000010E-06 0.10000000E-06 0.10000000E-06 0.10000000E-06 0.10000000E-06 0.10000000E-06 0.10000000E-06 0.10000010E-06 0.99999887E-07 0.10000000E-06 0.10000000E-06 0.10000000E-06 0.10000000E-06 0.10000000E-06 0.10000000E-06 0.10000000E-06 0.10000000E-06 0.10000000E-06 0.10000000E-06
 0.10000000E-06 0.10000000E-06 0.10000000E-06 0.10000000E-06 0.10000000E-06 0.10000000E-06 0.10000000E-06 0.10000000E-06 0.10000000E-06 0.10000000E-06 0.99999887E-07 0.10000000E-06 0.10000000E-06 0.10000000E-06 0.10000000E-06 0.10000000E-06 0.10000000E-06 0.10000000E-06 0.10000000E-06 0.10000000E-06 0.10000000E-06 0.10000000E-06 0.10000010E-06 0.10000000E-06 0.10000000E-06 0.10000000E-06 0.10000000E-06 0.10000000E-06 0.10000000E-06 0.10000000E-06 0.10000000E-06 0.10000010E-06 0.99999887E-07 0.10000010E-06 0.10000000E-06 0.10000000E-06 0.10000000E-06 0.10000000E-06 0.10000000E-06 0.10000000E-06 0.10000000E-06 0.10000000E-06 0.10000000E-06 0.10000000E-06 0.10000000E-06 0.10000000E-06 0.10000000E-06 0.10000000E-06 0.10000000E-06 0.10000000E-06 0.10000000E-06 0.10000000E-06 0.10000000E-06 0.10000010E-06 0.99999887E-07 0.10000010E-06 0.10000000E-06 0.10000000E-06 0.10000000E-06 0.10000000E-06 0.10000000E-06 0.10000000E-06 0.10000000E-06 0.10000000E-06 0.10000010E-06 0.10000000E-06 0.10000000E-06 0.10000000E-06 0.10000000E-06 0.10000000E-06 0.10000000E-06 0.10000000E-06 0.10000000E-06 0.10000000E-06 0.10000000E-06 0.10000000E-06 0.99999887E-07 0.10000000E-06 0.10000000E-06 0.10000000E-06 0.10000000E-06 0.10000000E-06 0.10000000E-06 0.10000000E-06 0.10000000E-06 0.10000000E-06 0.10000000E-06
 0.10000000E-06 0.10000000E-06 0.10000000E-06 0.10000000E-06 0.99999887E-07 0.10000000E-06 0.10000000E-06 0.10000000E-06 0.10000010E-06 0.10000000E-06 0.10000000E-06 0.10000000E-06 0.10000000E-06 0.10000000E-06 0.10000000E-06 0.10000000E-06 0.10000000E-06 0.10000000E-06 0.10000000E-06 0.10000000E-06 0.10000000E-06 0.10000000E-06 0.10000000E-06 0.10000000E-06 0.10000010E-06 0.10000000E-06 0.10000000E-06 0.10000000E-06 0.10000000E-06 0.10000000E-06 0.10000000E-06 0.99999887E-07 0.10000000E-06 0.10000000E-06 0.10000000E-06 0.99999887E-07 0.10000010E-06 0.10000000E-06 0.10000000E-06 0.10000010E-06 0.10000000E-06 0.10000000E-06 0.10000000E-06 0.10000000E-06 0.10000000E-06 0.10000000E-06 0.10000000E-06 0.10000010E-06 0.10000000E-06 0.10000000E-06 0.10000010E-06 0.99999887E-07 0.10000000E-06 0.10000000E-06 0.10000000E-06 0.99999887E-07 0.10000000E-06 0.10000000E-06 0.10000000E-06 0.10000000E-06 0.10000000E-06 0.10000000E-06 0.10000010E-06 0.10000000E-06 0.10000000E-06 0.10000000E-06 0.10000000E-06 0.10000000E-06 0.10000000E-06 0.10000000E-06 0.10000000E-06 0.10000000E-06 0.10000000E-06 0.10000000E-06 0.10000000E-06 0.10000000E-06 0.10000000E-06 0.10000000E-06 0.10000010E-06 0.10000000E-06 0.10000000E-06 0.10000000E-06 0.99999887E-07 0.10000000E-06 0.10000000E-06 0.10000000E-06 0.10000000E-06
 0.10000000E-06 0.10000000E-06 0.10000000E-06 0.10000000E-06 0.99999887E-07 0.10000000E-06 0.10000000E-06 0.10000000E-06 0.10000000E-06 0.10000000E-06 0.10000000E-06 0.10000000E-06 0.10000000E-06 0.10000000E-06 0.10000000E-06 0.10000000E-06 0.10000000E-06 0.10000000E-06 0.10000000E-06 0.10000000E-06 0.10000000E-06 0.10000000E-06 0.10000000E-06 0.10000000E-06 0.10000000E-06 0.10000000E-06 0.99999887E-07 0.10000000E-06 0.10000000E-06 0.10000000E-06 0.10000000E-06 0.10000000E-06 0.10000000E-06 0.10000000E-06 0.10000000E-06 0.10000000E-06 0.10000000E-06 0.10000000E-06 0.10000000E-06 0.10000000E-06 0.10000000E-06 0.10000000E-06 0.10000000E-06 0.10000000E-06 0.10000000E-06 0.10000000E-06 0.10000000E-06 0.10000000E-06 0.10000000E-06 0.10000000E-06 0.10000000E-06 0.10000000E-06 0.10000000E-06 0.10000000E-06 0.10000000E-06 0.10000000E-06 0.10000000E-06 0.10000000E-06 0.10000000E-06 0.10000000E-06 0.99999887E-07 0.10000000E-06 0.10000000E-06 0.10000000E-06 0.10000000E-06 0.10000000E-06 0.10000000E-06 0.10000000E-06 0.10000000E-06 0.10000000E-06 0.10000000E-06 0.10000000E-06 0.10000000E-06 0.10000000E-06 0.10000000E-06 0.10000000E-06 0.10000000E-06 0.10000000E-06 0.10000000E-06 0.10000000E-06 0.10000000E-06 0.10000000E-06 0.99999887E-07 0.10000000E-06 0.10000000E-06 0.10000000E-06 0.10000000E-06
 0.10000000E-06 0.10000000E-06 0.10000000E-06 0.10000000E-06 0.10000000E-06 0.10000000E-06 0.10000000E-06 0.10000000E-06 0.10000000E-06 0.10000000E-06 0.99999887E-07 0.10000010E-06 0.10000000E-06 0.10000000E-06 0.10000000E-06 0.10000000E-06 0.10000000E-06 0.10000000E-06 0.10000010E-06 0.10000000E-06 0.10000000E-06 0.99999887E-07 0.10000010E-06 0.99999887E-07 0.10000000E-06 0.99999887E-07 0.10000010E-06 0.10000010E-06 0.10000000E-06 0.10000000E-06 0.10000000E-06 0.10000000E-06 0.10000000E-06 0.10000000E-06 0.10000000E-06 0.10000000E-06 0.10000000E-06 0.10000000E-06 0.10000000E-06 0.10000000E-06 0.10000000E-06 0.10000000E-06 0.10000010E-06 0.10000000E-06 0.10000010E-06 0.10000000E-06 0.10000000E-06 0.10000000E-06 0.10000000E-06 0.10000000E-06 0.10000000E-06 0.10000000E-06 0.10000000E-06 0.10000000E-06 0.10000000E-06 0.10000000E-06 0.10000000E-06 0.10000000E-06 0.10000000E-06 0.10000010E-06 0.10000010E-06 0.99999887E-07 0.10000000E-06 0.99999887E-07 0.10000010E-06 0.99999887E-07 0.10000000E-06 0.10000000E-06 0.10000010E-06 0.10000000E-06 0.10000000E-06 0.10000000E-06 0.10000000E-06 0.10000000E-06 0.10000000E-06 0.10000010E-06 0.99999887E-07 0.10000000E-06 0.10000000E-06 0.10000000E-06 0.10000000E-06 0.10000000E-06 0.10000000E-06 0.10000000E-06 0.10000000E-06 0.10000000E-06 0.10000000E-06
 0.10000000E-06 0.10000000E-06 0.10000000E-06 0.10000000E-06 0.10000000E-06 0.10000000E-06 0.10000000E-06 0.10000000E-06 0.10000000E-06 0.10000000E-06 0.99999887E-07 0.10000000E-06 0.10000000E-06 0.10000000E-06 0.10000000E-06 0.99999887E-07 0.10000000E-06 0.10000000E-06 0.10000000E-06 0.99999887E-07 0.10000010E-06 0.10000000E-06 0.10000000E-06 0.10000000E-06 0.10000000E-06 0.10000000E-06 0.10000000E-06 0.10000000E-06 0.10000000E-06 0.10000000E-06 0.99999887E-07 0.10000000E-06 0.10000000E-06 0.10000000E-06 0.10000000E-06 0.10000000E-06 0.10000000E-06 0.10000000E-06 0.10000010E-06 0.10000000E-06 0.10000000E-06 0.10000000E-06 0.10000000E-06 0.10000000E-06 0.10000000E-06 0.10000000E-06 0.10000000E-06 0.10000000E-06 0.10000010E-06 0.10000000E-06 0.10000000E-06 0.10000000E-06 0.10000000E-06 0.10000000E-06 0.10000000E-06 0.10000000E-06 0.99999887E-07 0.10000000E-06 0.10000000E-06 0.10000000E-06 0.10000000E-06 0.10000000E-06 0.10000000E-06 0.10000000E-06 0.10000000E-06 0.10000000E-06 0.10000010E-06 0.99999887E-07 0.10000000E-06 0.10000000E-06 0.10000000E-06 0.99999887E-07 0.10000000E-06 0.10000000E-06 0.10000000E-06 0.10000000E-06 0.99999887E-07 0.10000000E-06 0.10000000E-06 0.10000000E-06 0.10000000E-06 0.10000000E-06 0.10000000E-06 0.10000000E-06 0.10000000E-06 0.10000000E-06 0.10000000E-06
 0.10000000E-06 0.10000000E-06 0.10000000E-06 0.10000000E-06 0.10000010E-06 0.10000000E-06 0.10000000E-06 0.10000000E-06 0.10000000E-06 0.10000010E-06 0.10000000E-06 0.10000000E-06 0.10000010E-06 0.10000000E-06 0.10000010E-06 0.10000000E-06 0.10000000E-06 0.10000010E-06 0.10000000E-06 0.10000000E-06 0.10000000E-06 0.10000000E-06 0.10000000E-06 0.10000000E-06 0.10000000E-06 0.10000010E-06 0.10000000E-06 0.10000000E-06 0.10000010E-06 0.10000010E-06 0.10000010E-06 0.10000000E-06 0.10000000E-06 0.10000000E-06 0.10000010E-06 0.99999887E-07 0.10000000E-06 0.10000000E-06 0.10000000E-06 0.10000000E-06 0.10000000E-06 0.99999887E-07 0.10000000E-06 0.10000000E-06 0.10000000E-06 0.99999887E-07 0.10000000E-06 0.10000000E-06 0.10000000E-06 0.10000000E-06 0.10000000E-06 0.99999887E-07 0.10000010E-06 0.10000000E-06 0.10000000E-06 0.10000000E-06 0.10000010E-06 0.10000010E-06 0.10000010E-06 0.10000000E-06 0.10000000E-06 0.10000010E-06 0.10000000E-06 0.10000000E-06 0.10000000E-06 0.10000000E-06 0.10000000E-06 0.10000000E-06 0.10000000E-06 0.10000010E-06 0.10000000E-06 0.10000000E-06 0.10000010E-06 0.10000000E-06 0.10000010E-06 0.10000000E-06 0.10000000E-06 0.10000010E-06 0.10000000E-06 0.10000000E-06 0.10000000E-06 0.10000000E-06 0.10000010E-06 0.10000000E-06 0.10000000E-06 0.10000000E-06 0.10000000E-06
 0.10000000E-06 0.10000000E-06 0.10000000E-06 0.10000000E-06 0.10000010E-06 0.10000000E-06 0.10000000E-06 0.10000000E-06 0.10000010E-06 0.10000000E-06 0.10000000E-06 0.99999887E-07 0.10000000E-06 0.10000000E-06 0.10000000E-06 0.10000000E-06 0.10000010E-06 0.99999887E-07 0.10000000E-06 0.10000000E-06 0.10000000E-06 0.10000000E-06 0.10000000E-06 0.10000000E-06 0.10000010E-06 0.10000000E-06 0.10000000E-06 0.99999887E-07 0.99999887E-07 0.10000000E-06 0.10000000E-06 0.10000000E-06 0.99999887E-07 0.10000000E-06 0.10000000E-06 0.10000000E-06 0.10000000E-06 0.10000000E-06 0.10000000E-06 0.10000000E-06 0.10000000E-06 0.10000010E-06 0.10000000E-06 0.99999887E-07 0.10000000E-06 0.10000010E-06 0.10000000E-06 0.10000000E-06 0.10000000E-06 0.10000000E-06 0.10000000E-06 0.10000000E-06 0.10000000E-06 0.10000000E-06 0.99999887E-07 0.10000000E-06 0.10000000E-06 0.10000000E-06 0.99999887E-07 0.99999887E-07 0.10000000E-06 0.10000000E-06 0.10000010E-06 0.10000000E-06 0.10000000E-06 0.10000000E-06 0.10000000E-06 0.10000000E-06 0.10000000E-06 0.99999887E-07 0.10000010E-06 0.10000000E-06 0.10000000E-06 0.10000000E-06 0.10000000E-06 0.99999887E-07 0.10000000E-06 0.10000000E-06 0.10000010E-06 0.10000000E-06 0.10000000E-06 0.10000000E-06 0.10000010E-06 0.10000000E-06 0.10000000E-06 0.10000000E-06 0.10000000E-06
 0.99999887E-07 0.10000000E-06 0.99999887E-07 0.99999887E-07 0.10000000E-06 0.10000000E-06 0.99999887E-07 0.99999887E-07 0.10000000E-06 0.10000000E-06 0.10000000E-06 0.10000010E-06 0.99999887E-07 0.10000000E-06 0.10000000E-06 0.10000010E-06 0.10000000E-06 0.10000000E-06 0.99999887E-07 0.10000000E-06 0.99999887E-07 0.10000010E-06 0.10000000E-06 0.10000000E-06 0.10000000E-06 0.10000000E-06 0.10000000E-06 0.10000000E-06 0.10000000E-06 0.10000000E-06 0.10000000E-06 0.10000000E-06 0.10000000E-06 0.10000010E-06 0.10000000E-06 0.10000010E-06 0.10000000E-06 0.10000000E-06 0.10000010E-06 0.10000000E-06 0.10000000E-06 0.99999887E-07 0.99999887E-07 0.10000010E-06 0.99999887E-07 0.99999887E-07 0.10000000E-06 0.10000000E-06 0.10000010E-06 0.10000000E-06 0.10000000E-06 0.10000010E-06 0.10000000E-06 0.10000010E-06 0.10000000E-06 0.10000000E-06 0.10000000E-06 0.10000000E-06 0.10000000E-06 0.10000000E-06 0.10000000E-06 0.10000000E-06 0.10000000E-06 0.10000000E-06 0.10000000E-06 0.10000010E-06 0.99999887E-07 0.10000000E-06 0.99999887E-07 0.10000000E-06 0.10000000E-06 0.10000010E-06 0.10000000E-06 0.10000000E-06 0.99999887E-07 0.10000010E-06 0.10000000E-06 0.10000000E-06 0.10000000E-06 0.99999887E-07 0.99999887E-07 0.10000000E-06 0.10000000E-06 0.99999887E-07 0.99999887E-07 0.10000000E-06 0.99999887E-07
 0.10000010E-06 0.10000000E-06 0.10000000E-06 0.10000010E-06 0.10000000E-06 0.10000010E-06 0.10000010E-06 0.10000000E-06 0.10000000E-06 0.99999887E-07 0.10000010E-06 0.10000000E-06 0.10000010E-06 0.10000000E-06 0.10000000E-06 0.10000010E-06 0.10000000E-06 0.10000010E-06 0.10000000E-06 0.10000000E-06 0.10000000E-06 0.99999887E-07 0.99999887E-07 0.99999887E-07 0.10000000E-06 0.10000000E-06 0.99999887E-07 0.10000000E-06 0.99999887E-07 0.10000000E-06 0.10000010E-06 0.10000000E-06 0.10000000E-06 0.10000000E-06 0.10000000E-06 0.10000000E-06 0.10000000E-06 0.10000010E-06 0.10000000E-06 0.10000000E-06 0.10000000E-06 0.10000000E-06 0.10000000E-06 0.10000010E-06 0.10000000E-06 0.10000000E-06 0.10000000E-06 0.10000000E-06 0.10000000E-06 0.10000010E-06 0.10000000E-06 0.10000000E-06 0.10000000E-06 0.10000000E-06 0.10000000E-06 0.10000000E-06 0.10000010E-06 0.10000000E-06 0.99999887E-07 0.10000000E-06 0.99999887E-07 0.10000000E-06 0.10000000E-06 0.99999887E-07 0.99999887E-07 0.99999887E-07 0.10000000E-06 0.10000000E-06 0.10000000E-06 0.10000010E-06 0.10000000E-06 0.10000010E-06 0.10000000E-06 0.10000000E-06 0.10000010E-06 0.10000000E-06 0.10000010E-06 0.99999887E-07 0.10000000E-06 0.10000000E-06 0.10000010E-06 0.10000010E-06 0.10000000E-06 0.10000010E-06 0.10000000E-06 0.10000000E-06 0.10000010E-06
 0.10000000E-06 0.10000000E-06 0.10000000E-06 0.10000000E-06 0.10000000E-06 0.10000000E-06 0.10000000E-06 0.10000000E-06 0.10000010E-06 0.10000000E-06 0.10000010E-06 0.10000000E-06 0.10000000E-06 0.10000000E-06 0.10000010E-06 0.10000000E-06 0.10000000E-06 0.10000000E-06 0.10000000E-06 0.10000000E-06 0.99999887E-07 0.10000000E-06 0.10000000E-06 0.10000000E-06 0.10000000E-06 0.10000000E-06 0.99999887E-07 0.10000000E-06 0.99999887E-07 0.10000000E-06 0.10000000E-06 0.99999887E-07 0.10000000E-06 0.10000000E-06 0.10000010E-06 0.10000000E-06 0.99999887E-07 0.10000000E-06 0.10000000E-06 0.10000000E-06 0.10000000E-06 0.10000000E-06 0.10000000E-06 0.10000000E-06 0.10000000E-06 0.10000000E-06 0.10000000E-06 0.10000000E-06 0.10000000E-06 0.10000000E-06 0.99999887E-07 0.10000000E-06 0.10000010E-06 0.10000000E-06 0.10000000E-06 0.99999887E-07 0.10000000E-06 0.10000000E-06 0.99999887E-07 0.10000000E-06 0.99999887E-07 0.10000000E-06 0.10000000E-06 0.10000000E-06 0.10000000E-06 0.10000000E-06 0.99999887E-07 0.10000000E-06 0.10000000E-06 0.10000000E-06 0.10000000E-06 0.10000000E-06 0.10000010E-06 0.10000000E-06 0.10000000E-06 0.10000000E-06 0.10000010E-06 0.10000000E-06 0.10000010E-06 0.10000000E-06 0.10000000E-06 0.10000000E-06 0.10000000E-06 0.10000000E-06 0.10000000E-06 0.10000000E-06 0.10000000E-06
 0.10000000E-06 0.10000000E-06 0.10000000E-06 0.10000000E-06 0.10000000E-06 0.10000000E-06 0.10000000E-06 0.10000000E-06 0.10000000E-06 0.10000000E-06 0.99999887E-07 0.10000000E-06 0.10000000E-06 0.10000000E-06 0.10000010E-06 0.10000010E-06 0.10000000E-06 0.99999887E-07 0.10000000E-06 0.10000000E-06 0.99999887E-07 0.10000000E-06 0.10000000E-06 0.10000010E-06 0.10000000E-06 0.10000000E-06 0.10000000E-06 0.10000010E-06 0.99999887E-07 0.10000000E-06 0.10000000E-06 0.10000010E-06 0.10000010E-06 0.99999887E-07 0.99999887E-07 0.10000000E-06 0.10000010E-06 0.99999887E-07 0.10000000E-06 0.99999887E-07 0.99999887E-07 0.99999887E-07 0.10000000E-06 0.99999887E-07 0.10000000E-06 0.99999887E-07 0.99999887E-07 0.99999887E-07 0.10000000E-06 0.99999887E-07 0.10000010E-06 0.10000000E-06 0.99999887E-07 0.99999887E-07 0.10000010E-06 0.10000010E-06 0.10000000E-06 0.10000000E-06 0.99999887E-07 0.10000010E-06 0.10000000E-06 0.10000000E-06 0.10000000E-06 0.10000010E-06 0.10000000E-06 0.10000000E-06 0.99999887E-07 0.10000000E-06 0.10000000E-06 0.99999887E-07 0.10000000E-06 0.10000010E-06 0.10000010E-06 0.10000000E-06 0.10000000E-06 0.10000000E-06 0.99999887E-07 0.10000000E-06 0.10000000E-06 0.10000000E-06 0.10000000E-06 0.10000000E-06 0.10000000E-06 0.10000000E-06 0.10000000E-06 0.10000000E-06 0.10000000E-06
 0.10000000E-06 0.10000000E-06 0.10000000E-06 0.10000000E-06 0.10000000E-06 0.10000000E-06 0.10000000E-06 0.10000000E-06 0.10000010E-06 0.10000000E-06 0.10000000E-06 0.99999887E-07 0.10000010E-06 0.99999887E-07 0.99999887E-07 0.10000000E-06 0.10000000E-06 0.10000000E-06 0.99999887E-07 0.99999887E-07 0.99999887E-07 0.10000000E-06 0.99999781E-07 0.99999887E-07 0.10000010E-06 0.10000000E-06 0.99999887E-07 0.10000000E-06 0.10000000E-06 0.99999887E-07 0.10000000E-06 0.10000010E-06 0.99999887E-07 0.10000000E-06 0.99999887E-07 0.10000000E-06 0.10000010E-06 0.10000000E-06 0.10000000E-06 0.99999887E-07 0.10000010E-06 0.10000010E-06 0.10000000E-06 0.99999887E-07 0.10000000E-06 0.10000010E-06 0.10000010E-06 0.99999887E-07 0.10000000E-06 0.10000000E-06 0.10000010E-06 0.10000000E-06 0.99999887E-07 0.10000000E-06 0.99999887E-07 0.10000010E-06 0.10000000E-06 0.99999887E-07 0.10000000E-06 0.10000000E-06 0.99999887E-07 0.10000000E-06 0.10000010E-06 0.99999887E-07 0.99999781E-07 0.10000000E-06 0.99999887E-07 0.99999887E-07 0.99999887E-07 0.10000000E-06 0.10000000E-06 0.10000000E-06 0.99999887E-07 0.99999887E-07 0.10000010E-06 0.99999887E-07 0.10000000E-06 0.10000000E-06 0.10000010E-06 0.10000000E-06 0.10000000E-06 0.10000000E-06 0.10000000E-06 0.10000000E-06 0.10000000E-06 0.10000000E-06 0.10000000E-06
 0.10000000E-06 0.10000000E-06 0.10000000E-06 0.10000000E-06 0.10000000E-06 0.10000000E-06 0.10000000E-06 0.99999887E-07 0.10000000E-06 0.10000000E-06 0.10000000E-06 0.10000000E-06 0.10000000E-06 0.10000000E-06 0.99999887E-07 0.10000000E-06 0.10000000E-06 0.10000000E-06 0.10000000E-06 0.99999887E-07 0.10000000E-06 0.10000000E-06 0.10000000E-06 0.10000010E-06 0.10000000E-06 0.10000010E-06 0.10000000E-06 0.10000000E-06 0.10000000E-06 0.10000000E-06 0.10000000E-06 0.10000000E-06 0.10000010E-06 0.10000000E-06 0.99999887E-07 0.10000010E-06 0.10000000E-06 0.10000000E-06 0.10000000E-06 0.10000010E-06 0.10000000E-06 0.10000000E-06 0.10000000E-06 0.10000010E-06 0.10000000E-06 0.10000000E-06 0.10000000E-06 0.10000010E-06 0.10000000E-06 0.10000000E-06 0.10000000E-06 0.10000010E-06 0.99999887E-07 0.10000000E-06 0.10000010E-06 0.10000000E-06 0.10000000E-06 0.10000000E-06 0.10000000E-06 0.10000000E-06 0.10000000E-06 0.10000010E-06 0.10000000E-06 0.10000010E-06 0.10000000E-06 0.10000000E-06 0.10000000E-06 0.99999887E-07 0.10000000E-06 0.10000000E-06 0.10000000E-06 0.10000000E-06 0.99999887E-07 0.10000000E-06 0.10000000E-06 0.10000000E-06 0.10000000E-06 0.10000000E-06 0.10000000E-06 0.99999887E-07 0.10000000E-06 0.10000000E-06 0.10000000E-06 0.10000000E-06 0.10000000E-06 0.10000000E-06 0.10000000E-06
 0.10000000E-06 0.10000000E-06 0.10000000E-06 0.10000000E-06 0.10000000E-06 0.10000000E-06 0.10000000E-06 0.10000000E-06 0.10000000E-06 0.10000000E-06 0.10000000E-06 0.99999887E-07 0.10000000E-06 0.99999781E-07 0.99999781E-07 0.99999887E-07 0.10000000E-06 0.99999887E-07 0.10000000E-06 0.10000000E-06 0.10000000E-06 0.10000010E-06 0.10000000E-06 0.10000010E-06 0.10000010E-06 0.99999887E-07 0.10000000E-06 0.10000000E-06 0.10000000E-06 0.10000000E-06 0.10000000E-06 0.99999887E-07 0.10000000E-06 0.10000000E-06 0.10000000E-06 0.99999887E-07 0.99999887E-07 0.10000000E-06 0.10000010E-06 0.10000000E-06 0.10000000E-06 0.10000000E-06 0.10000000E-06 0.99999887E-07 0.10000000E-06 0.10000000E-06 0.10000000E-06 0.10000000E-06 0.10000010E-06 0.10000000E-06 0.99999887E-07 0.99999887E-07 0.10000000E-06 0.10000000E-06 0.10000000E-06 0.99999887E-07 0.10000000E-06 0.10000000E-06 0.10000000E-06 0.10000000E-06 0.10000000E-06 0.99999887E-07 0.10000010E-06 0.10000010E-06 0.10000000E-06 0.10000010E-06 0.10000000E-06 0.10000000E-06 0.10000000E-06 0.99999887E-07 0.10000000E-06 0.99999887E-07 0.99999781E-07 0.99999781E-07 0.10000000E-06 0.99999887E-07 0.10000000E-06 0.10000000E-06 0.10000000E-06 0.10000000E-06 0.10000000E-06 0.10000000E-06 0.10000000E-06 0.10000000E-06 0.10000000E-06 0.10000000E-06 0.10000000E-06
 0.10000000E-06 0.10000000E-06 0.10000000E-06 0.10000000E-06 0.99999887E-07 0.10000000E-06 0.10000000E-06 0.10000000E-06 0.10000010E-06 0.10000010E-06 0.10000010E-06 0.10000010E-06 0.99999887E-07 0.10000000E-06 0.10000000E-06 0.10000000E-06 0.99999887E-07 0.10000000E-06 0.10000000E-06 0.10000010E-06 0.10000010E-06 0.10000000E-06 0.10000000E-06 0.10000000E-06 0.10000000E-06 0.10000000E-06 0.10000010E-06 0.99999887E-07 0.10000000E-06 0.10000000E-06 0.10000000E-06 0.10000000E-06 0.99999887E-07 0.99999887E-07 0.99999781E-07 0.10000000E-06 0.10000000E-06 0.10000000E-06 0.10000010E-06 0.10000000E-06 0.10000000E-06 0.10000000E-06 0.10000000E-06 0.10000000E-06 0.10000000E-06 0.10000000E-06 0.10000000E-06 0.10000000E-06 0.10000010E-06 0.10000000E-06 0.10000000E-06 0.10000000E-06 0.99999781E-07 0.99999887E-07 0.99999887E-07 0.10000000E-06 0.10000000E-06 0.10000000E-06 0.10000000E-06 0.99999887E-07 0.10000010E-06 0.10000000E-06 0.10000000E-06 0.10000000E-06 0.10000000E-06 0.10000000E-06 0.10000010E-06 0.10000010E-06 0.10000000E-06 0.10000000E-06 0.99999887E-07 0.10000000E-06 0.10000000E-06 0.10000000E-06 0.99999887E-07 0.10000010E-06 0.10000010E-06 0.10000010E-06 0.10000010E-06 0.10000000E-06 0.10000000E-06 0.10000000E-06 0.99999887E-07 0.10000000E-06 0.10000000E-06 0.10000000E-06 0.10000000E-06
 0.10000010E-06 0.10000000E-06 0.10000000E-06 0.10000010E-06 0.10000000E-06 0.10000000E-06 0.10000010E-06 0.10000000E-06 0.10000000E-06 0.99999887E-07 0.10000010E-06 0.10000000E-06 0.10000000E-06 0.10000010E-06 0.99999887E-07 0.10000010E-06 0.99999887E-07 0.10000000E-06 0.99999781E-07 0.10000000E-06 0.10000000E-06 0.10000000E-06 0.10000000E-06 0.99999781E-07 0.99999887E-07 0.10000010E-06 0.10000010E-06 0.10000000E-06 0.10000000E-06 0.10000010E-06 0.10000000E-06 0.10000000E-06 0.10000010E-06 0.99999887E-07 0.10000010E-06 0.10000000E-06 0.99999887E-07 0.10000000E-06 0.99999887E-07 0.10000000E-06 0.10000000E-06 0.99999887E-07 0.10000000E-06 0.10000000E-06 0.10000000E-06 0.99999887E-07 0.10000000E-06 0.10000000E-06 0.99999887E-07 0.10000000E-06 0.99999887E-07 0.10000000E-06 0.10000010E-06 0.99999887E-07 0.10000010E-06 0.10000000E-06 0.10000000E-06 0.10000010E-06 0.10000000E-06 0.10000000E-06 0.10000010E-06 0.10000010E-06 0.99999887E-07 0.99999781E-07 0.10000000E-06 0.10000000E-06 0.10000000E-06 0.10000000E-06 0.99999781E-07 0.10000000E-06 0.99999887E-07 0.10000010E-06 0.99999887E-07 0.10000010E-06 0.10000000E-06 0.10000000E-06 0.10000010E-06 0.99999887E-07 0.10000000E-06 0.10000000E-06 0.10000010E-06 0.10000000E-06 0.10000000E-06 0.10000010E-06 0.10000000E-06 0.10000000E-06 0.10000010E-06
 0.10000000E-06 0.10000000E-06 0.10000000E-06 0.10000000E-06 0.10000000E-06 0.10000000E-06 0.10000000E-06 0.99999887E-07 0.10000000E-06 0.10000000E-06 0.10000010E-06 0.99999887E-07 0.99999887E-07 0.10000000E-06 0.10000000E-06 0.10000000E-06 0.99999887E-07 0.10000010E-06 0.99999887E-07 0.10000000E-06 0.10000000E-06 0.10000010E-06 0.10000000E-06 0.10000000E-06 0.10000000E-06 0.99999887E-07 0.10000000E-06 0.10000000E-06 0.10000000E-06 0.99999887E-07 0.10000000E-06 0.10000000E-06 0.99999887E-07 0.10000010E-06 0.10000000E-06 0.10000000E-06 0.99999887E-07 0.10000010E-06 0.99999887E-07 0.10000000E-06 0.10000000E-06 0.10000000E-06 0.10000010E-06 0.10000000E-06 0.10000010E-06 0.10000000E-06 0.10000000E-06 0.10000000E-06 0.99999887E-07 0.10000010E-06 0.99999887E-07 0.10000000E-06 0.10000000E-06 0.10000010E-06 0.99999887E-07 0.10000000E-06 0.10000000E-06 0.99999887E-07 0.10000000E-06 0.10000000E-06 0.10000000E-06 0.99999887E-07 0.10000000E-06 0.10000000E-06 0.10000000E-06 0.10000010E-06 0.10000000E-06 0.10000000E-06 0.99999887E-07 0.10000010E-06 0.99999887E-07 0.10000000E-06 0.10000000E-06 0.10000000E-06 0.99999887E-07 0.99999887E-07 0.10000010E-06 0.10000000E-06 0.10000000E-06 0.99999887E-07 0.10000000E-06 0.10000000E-06 0.10000000E-06 0.10000000E-06 0.10000000E-06 0.10000000E-06 0.10000000E-06
 0.10000000E-06 0.10000010E-06 0.10000000E-06 0.10000000E-06 0.10000000E-06 0.10000000E-06 0.10000000E-06 0.10000010E-06 0.10000000E-06 0.10000010E-06 0.99999887E-07 0.10000010E-06 0.10000010E-06 0.10000000E-06 0.99999887E-07 0.10000000E-06 0.10000000E-06 0.99999887E-07 0.10000010E-06 0.10000010E-06 0.10000000E-06 0.99999887E-07 0.99999887E-07 0.99999887E-07 0.10000000E-06 0.10000010E-06 0.10000000E-06 0.10000010E-06 0.10000000E-06 0.10000000E-06 0.99999887E-07 0.10000000E-06 0.10000010E-06 0.99999887E-07 0.99999887E-07 0.10000000E-06 0.10000000E-06 0.10000000E-06 0.10000010E-06 0.10000000E-06 0.10000000E-06 0.10000010E-06 0.10000000E-06 0.10000000E-06 0.10000000E-06 0.10000010E-06 0.10000000E-06 0.10000000E-06 0.10000010E-06 0.10000000E-06 0.10000000E-06 0.10000000E-06 0.99999887E-07 0.99999887E-07 0.10000010E-06 0.10000000E-06 0.99999887E-07 0.10000000E-06 0.10000000E-06 0.10000010E-06 0.10000000E-06 0.10000010E-06 0.10000000E-06 0.99999887E-07 0.99999887E-07 0.99999887E-07 0.10000000E-06 0.10000010E-06 0.10000010E-06 0.99999887E-07 0.10000000E-06 0.10000000E-06 0.99999887E-07 0.10000000E-06 0.10000010E-06 0.10000010E-06 0.99999887E-07 0.10000010E-06 0.10000000E-06 0.10000010E-06 0.10000000E-06 0.10000000E-06 0.10000000E-06 0.10000000E-06 0.10000000E-06 0.10000010E-06 0.10000000E-06
 0.99999887E-07 0.10000000E-06 0.10000000E-06 0.99999887E-07 0.99999887E-07 0.10000000E-06 0.99999887E-07 0.10000000E-06 0.10000000E-06 0.10000010E-06 0.99999887E-07 0.10000000E-06 0.10000000E-06 0.10000000E-06 0.10000000E-06 0.10000010E-06 0.10000000E-06 0.10000000E-06 0.10000000E-06 0.10000000E-06 0.10000010E-06 0.10000000E-06 0.10000000E-06 0.10000000E-06 0.99999887E-07 0.10000010E-06 0.99999781E-07 0.10000010E-06 0.10000000E-06 0.10000010E-06 0.10000010E-06 0.99999887E-07 0.10000000E-06 0.10000010E-06 0.10000000E-06 0.10000010E-06 0.99999887E-07 0.10000010E-06 0.10000000E-06 0.10000000E-06 0.10000000E-06 0.10000000E-06 0.99999887E-07 0.99999781E-07 0.99999887E-07 0.10000000E-06 0.10000000E-06 0.10000000E-06 0.10000000E-06 0.10000010E-06 0.99999887E-07 0.10000010E-06 0.10000000E-06 0.10000010E-06 0.10000000E-06 0.99999887E-07 0.10000010E-06 0.10000010E-06 0.10000000E-06 0.10000010E-06 0.99999781E-07 0.10000010E-06 0.99999887E-07 0.10000000E-06 0.10000000E-06 0.10000000E-06 0.10000010E-06 0.10000000E-06 0.10000000E-06 0.10000000E-06 0.10000000E-06 0.10000010E-06 0.10000000E-06 0.10000000E-06 0.10000000E-06 0.10000000E-06 0.99999887E-07 0.10000010E-06 0.10000000E-06 0.10000000E-06 0.99999887E-07 0.10000000E-06 0.99999887E-07 0.99999887E-07 0.10000000E-06 0.10000000E-06 0.99999887E-07
 0.10000010E-06 0.10000000E-06 0.10000010E-06 0.10000010E-06 0.99999887E-07 0.10000000E-06 0.10000010E-06 0.10000000E-06 0.10000000E-06 0.10000000E-06 0.10000000E-06 0.10000000E-06 0.10000000E-06 0.99999887E-07 0.10000000E-06 0.10000010E-06 0.10000000E-06 0.10000000E-06 0.10000000E-06 0.99999887E-07 0.10000000E-06 0.10000010E-06 0.10000000E-06 0.10000000E-06 0.10000010E-06 0.10000000E-06 0.99999887E-07 0.10000010E-06 0.99999887E-07 0.99999887E-07 0.10000000E-06 0.10000000E-06 0.10000010E-06 0.10000000E-06 0.10000000E-06 0.10000000E-06 0.10000010E-06 0.10000000E-06 0.10000000E-06 0.10000000E-06 0.99999887E-07 0.99999887E-07 0.99999781E-07 0.10000020E-06 0.99999781E-07 0.99999887E-07 0.99999887E-07 0.10000000E-06 0.10000000E-06 0.10000000E-06 0.10000010E-06 0.10000000E-06 0.10000000E-06 0.10000000E-06 0.10000010E-06 0.10000000E-06 0.10000000E-06 0.99999887E-07 0.99999887E-07 0.10000010E-06 0.99999887E-07 0.10000000E-06 0.10000010E-06 0.10000000E-06 0.10000000E-06 0.10000010E-06 0.10000000E-06 0.99999887E-07 0.10000000E-06 0.10000000E-06 0.10000000E-06 0.10000010E-06 0.10000000E-06 0.99999887E-07 0.10000000E-06 0.10000000E-06 0.10000000E-06 0.10000000E-06 0.10000000E-06 0.10000000E-06 0.10000010E-06 0.10000000E-06 0.99999887E-07 0.10000010E-06 0.10000010E-06 0.10000000E-06 0.10000010E-06
 0.99999887E-07 0.10000000E-06 0.10000000E-06 0.99999887E-07 0.10000000E-06 0.10000000E-06 0.99999887E-07 0.10000000E-06 0.10000000E-06 0.99999887E-07 0.99999781E-07 0.99999887E-07 0.99999887E-07 0.10000000E-06 0.10000000E-06 0.99999887E-07 0.99999887E-07 0.10000000E-06 0.10000010E-06 0.10000000E-06 0.99999887E-07 0.10000010E-06 0.10000000E-06 0.10000000E-06 0.99999887E-07 0.10000000E-06 0.10000000E-06 0.99999781E-07 0.10000010E-06 0.10000010E-06 0.99999887E-07 0.99999887E-07 0.10000010E-06 0.10000010E-06 0.99999887E-07 0.10000000E-06 0.10000010E-06 0.10000000E-06 0.10000010E-06 0.99999887E-07 0.10000000E-06 0.99999887E-07 0.10000000E-06 0.10000020E-06 0.10000000E-06 0.99999887E-07 0.10000000E-06 0.99999887E-07 0.10000010E-06 0.10000000E-06 0.10000010E-06 0.10000000E-06 0.99999887E-07 0.10000010E-06 0.10000010E-06 0.99999887E-07 0.99999887E-07 0.10000010E-06 0.10000010E-06 0.99999781E-07 0.10000000E-06 0.10000000E-06 0.99999887E-07 0.10000000E-06 0.10000000E-06 0.10000010E-06 0.99999887E-07 0.10000000E-06 0.10000010E-06 0.10000000E-06 0.99999887E-07 0.99999887E-07 0.10000000E-06 0.10000000E-06 0.99999887E-07 0.99999887E-07 0.99999781E-07 0.99999887E-07 0.10000000E-06 0.10000000E-06 0.99999887E-07 0.10000000E-06 0.10000000E-06 0.99999887E-07 0.10000000E-06 0.10000000E-06 0.99999887E-07
 0.10000000E-06 0.10000000E-06 0.10000000E-06 0.10000000E-06 0.10000000E-06 0.10000000E-06 0.10000000E-06 0.10000000E-06 0.10000000E-06 0.10000000E-06 0.99999887E-07 0.10000000E-06 0.10000010E-06 0.10000010E-06 0.10000000E-06 0.10000000E-06 0.10000000E-06 0.10000000E-06 0.10000010E-06 0.10000000E-06 0.99999887E-07 0.10000000E-06 0.10000000E-06 0.99999887E-07 0.10000000E-06 0.10000010E-06 0.10000000E-06 0.10000000E-06 0.10000010E-06 0.10000000E-06 0.10000000E-06 0.10000000E-06 0.10000010E-06 0.10000000E-06 0.10000000E-06 0.99999887E-07 0.10000000E-06 0.10000000E-06 0.10000000E-06 0.10000000E-06 0.10000000E-06 0.10000000E-06 0.10000000E-06 0.10000000E-06 0.10000000E-06 0.10000000E-06 0.10000000E-06 0.10000000E-06 0.10000000E-06 0.10000000E-06 0.10000000E-06 0.99999887E-07 0.10000000E-06 0.10000000E-06 0.10000010E-06 0.10000000E-06 0.10000000E-06 0.10000000E-06 0.10000010E-06 0.10000000E-06 0.10000000E-06 0.10000010E-06 0.10000000E-06 0.99999887E-07 0.10000000E-06 0.10000000E-06 0.99999887E-07 0.10000000E-06 0.10000010E-06 0.10000000E-06 0.10000000E-06 0.10000000E-06 0.10000000E-06 0.10000010E-06 0.10000010E-06 0.10000000E-06 0.99999887E-07 0.10000000E-06 0.10000000E-06 0.10000000E-06 0.10000000E-06 0.10000000E-06 0.10000000E-06 0.10000000E-06 0.10000000E-06 0.10000000E-06 0.10000000E-06
 0.99999887E-07 0.10000000E-06 0.10000000E-06 0.99999887E-07 0.10000000E-06 0.10000000E-06 0.99999887E-07 0.10000000E-06 0.10000010E-06 0.10000010E-06 0.99999887E-07 0.10000000E-06 0.10000000E-06 0.10000000E-06 0.10000010E-06 0.10000000E-06 0.10000000E-06 0.10000000E-06 0.10000010E-06 0.10000010E-06 0.10000000E-06 0.10000010E-06 0.10000000E-06 0.10000010E-06 0.99999887E-07 0.99999887E-07 0.10000000E-06 0.10000000E-06 0.10000010E-06 0.10000000E-06 0.10000010E-06 0.10000010E-06 0.10000000E-06 0.10000000E-06 0.10000000E-06 0.99999887E-07 0.99999887E-07 0.10000000E-06 0.99999887E-07 0.10000000E-06 0.99999887E-07 0.10000000E-06 0.10000010E-06 0.10000010E-06 0.10000010E-06 0.10000000E-06 0.99999887E-07 0.10000000E-06 0.99999887E-07 0.10000000E-06 0.99999887E-07 0.99999887E-07 0.10000000E-06 0.10000000E-06 0.10000000E-06 0.10000010E-06 0.10000010E-06 0.10000000E-06 0.10000010E-06 0.10000000E-06 0.10000000E-06 0.99999887E-07 0.99999887E-07 0.10000010E-06 0.10000000E-06 0.10000010E-06 0.10000000E-06 0.10000010E-06 0.10000010E-06 0.10000000E-06 0.10000000E-06 0.10000000E-06 0.10000010E-06 0.10000000E-06 0.10000000E-06 0.10000000E-06 0.99999887E-07 0.10000010E-06 0.10000010E-06 0.10000000E-06 0.99999887E-07 0.10000000E-06 0.10000000E-06 0.99999887E-07 0.10000000E-06 0.10000000E-06 0.99999887E-07
 0.10000010E-06 0.10000010E-06 0.10000000E-06 0.10000010E-06 0.10000000E-06 0.10000000E-06 0.10000010E-06 0.10000000E-06 0.10000000E-06 0.99999887E-07 0.10000000E-06 0.99999887E-07 0.10000000E-06 0.10000020E-06 0.10000000E-06 0.10000010E-06 0.10000000E-06 0.10000000E-06 0.10000010E-06 0.99999887E-07 0.10000010E-06 0.10000000E-06 0.10000000E-06 0.10000010E-06 0.10000010E-06 0.99999781E-07 0.99999781E-07 0.10000000E-06 0.10000010E-06 0.10000020E-06 0.99999887E-07 0.10000010E-06 0.10000000E-06 0.10000010E-06 0.99999887E-07 0.10000000E-06 0.10000020E-06 0.10000000E-06 0.10000000E-06 0.10000000E-06 0.99999887E-07 0.10000000E-06 0.99999887E-07 0.99999781E-07 0.99999887E-07 0.10000000E-06 0.99999887E-07 0.10000000E-06 0.10000000E-06 0.10000000E-06 0.10000020E-06 0.10000000E-06 0.99999887E-07 0.10000010E-06 0.10000000E-06 0.10000010E-06 0.99999887E-07 0.10000020E-06 0.10000010E-06 0.10000000E-06 0.99999781E-07 0.99999781E-07 0.10000010E-06 0.10000010E-06 0.10000000E-06 0.10000000E-06 0.10000010E-06 0.99999887E-07 0.10000010E-06 0.10000000E-06 0.10000000E-06 0.10000010E-06 0.10000000E-06 0.10000020E-06 0.10000000E-06 0.99999887E-07 0.10000000E-06 0.99999887E-07 0.10000000E-06 0.10000000E-06 0.10000010E-06 0.10000000E-06 0.10000000E-06 0.10000010E-06 0.10000000E-06 0.10000010E-06 0.10000010E-06
 0.10000010E-06 0.10000000E-06 0.10000000E-06 0.10000010E-06 0.10000000E-06 0.10000000E-06 0.10000010E-06 0.10000000E-06 0.10000000E-06 0.99999887E-07 0.10000010E-06 0.10000000E-06 0.99999887E-07 0.99999887E-07 0.99999887E-07 0.10000000E-06 0.10000010E-06 0.99999887E-07 0.10000000E-06 0.10000000E-06 0.10000000E-06 0.99999887E-07 0.10000010E-06 0.10000000E-06 0.99999887E-07 0.10000010E-06 0.10000010E-06 0.10000000E-06 0.10000010E-06 0.99999887E-07 0.10000000E-06 0.10000000E-06 0.99999887E-07 0.99999887E-07 0.10000000E-06 0.10000000E-06 0.10000000E-06 0.10000020E-06 0.10000010E-06 0.10000000E-06 0.10000000E-06 0.10000000E-06 0.10000000E-06 0.10000000E-06 0.10000000E-06 0.10000000E-06 0.10000000E-06 0.10000000E-06 0.10000010E-06 0.10000020E-06 0.10000000E-06 0.10000000E-06 0.10000000E-06 0.99999887E-07 0.99999887E-07 0.10000000E-06 0.10000000E-06 0.99999887E-07 0.10000010E-06 0.10000000E-06 0.10000010E-06 0.10000010E-06 0.99999887E-07 0.10000000E-06 0.10000010E-06 0.99999887E-07 0.10000000E-06 0.10000000E-06 0.10000000E-06 0.99999887E-07 0.10000010E-06 0.10000000E-06 0.99999887E-07 0.99999887E-07 0.99999887E-07 0.10000000E-06 0.10000010E-06 0.99999887E-07 0.10000000E-06 0.10000000E-06 0.10000010E-06 0.10000000E-06 0.10000000E-06 0.10000010E-06 0.10000000E-06 0.10000000E-06 0.10000010E-06
 0.10000000E-06 0.10000000E-06 0.10000000E-06 0.10000000E-06 0.99999887E-07 0.10000000E-06 0.10000000E-06 0.10000000E-06 0.10000010E-06 0.10000010E-06 0.10000000E-06 0.10000000E-06 0.10000010E-06 0.10000010E-06 0.10000000E-06 0.10000000E-06 0.10000000E-06 0.10000010E-06 0.10000000E-06 0.10000010E-06 0.99999887E-07 0.10000000E-06 0.99999887E-07 0.99999887E-07 0.10000000E-06 0.99999887E-07 0.99999887E-07 0.10000000E-06 0.10000000E-06 0.99999887E-07 0.10000000E-06 0.10000000E-06 0.10000010E-06 0.10000000E-06 0.10000000E-06 0.10000000E-06 0.10000010E-06 0.99999887E-07 0.99999887E-07 0.99999887E-07 0.10000000E-06 0.99999887E-07 0.99999887E-07 0.10000000E-06 0.99999887E-07 0.99999887E-07 0.10000000E-06 0.99999887E-07 0.99999887E-07 0.99999887E-07 0.10000010E-06 0.10000000E-06 0.10000000E-06 0.10000000E-06 0.10000010E-06 0.10000000E-06 0.10000000E-06 0.99999887E-07 0.10000000E-06 0.10000000E-06 0.99999887E-07 0.99999887E-07 0.10000000E-06 0.99999887E-07 0.99999887E-07 0.10000000E-06 0.99999887E-07 0.10000010E-06 0.10000000E-06 0.10000010E-06 0.10000000E-06 0.10000000E-06 0.10000000E-06 0.10000010E-06 0.10000010E-06 0.10000000E-06 0.10000000E-06 0.10000010E-06 0.10000010E-06 0.10000000E-06 0.10000000E-06 0.10000000E-06 0.99999887E-07 0.10000000E-06 0.10000000E-06 0.10000000E-06 0.10000000E-06
 0.10000000E-06 0.10000000E-06 0.10000000E-06 0.10000000E-06 0.10000000E-06 0.10000010E-06 0.10000000E-06 0.10000000E-06 0.10000010E-06 0.10000000E-06 0.10000000E-06 0.10000000E-06 0.10000000E-06 0.10000000E-06 0.99999887E-07 0.10000000E-06 0.10000010E-06 0.10000000E-06 0.10000010E-06 0.10000000E-06 0.99999887E-07 0.99999887E-07 0.99999887E-07 0.99999887E-07 0.10000000E-06 0.10000000E-06 0.10000020E-06 0.99999887E-07 0.99999887E-07 0.10000000E-06 0.10000010E-06 0.10000000E-06 0.10000000E-06 0.10000010E-06 0.99999887E-07 0.10000000E-06 0.10000010E-06 0.10000000E-06 0.10000000E-06 0.10000010E-06 0.10000010E-06 0.10000000E-06 0.10000000E-06 0.10000000E-06 0.10000000E-06 0.10000000E-06 0.10000010E-06 0.10000010E-06 0.10000000E-06 0.10000000E-06 0.10000010E-06 0.10000000E-06 0.99999887E-07 0.10000010E-06 0.10000000E-06 0.10000000E-06 0.10000010E-06 0.10000000E-06 0.99999887E-07 0.99999887E-07 0.10000020E-06 0.10000000E-06 0.10000000E-06 0.99999887E-07 0.99999887E-07 0.99999887E-07 0.99999887E-07 0.10000000E-06 0.10000010E-06 0.10000000E-06 0.10000010E-06 0.10000000E-06 0.99999887E-07 0.10000000E-06 0.10000000E-06 0.10000000E-06 0.10000000E-06 0.10000000E-06 0.10000010E-06 0.10000000E-06 0.10000000E-06 0.10000010E-06 0.10000000E-06 0.10000000E-06 0.10000000E-06 0.10000000E-06 0.10000000E-06
 0.10000000E-06 0.10000000E-06 0.10000000E-06 0.10000000E-06 0.10000000E-06 0.10000000E-06 0.10000000E-06 0.99999887E-07 0.10000010E-06 0.10000000E-06 0.10000000E-06 0.10000000E-06 0.10000000E-06 0.99999781E-07 0.10000010E-06 0.10000010E-06 0.10000000E-06 0.10000000E-06 0.99999887E-07 0.10000010E-06 0.99999887E-07 0.10000000E-06 0.99999887E-07 0.99999781E-07 0.10000000E-06 0.10000000E-06 0.99999887E-07 0.10000000E-06 0.99999887E-07 0.10000000E-06 0.10000010E-06 0.10000000E-06 0.10000000E-06 0.10000000E-06 0.10000000E-06 0.10000000E-06 0.10000010E-06 0.10000000E-06 0.10000010E-06 0.99999887E-07 0.10000000E-06 0.10000010E-06 0.10000000E-06 0.10000000E-06 0.10000000E-06 0.10000010E-06 0.10000000E-06 0.99999887E-07 0.10000010E-06 0.10000000E-06 0.10000010E-06 0.10000000E-06 0.10000000E-06 0.10000000E-06 0.10000000E-06 0.10000000E-06 0.10000010E-06 0.10000000E-06 0.99999887E-07 0.10000000E-06 0.99999887E-07 0.10000000E-06 0.10000000E-06 0.99999781E-07 0.99999887E-07 0.10000000E-06 0.99999887E-07 0.10000010E-06 0.99999887E-07 0.10000000E-06 0.10000000E-06 0.10000010E-06 0.10000010E-06 0.99999781E-07 0.10000000E-06 0.10000000E-06 0.10000000E-06 0.10000000E-06 0.10000010E-06 0.99999887E-07 0.10000000E-06 0.10000000E-06 0.10000000E-06 0.10000000E-06 0.10000000E-06 0.10000000E-06 0.10000000E-06
 0.10000000E-06 0.10000000E-06 0.10000010E-06 0.10000000E-06 0.99999887E-07 0.10000000E-06 0.10000000E-06 0.10000000E-06 0.10000000E-06 0.10000010E-06 0.10000000E-06 0.10000000E-06 0.99999887E-07 0.10000010E-06 0.99999887E-07 0.10000000E-06 0.10000000E-06 0.10000000E-06 0.10000000E-06 0.99999887E-07 0.99999887E-07 0.99999887E-07 0.10000010E-06 0.99999887E-07 0.10000000E-06 0.10000000E-06 0.10000000E-06 0.10000010E-06 0.99999887E-07 0.10000000E-06 0.99999887E-07 0.10000000E-06 0.99999887E-07 0.10000010E-06 0.10000000E-06 0.10000000E-06 0.10000000E-06 0.10000000E-06 0.10000010E-06 0.10000000E-06 0.99999887E-07 0.99999887E-07 0.99999887E-07 0.10000010E-06 0.99999887E-07 0.99999887E-07 0.99999887E-07 0.10000000E-06 0.10000010E-06 0.10000000E-06 0.10000000E-06 0.10000000E-06 0.10000000E-06 0.10000010E-06 0.99999887E-07 0.10000000E-06 0.99999887E-07 0.10000000E-06 0.99999887E-07 0.10000010E-06 0.10000000E-06 0.10000000E-06 0.10000000E-06 0.99999887E-07 0.10000010E-06 0.99999887E-07 0.99999887E-07 0.99999887E-07 0.10000000E-06 0.10000000E-06 0.10000000E-06 0.10000000E-06 0.99999887E-07 0.10000010E-06 0.99999887E-07 0.10000000E-06 0.10000000E-06 0.10000010E-06 0.10000000E-06 0.10000000E-06 0.10000000E-06 0.10000000E-06 0.99999887E-07 0.10000000E-06 0.10000010E-06 0.10000000E-06 0.10000000E-06
 0.10000000E-06 0.10000000E-06 0.99999887E-07 0.10000000E-06 0.10000000E-06 0.10000000E-06 0.10000000E-06 0.10000000E-06 0.10000000E-06 0.10000000E-06 0.99999887E-07 0.10000000E-06 0.99999887E-07 0.10000000E-06 0.10000010E-06 0.99999887E-07 0.10000000E-06 0.10000010E-06 0.10000000E-06 0.99999887E-07 0.10000000E-06 0.99999887E-07 0.10000000E-06 0.10000000E-06 0.10000000E-06 0.10000020E-06 0.99999887E-07 0.99999887E-07 0.10000000E-06 0.10000010E-06 0.10000000E-06 0.99999887E-07 0.10000010E-06 0.10000000E-06 0.10000000E-06 0.10000010E-06 0.10000000E-06 0.10000010E-06 0.99999781E-07 0.10000010E-06 0.10000000E-06 0.10000010E-06 0.99999781E-07 0.99999887E-07 0.99999781E-07 0.10000010E-06 0.10000000E-06 0.10000010E-06 0.99999781E-07 0.10000010E-06 0.10000000E-06 0.10000010E-06 0.10000000E-06 0.10000000E-06 0.10000010E-06 0.99999887E-07 0.10000000E-06 0.10000010E-06 0.10000000E-06 0.99999887E-07 0.99999887E-07 0.10000020E-06 0.10000000E-06 0.10000000E-06 0.10000000E-06 0.99999887E-07 0.10000000E-06 0.99999887E-07 0.10000000E-06 0.10000010E-06 0.10000000E-06 0.99999887E-07 0.10000010E-06 0.10000000E-06 0.99999887E-07 0.10000000E-06 0.99999887E-07 0.10000000E-06 0.10000000E-06 0.10000000E-06 0.10000000E-06 0.10000000E-06 0.10000000E-06 0.10000000E-06 0.99999887E-07 0.10000000E-06 0.10000000E-06
 0.10000000E-06 0.10000000E-06 0.10000010E-06 0.10000000E-06 0.10000000E-06 0.10000000E-06 0.10000000E-06 0.10000000E-06 0.10000000E-06 0.99999887E-07 0.10000000E-06 0.10000000E-06 0.10000000E-06 0.99999887E-07 0.10000010E-06 0.10000000E-06 0.10000010E-06 0.10000000E-06 0.10000010E-06 0.10000000E-06 0.10000000E-06 0.10000010E-06 0.99999781E-07 0.99999887E-07 0.99999887E-07 0.10000000E-06 0.10000010E-06 0.10000000E-06 0.99999887E-07 0.10000000E-06 0.99999887E-07 0.10000000E-06 0.10000010E-06 0.10000000E-06 0.10000000E-06 0.10000010E-06 0.10000000E-06 0.10000000E-06 0.10000010E-06 0.99999887E-07 0.10000000E-06 0.10000000E-06 0.10000000E-06 0.10000000E-06 0.10000000E-06 0.10000000E-06 0.10000000E-06 0.99999887E-07 0.10000010E-06 0.10000000E-06 0.10000000E-06 0.10000010E-06 0.10000000E-06 0.10000000E-06 0.10000010E-06 0.10000000E-06 0.99999887E-07 0.10000000E-06 0.99999887E-07 0.10000000E-06 0.10000010E-06 0.10000000E-06 0.99999887E-07 0.99999887E-07 0.99999781E-07 0.10000010E-06 0.10000000E-06 0.10000000E-06 0.10000010E-06 0.10000000E-06 0.10000010E-06 0.10000000E-06 0.10000010E-06 0.99999887E-07 0.10000000E-06 0.10000000E-06 0.10000000E-06 0.99999887E-07 0.10000000E-06 0.10000000E-06 0.10000000E-06 0.10000000E-06 0.10000000E-06 0.10000000E-06 0.10000010E-06 0.10000000E-06 0.10000000E-06
 0.10000000E-06 0.99999887E-07 0.10000000E-06 0.10000000E-06 0.99999887E-07 0.10000000E-06 0.10000000E-06 0.10000000E-06 0.10000010E-06 0.10000000E-06 0.10000000E-06 0.99999887E-07 0.10000000E-06 0.10000010E-06 0.10000000E-06 0.99999781E-07 0.10000000E-06 0.10000010E-06 0.10000000E-06 0.10000000E-06 0.10000000E-06 0.10000000E-06 0.99999887E-07 0.99999887E-07 0.10000000E-06 0.10000010E-06 0.10000010E-06 0.10000000E-06 0.99999887E-07 0.10000000E-06 0.10000020E-06 0.10000000E-06 0.10000000E-06 0.99999887E-07 0.10000000E-06 0.99999887E-07 0.99999781E-07 0.10000000E-06 0.99999887E-07 0.10000010E-06 0.10000000E-06 0.10000000E-06 0.10000000E-06 0.10000010E-06 0.10000000E-06 0.10000000E-06 0.10000000E-06 0.10000010E-06 0.99999887E-07 0.10000000E-06 0.99999781E-07 0.99999887E-07 0.10000000E-06 0.99999887E-07 0.10000000E-06 0.10000000E-06 0.10000020E-06 0.10000000E-06 0.99999887E-07 0.10000000E-06 0.10000010E-06 0.10000010E-06 0.10000000E-06 0.99999887E-07 0.99999887E-07 0.10000000E-06 0.10000000E-06 0.10000000E-06 0.10000000E-06 0.10000010E-06 0.10000000E-06 0.99999781E-07 0.10000000E-06 0.10000010E-06 0.10000000E-06 0.99999887E-07 0.10000000E-06 0.10000000E-06 0.10000010E-06 0.10000000E-06 0.10000000E-06 0.10000000E-06 0.99999887E-07 0.10000000E-06 0.10000000E-06 0.99999887E-07 0.10000000E-06
 0.10000000E-06 0.10000000E-06 0.10000000E-06 0.10000000E-06 0.10000000E-06 0.10000000E-06 0.10000000E-06 0.10000000E-06 0.99999887E-07 0.10000000E-06 0.10000000E-06 0.99999887E-07 0.10000000E-06 0.10000000E-06 0.10000010E-06 0.10000010E-06 0.10000010E-06 0.10000000E-06 0.10000010E-06 0.99999887E-07 0.10000010E-06 0.10000000E-06 0.99999781E-07 0.10000000E-06 0.10000010E-06 0.10000010E-06 0.10000010E-06 0.10000010E-06 0.10000000E-06 0.99999887E-07 0.99999887E-07 0.10000000E-06 0.10000000E-06 0.10000000E-06 0.10000010E-06 0.10000000E-06 0.99999781E-07 0.99999887E-07 0.99999887E-07 0.10000000E-06 0.10000000E-06 0.10000000E-06 0.10000000E-06 0.99999887E-07 0.10000000E-06 0.10000000E-06 0.10000000E-06 0.10000000E-06 0.99999887E-07 0.99999887E-07 0.99999781E-07 0.10000000E-06 0.10000010E-06 0.10000000E-06 0.10000000E-06 0.10000000E-06 0.99999887E-07 0.99999887E-07 0.10000000E-06 0.10000010E-06 0.10000010E-06 0.10000010E-06 0.10000010E-06 0.10000000E-06 0.99999781E-07 0.10000000E-06 0.10000010E-06 0.99999887E-07 0.10000010E-06 0.10000000E-06 0.10000010E-06 0.10000010E-06 0.10000010E-06 0.10000000E-06 0.10000000E-06 0.99999887E-07 0.10000000E-06 0.10000000E-06 0.99999887E-07 0.10000000E-06 0.10000000E-06 0.10000000E-06 0.10000000E-06 0.10000000E-06 0.10000000E-06 0.10000000E-06 0.10000000E-06
 0.10000000E-06 0.10000000E-06 0.10000000E-06 0.10000000E-06 0.10000000E-06 0.10000000E-06 0.10000000E-06 0.10000000E-06 0.10000000E-06 0.10000000E-06 0.10000000E-06 0.10000010E-06 0.10000000E-06 0.10000010E-06 0.10000010E-06 0.10000000E-06 0.10000000E-06 0.10000000E-06 0.10000000E-06 0.10000000E-06 0.10000000E-06 0.10000000E-06 0.10000000E-06 0.10000010E-06 0.10000010E-06 0.10000000E-06 0.99999887E-07 0.10000000E-06 0.10000000E-06 0.10000000E-06 0.99999887E-07 0.99999887E-07 0.10000000E-06 0.10000000E-06 0.10000000E-06 0.99999781E-07 0.10000000E-06 0.99999887E-07 0.10000000E-06 0.10000000E-06 0.10000000E-06 0.99999887E-07 0.99999887E-07 0.10000000E-06 0.99999887E-07 0.99999887E-07 0.10000000E-06 0.10000000E-06 0.10000000E-06 0.99999887E-07 0.10000000E-06 0.99999781E-07 0.10000000E-06 0.10000000E-06 0.10000000E-06 0.99999887E-07 0.99999887E-07 0.10000000E-06 0.10000000E-06 0.10000000E-06 0.99999887E-07 0.10000000E-06 0.10000010E-06 0.10000010E-06 0.10000000E-06 0.10000000E-06 0.10000000E-06 0.10000000E-06 0.10000000E-06 0.10000000E-06 0.10000000E-06 0.10000000E-06 0.10000010E-06 0.10000010E-06 0.10000000E-06 0.10000010E-06 0.10000000E-06 0.10000000E-06 0.10000000E-06 0.10000000E-06 0.10000000E-06 0.10000000E-06 0.10000000E-06 0.10000000E-06 0.10000000E-06 0.10000000E-06 0.10000000E-06
 0.10000000E-06 0.10000000E-06 0.10000000E-06 0.10000000E-06 0.10000000E-06 0.10000000E-06 0.10000000E-06 0.10000000E-06 0.10000000E-06 0.10000010E-06 0.10000000E-06 0.10000000E-06 0.10000010E-06 0.10000000E-06 0.10000010E-06 0.99999887E-07 0.99999887E-07 0.99999887E-07 0.10000000E-06 0.10000010E-06 0.10000000E-06 0.10000000E-06 0.10000000E-06 0.99999887E-07 0.99999887E-07 0.10000000E-06 0.10000010E-06 0.99999887E-07 0.10000010E-06 0.10000000E-06 0.10000000E-06 0.10000010E-06 0.99999887E-07 0.10000010E-06 0.10000000E-06 0.10000010E-06 0.10000000E-06 0.99999887E-07 0.10000010E-06 0.99999887E-07 0.10000000E-06 0.99999887E-07 0.10000000E-06 0.99999887E-07 0.10000000E-06 0.99999887E-07 0.10000000E-06 0.99999887E-07 0.10000010E-06 0.99999887E-07 0.10000000E-06 0.10000010E-06 0.10000000E-06 0.10000010E-06 0.99999887E-07 0.10000010E-06 0.10000000E-06 0.10000000E-06 0.10000010E-06 0.99999887E-07 0.10000010E-06 0.10000000E-06 0.99999887E-07 0.99999887E-07 0.10000000E-06 0.10000000E-06 0.10000000E-06 0.10000010E-06 0.10000000E-06 0.99999887E-07 0.99999887E-07 0.99999887E-07 0.10000010E-06 0.10000000E-06 0.10000010E-06 0.10000000E-06 0.10000000E-06 0.10000010E-06 0.10000000E-06 0.10000000E-06 0.10000000E-06 0.10000000E-06 0.10000000E-06 0.10000000E-06 0.10000000E-06 0.10000000E-06 0.10000000E-06
 0.10000000E-06 0.10000000E-06 0.10000000E-06 0.10000000E-06 0.99999887E-07 0.10000000E-06 0.10000000E-06 0.10000010E-06 0.10000000E-06 0.99999887E-07 0.99999887E-07 0.10000000E-06 0.99999887E-07 0.10000000E-06 0.10000010E-06 0.10000000E-06 0.10000000E-06 0.10000010E-06 0.10000000E-06 0.10000010E-06 0.10000000E-06 0.10000000E-06 0.10000010E-06 0.10000000E-06 0.10000000E-06 0.99999887E-07 0.10000010E-06 0.99999887E-07 0.10000000E-06 0.10000010E-06 0.10000000E-06 0.10000000E-06 0.99999887E-07 0.10000000E-06 0.10000000E-06 0.10000000E-06 0.10000000E-06 0.10000000E-06 0.99999887E-07 0.10000000E-06 0.99999887E-07 0.99999887E-07 0.10000000E-06 0.10000000E-06 0.10000000E-06 0.99999887E-07 0.99999887E-07 0.10000000E-06 0.99999887E-07 0.10000000E-06 0.10000000E-06 0.10000000E-06 0.10000000E-06 0.10000000E-06 0.99999887E-07 0.10000000E-06 0.10000000E-06 0.10000010E-06 0.10000000E-06 0.99999887E-07 0.10000010E-06 0.99999887E-07 0.10000000E-06 0.10000000E-06 0.10000010E-06 0.10000000E-06 0.10000000E-06 0.10000010E-06 0.10000000E-06 0.10000010E-06 0.10000000E-06 0.10000000E-06 0.10000010E-06 0.10000000E-06 0.99999887E-07 0.10000000E-06 0.99999887E-07 0.99999887E-07 0.10000000E-06 0.10000010E-06 0.10000000E-06 0.10000000E-06 0.99999887E-07 0.10000000E-06 0.10000000E-06 0.10000000E-06 0.10000000E-06
 0.10000000E-06 0.10000000E-06 0.10000000E-06 0.10000000E-06 0.10000000E-06 0.10000000E-06 0.10000000E-06 0.10000000E-06 0.10000000E-06 0.10000000E-06 0.10000000E-06 0.99999887E-07 0.99999887E-07 0.10000000E-06 0.10000010E-06 0.10000000E-06 0.10000000E-06 0.99999887E-07 0.10000010E-06 0.10000000E-06 0.10000000E-06 0.10000000E-06 0.10000020E-06 0.10000000E-06 0.10000010E-06 0.99999887E-07 0.10000020E-06 0.99999887E-07 0.99999887E-07 0.99999887E-07 0.10000010E-06 0.10000000E-06 0.10000000E-06 0.10000000E-06 0.10000000E-06 0.99999887E-07 0.99999887E-07 0.10000010E-06 0.10000000E-06 0.10000000E-06 0.10000010E-06 0.10000010E-06 0.10000000E-06 0.10000000E-06 0.10000000E-06 0.10000010E-06 0.10000010E-06 0.10000000E-06 0.10000000E-06 0.10000010E-06 0.99999887E-07 0.99999887E-07 0.10000000E-06 0.10000000E-06 0.10000000E-06 0.10000000E-06 0.10000010E-06 0.99999887E-07 0.99999887E-07 0.99999887E-07 0.10000020E-06 0.99999887E-07 0.10000010E-06 0.10000000E-06 0.10000020E-06 0.10000000E-06 0.10000000E-06 0.10000000E-06 0.10000010E-06 0.99999887E-07 0.10000000E-06 0.10000000E-06 0.10000010E-06 0.10000000E-06 0.99999887E-07 0.99999887E-07 0.10000000E-06 0.10000000E-06 0.10000000E-06 0.10000000E-06 0.10000000E-06 0.10000000E-06 0.10000000E-06 0.10000000E-06 0.10000000E-06 0.10000000E-06 0.10000000E-06
 0.10000000E-06 0.10000010E-06 0.10000000E-06 0.10000000E-06 0.10000000E-06 0.10000000E-06 0.10000000E-06 0.10000000E-06 0.10000000E-06 0.10000010E-06 0.10000000E-06 0.10000000E-06 0.10000000E-06 0.10000000E-06 0.10000020E-06 0.10000000E-06 0.10000000E-06 0.10000000E-06 0.10000000E-06 0.10000000E-06 0.99999887E-07 0.99999887E-07 0.10000010E-06 0.10000010E-06 0.10000000E-06 0.99999887E-07 0.10000000E-06 0.99999887E-07 0.10000000E-06 0.10000000E-06 0.10000000E-06 0.99999887E-07 0.10000000E-06 0.10000010E-06 0.10000000E-06 0.99999887E-07 0.10000000E-06 0.10000020E-06 0.99999887E-07 0.99999887E-07 0.10000000E-06 0.10000000E-06 0.10000000E-06 0.10000010E-06 0.10000000E-06 0.10000000E-06 0.10000000E-06 0.99999887E-07 0.99999887E-07 0.10000020E-06 0.10000000E-06 0.99999887E-07 0.10000000E-06 0.10000010E-06 0.10000000E-06 0.99999887E-07 0.10000000E-06 0.10000000E-06 0.10000000E-06 0.99999887E-07 0.10000000E-06 0.99999887E-07 0.10000000E-06 0.10000010E-06 0.10000010E-06 0.99999887E-07 0.99999887E-07 0.10000000E-06 0.10000000E-06 0.10000000E-06 0.10000000E-06 0.10000000E-06 0.10000020E-06 0.10000000E-06 0.10000000E-06 0.10000000E-06 0.10000000E-06 0.10000010E-06 0.10000000E-06 0.10000000E-06 0.10000000E-06 0.10000000E-06 0.10000000E-06 0.10000000E-06 0.10000000E-06 0.10000010E-06 0.10000000E-06
 0.10000000E-06 0.10000010E-06 0.10000000E-06 0.10000000E-06 0.10000000E-06 0.10000000E-06 0.10000000E-06 0.10000000E-06 0.99999887E-07 0.10000000E-06 0.10000010E-06 0.10000000E-06 0.10000000E-06 0.10000010E-06 0.10000000E-06 0.10000000E-06 0.99999887E-07 0.10000000E-06 0.99999887E-07 0.10000000E-06 0.10000000E-06 0.99999887E-07 0.10000000E-06 0.10000010E-06 0.10000000E-06 0.10000010E-06 0.10000000E-06 0.10000000E-06 0.10000000E-06 0.10000000E-06 0.10000010E-06 0.10000000E-06 0.99999887E-07 0.10000000E-06 0.99999887E-07 0.10000000E-06 0.10000010E-06 0.99999887E-07 0.10000000E-06 0.10000010E-06 0.99999887E-07 0.10000010E-06 0.10000010E-06 0.10000000E-06 0.10000010E-06 0.10000010E-06 0.99999887E-07 0.10000010E-06 0.10000000E-06 0.99999887E-07 0.10000010E-06 0.10000000E-06 0.99999887E-07 0.10000000E-06 0.99999887E-07 0.10000000E-06 0.10000010E-06 0.10000000E-06 0.10000000E-06 0.10000000E-06 0.10000000E-06 0.10000010E-06 0.10000000E-06 0.10000010E-06 0.10000000E-06 0.99999887E-07 0.10000000E-06 0.10000000E-06 0.99999887E-07 0.10000000E-06 0.99999887E-07 0.10000000E-06 0.10000000E-06 0.10000010E-06 0.10000000E-06 0.10000000E-06 0.10000010E-06 0.10000000E-06 0.99999887E-07 0.10000000E-06 0.10000000E-06 0.10000000E-06 0.10000000E-06 0.10000000E-06 0.10000000E-06 0.10000010E-06 0.10000000E-06
 0.10000010E-06 0.10000000E-06 0.10000000E-06 0.10000010E-06 0.10000000E-06 0.10000000E-06 0.10000010E-06 0.10000000E-06 0.10000000E-06 0.10000000E-06 0.99999887E-07 0.10000000E-06 0.10000000E-06 0.10000000E-06 0.10000000E-06 0.10000000E-06 0.10000000E-06 0.99999887E-07 0.10000010E-06 0.10000000E-06 0.99999887E-07 0.10000000E-06 0.10000000E-06 0.10000010E-06 0.10000010E-06 0.10000000E-06 0.10000000E-06 0.99999887E-07 0.10000000E-06 0.10000000E-06 0.10000000E-06 0.10000000E-06 0.10000000E-06 0.10000000E-06 0.10000000E-06 0.10000000E-06 0.99999887E-07 0.10000000E-06 0.10000000E-06 0.99999887E-07 0.10000000E-06 0.10000020E-06 0.99999887E-07 0.99999887E-07 0.99999887E-07 0.10000020E-06 0.10000000E-06 0.99999887E-07 0.10000000E-06 0.10000000E-06 0.99999887E-07 0.10000000E-06 0.10000000E-06 0.10000000E-06 0.10000000E-06 0.10000000E-06 0.10000000E-06 0.10000000E-06 0.10000000E-06 0.99999887E-07 0.10000000E-06 0.10000000E-06 0.10000010E-06 0.10000010E-06 0.10000000E-06 0.10000000E-06 0.99999887E-07 0.10000000E-06 0.10000010E-06 0.99999887E-07 0.10000000E-06 0.10000000E-06 0.10000000E-06 0.10000000E-06 0.10000000E-06 0.10000000E-06 0.99999887E-07 0.10000000E-06 0.10000000E-06 0.10000000E-06 0.10000010E-06 0.10000000E-06 0.10000000E-06 0.10000010E-06 0.10000000E-06 0.10000000E-06 0.10000010E-06
 0.10000000E-06 0.10000000E-06 0.10000000E-06 0.10000000E-06 0.10000000E-06 0.10000000E-06 0.10000000E-06 0.10000000E-06 0.10000000E-06 0.10000000E-06 0.10000020E-06 0.10000000E-06 0.99999887E-07 0.10000010E-06 0.10000010E-06 0.10000010E-06 0.10000000E-06 0.10000010E-06 0.10000000E-06 0.10000000E-06 0.99999887E-07 0.99999887E-07 0.99999781E-07 0.10000000E-06 0.99999887E-07 0.10000020E-06 0.99999781E-07 0.99999887E-07 0.99999781E-07 0.10000000E-06 0.99999781E-07 0.10000000E-06 0.10000010E-06 0.10000010E-06 0.10000010E-06 0.10000020E-06 0.10000000E-06 0.10000000E-06 0.10000010E-06 0.10000000E-06 0.99999887E-07 0.99999887E-07 0.99999781E-07 0.10000000E-06 0.99999781E-07 0.99999887E-07 0.99999887E-07 0.10000000E-06 0.10000010E-06 0.10000000E-06 0.10000000E-06 0.10000020E-06 0.10000010E-06 0.10000010E-06 0.10000010E-06 0.10000000E-06 0.99999781E-07 0.10000000E-06 0.99999781E-07 0.99999887E-07 0.99999781E-07 0.10000020E-06 0.99999887E-07 0.10000000E-06 0.99999781E-07 0.99999887E-07 0.99999887E-07 0.10000000E-06 0.10000000E-06 0.10000010E-06 0.10000000E-06 0.10000010E-06 0.10000010E-06 0.10000010E-06 0.99999887E-07 0.10000000E-06 0.10000020E-06 0.10000000E-06 0.10000000E-06 0.10000000E-06 0.10000000E-06 0.10000000E-06 0.10000000E-06 0.10000000E-06 0.10000000E-06 0.10000000E-06 0.10000000E-06
 0.10000010E-06 0.10000000E-06 0.10000000E-06 0.10000010E-06 0.10000000E-06 0.10000000E-06 0.10000010E-06 0.10000000E-06 0.10000000E-06 0.10000000E-06 0.99999887E-07 0.10000000E-06 0.10000000E-06 0.10000000E-06 0.10000000E-06 0.10000000E-06 0.10000000E-06 0.99999887E-07 0.10000010E-06 0.10000000E-06 0.99999887E-07 0.10000000E-06 0.10000000E-06 0.10000010E-06 0.10000010E-06 0.10000000E-06 0.10000000E-06 0.99999887E-07 0.10000000E-06 0.10000000E-06 0.10000000E-06 0.10000000E-06 0.10000000E-06 0.10000000E-06 0.10000000E-06 0.10000000E-06 0.99999887E-07 0.10000000E-06 0.10000000E-06 0.99999887E-07 0.10000000E-06 0.10000020E-06 0.99999887E-07 0.99999887E-07 0.99999887E-07 0.10000020E-06 0.10000000E-06 0.99999887E-07 0.10000000E-06 0.10000000E-06 0.99999887E-07 0.10000000E-06 0.10000000E-06 0.10000000E-06 0.10000000E-06 0.10000000E-06 0.10000000E-06 0.10000000E-06 0.10000000E-06 0.99999887E-07 0.10000000E-06 0.10000000E-06 0.10000010E-06 0.10000010E-06 0.10000000E-06 0.10000000E-06 0.99999887E-07 0.10000000E-06 0.10000010E-06 0.99999887E-07 0.10000000E-06 0.10000000E-06 0.10000000E-06 0.10000000E-06 0.10000000E-06 0.10000000E-06 0.99999887E-07 0.10000000E-06 0.10000000E-06 0.10000000E-06 0.10000010E-06 0.10000000E-06 0.10000000E-06 0.10000010E-06 0.10000000E-06 0.10000000E-06 0.10000010E-06
 0.10000000E-06 0.10000010E-06 0.10000000E-06 0.10000000E-06 0.10000000E-06 0.10000000E-06 0.10000000E-06 0.10000000E-06 0.99999887E-07 0.10000000E-06 0.10000010E-06 0.10000000E-06 0.10000000E-06 0.10000010E-06 0.10000000E-06 0.10000000E-06 0.99999887E-07 0.10000000E-06 0.99999887E-07 0.10000000E-06 0.10000000E-06 0.99999887E-07 0.10000000E-06 0.10000010E-06 0.10000000E-06 0.10000010E-06 0.10000000E-06 0.10000000E-06 0.10000000E-06 0.10000000E-06 0.10000010E-06 0.10000000E-06 0.99999887E-07 0.10000000E-06 0.99999887E-07 0.10000000E-06 0.10000010E-06 0.99999887E-07 0.10000000E-06 0.10000010E-06 0.99999887E-07 0.10000010E-06 0.10000010E-06 0.10000000E-06 0.10000010E-06 0.10000010E-06 0.99999887E-07 0.10000010E-06 0.10000000E-06 0.99999887E-07 0.10000010E-06 0.10000000E-06 0.99999887E-07 0.10000000E-06 0.99999887E-07 0.10000000E-06 0.10000010E-06 0.10000000E-06 0.10000000E-06 0.10000000E-06 0.10000000E-06 0.10000010E-06 0.10000000E-06 0.10000010E-06 0.10000000E-06 0.99999887E-07 0.10000000E-06 0.10000000E-06 0.99999887E-07 0.10000000E-06 0.99999887E-07 0.10000000E-06 0.10000000E-06 0.10000010E-06 0.10000000E-06 0.10000000E-06 0.10000010E-06 0.10000000E-06 0.99999887E-07 0.10000000E-06 0.10000000E-06 0.10000000E-06 0.10000000E-06 0.10000000E-06 0.10000000E-06 0.10000010E-06 0.10000000E-06
 0.10000000E-06 0.10000010E-06 0.10000000E-06 0.10000000E-06 0.10000000E-06 0.10000000E-06 0.10000000E-06 0.10000000E-06 0.10000000E-06 0.10000010E-06 0.10000000E-06 0.10000000E-06 0.10000000E-06 0.10000000E-06 0.10000020E-06 0.10000000E-06 0.10000000E-06 0.10000000E-06 0.10000000E-06 0.10000000E-06 0.99999887E-07 0.99999887E-07 0.10000010E-06 0.10000010E-06 0.10000000E-06 0.99999887E-07 0.10000000E-06 0.99999887E-07 0.10000000E-06 0.10000000E-06 0.10000000E-06 0.99999887E-07 0.10000000E-06 0.10000010E-06 0.10000000E-06 0.99999887E-07 0.10000000E-06 0.10000020E-06 0.99999887E-07 0.99999887E-07 0.10000000E-06 0.10000000E-06 0.10000000E-06 0.10000010E-06 0.10000000E-06 0.10000000E-06 0.10000000E-06 0.99999887E-07 0.99999887E-07 0.10000020E-06 0.10000000E-06 0.99999887E-07 0.10000000E-06 0.10000010E-06 0.10000000E-06 0.99999887E-07 0.10000000E-06 0.10000000E-06 0.10000000E-06 0.99999887E-07 0.10000000E-06 0.99999887E-07 0.10000000E-06 0.10000010E-06 0.10000010E-06 0.99999887E-07 0.99999887E-07 0.10000000E-06 0.10000000E-06 0.10000000E-06 0.10000000E-06 0.10000000E-06 0.10000020E-06 0.10000000E-06 0.10000000E-06 0.10000000E-06 0.10000000E-06 0.10000010E-06 0.10000000E-06 0.10000000E-06 0.10000000E-06 0.10000000E-06 0.10000000E-06 0.10000000E-06 0.10000000E-06 0.10000010E-06 0.10000000E-06
 0.10000000E-06 0.10000000E-06 0.10000000E-06 0.10000000E-06 0.10000000E-06 0.10000000E-06 0.10000000E-06 0.10000000E-06 0.10000000E-06 0.10000000E-06 0.10000000E-06 0.99999887E-07 0.99999887E-07 0.10000000E-06 0.10000010E-06 0.10000000E-06 0.10000000E-06 0.99999887E-07 0.10000010E-06 0.10000000E-06 0.10000000E-06 0.10000000E-06 0.10000020E-06 0.10000000E-06 0.10000010E-06 0.99999887E-07 0.10000020E-06 0.99999887E-07 0.99999887E-07 0.99999887E-07 0.10000010E-06 0.10000000E-06 0.10000000E-06 0.10000000E-06 0.10000000E-06 0.99999887E-07 0.99999887E-07 0.10000010E-06 0.10000000E-06 0.10000000E-06 0.10000010E-06 0.10000010E-06 0.10000000E-06 0.10000000E-06 0.10000000E-06 0.10000010E-06 0.10000010E-06 0.10000000E-06 0.10000000E-06 0.10000010E-06 0.99999887E-07 0.99999887E-07 0.10000000E-06 0.10000000E-06 0.10000000E-06 0.10000000E-06 0.10000010E-06 0.99999887E-07 0.99999887E-07 0.99999887E-07 0.10000020E-06 0.99999887E-07 0.10000010E-06 0.10000000E-06 0.10000020E-06 0.10000000E-06 0.10000000E-06 0.10000000E-06 0.10000010E-06 0.99999887E-07 0.10000000E-06 0.10000000E-06 0.10000010E-06 0.10000000E-06 0.99999887E-07 0.99999887E-07 0.10000000E-06 0.10000000E-06 0.10000000E-06 0.10000000E-06 0.10000000E-06 0.10000000E-06 0.10000000E-06 0.10000000E-06 0.10000000E-06 0.10000000E-06 0.10000000E-06
 0.10000000E-06 0.10000000E-06 0.10000000E-06 0.10000000E-06 0.99999887E-07 0.10000000E-06 0.10000000E-06 0.10000010E-06 0.10000000E-06 0.99999887E-07 0.99999887E-07 0.10000000E-06 0.99999887E-07 0.10000000E-06 0.10000010E-06 0.10000000E-06 0.10000000E-06 0.10000010E-06 0.10000000E-06 0.10000010E-06 0.10000000E-06 0.10000000E-06 0.10000010E-06 0.10000000E-06 0.10000000E-06 0.99999887E-07 0.10000010E-06 0.99999887E-07 0.10000000E-06 0.10000010E-06 0.10000000E-06 0.10000000E-06 0.99999887E-07 0.10000000E-06 0.10000000E-06 0.10000000E-06 0.10000000E-06 0.10000000E-06 0.99999887E-07 0.10000000E-06 0.99999887E-07 0.99999887E-07 0.10000000E-06 0.10000000E-06 0.10000000E-06 0.99999887E-07 0.99999887E-07 0.10000000E-06 0.99999887E-07 0.10000000E-06 0.10000000E-06 0.10000000E-06 0.10000000E-06 0.10000000E-06 0.99999887E-07 0.10000000E-06 0.10000000E-06 0.10000010E-06 0.10000000E-06 0.99999887E-07 0.10000010E-06 0.99999887E-07 0.10000000E-06 0.10000000E-06 0.10000010E-06 0.10000000E-06 0.10000000E-06 0.10000010E-06 0.10000000E-06 0.10000010E-06 0.10000000E-06 0.10000000E-06 0.10000010E-06 0.10000000E-06 0.99999887E-07 0.10000000E-06 0.99999887E-07 0.99999887E-07 0.10000000E-06 0.10000010E-06 0.10000000E-06 0.10000000E-06 0.99999887E-07 0.10000000E-06 0.10000000E-06 0.10000000E-06 0.10000000E-06
 0.10000000E-06 0.10000000E-06 0.10000000E-06 0.10000000E-06 0.10000000E-06 0.10000000E-06 0.10000000E-06 0.10000000E-06 0.10000000E-06 0.10000010E-06 0.10000000E-06 0.10000000E-06 0.10000010E-06 0.10000000E-06 0.10000010E-06 0.99999887E-07 0.99999887E-07 0.99999887E-07 0.10000000E-06 0.10000010E-06 0.10000000E-06 0.10000000E-06 0.10000000E-06 0.99999887E-07 0.99999887E-07 0.10000000E-06 0.10000010E-06 0.99999887E-07 0.10000010E-06 0.10000000E-06 0.10000000E-06 0.10000010E-06 0.99999887E-07 0.10000010E-06 0.10000000E-06 0.10000010E-06 0.10000000E-06 0.99999887E-07 0.10000010E-06 0.99999887E-07 0.10000000E-06 0.99999887E-07 0.10000000E-06 0.99999887E-07 0.10000000E-06 0.99999887E-07 0.10000000E-06 0.99999887E-07 0.10000010E-06 0.99999887E-07 0.10000000E-06 0.10000010E-06 0.10000000E-06 0.10000010E-06 0.99999887E-07 0.10000010E-06 0.10000000E-06 0.10000000E-06 0.10000010E-06 0.99999887E-07 0.10000010E-06 0.10000000E-06 0.99999887E-07 0.99999887E-07 0.10000000E-06 0.10000000E-06 0.10000000E-06 0.10000010E-06 0.10000000E-06 0.99999887E-07 0.99999887E-07 0.99999887E-07 0.10000010E-06 0.10000000E-06 0.10000010E-06 0.10000000E-06 0.10000000E-06 0.10000010E-06 0.10000000E-06 0.10000000E-06 0.10000000E-06 0.10000000E-06 0.10000000E-06 0.10000000E-06 0.10000000E-06 0.10000000E-06 0.10000000E-06
 0.10000000E-06 0.10000000E-06 0.10000000E-06 0.10000000E-06 0.10000000E-06 0.10000000E-06 0.10000000E-06 0.10000000E-06 0.10000000E-06 0.10000000E-06 0.10000000E-06 0.10000010E-06 0.10000000E-06 0.10000010E-06 0.10000010E-06 0.10000000E-06 0.10000000E-06 0.10000000E-06 0.10000000E-06 0.10000000E-06 0.10000000E-06 0.10000000E-06 0.10000000E-06 0.10000010E-06 0.10000010E-06 0.10000000E-06 0.99999887E-07 0.10000000E-06 0.10000000E-06 0.10000000E-06 0.99999887E-07 0.99999887E-07 0.10000000E-06 0.10000000E-06 0.10000000E-06 0.99999781E-07 0.10000000E-06 0.99999887E-07 0.10000000E-06 0.10000000E-06 0.10000000E-06 0.99999887E-07 0.99999887E-07 0.10000000E-06 0.99999887E-07 0.99999887E-07 0.10000000E-06 0.10000000E-06 0.10000000E-06 0.99999887E-07 0.10000000E-06 0.99999781E-07 0.10000000E-06 0.10000000E-06 0.10000000E-06 0.99999887E-07 0.99999887E-07 0.10000000E-06 0.10000000E-06 0.10000000E-06 0.99999887E-07 0.10000000E-06 0.10000010E-06 0.10000010E-06 0.10000000E-06 0.10000000E-06 0.10000000E-06 0.10000000E-06 0.10000000E-06 0.10000000E-06 0.10000000E-06 0.10000000E-06 0.10000010E-06 0.10000010E-06 0.10000000E-06 0.10000010E-06 0.10000000E-06 0.10000000E-06 0.10000000E-06 0.10000000E-06 0.10000000E-06 0.10000000E-06 0.10000000E-06 0.10000000E-06 0.10000000E-06 0.10000000E-06 0.10000000E-06
 0.10000000E-06 0.10000000E-06 0.10000000E-06 0.10000000E-06 0.10000000E-06 0.10000000E-06 0.10000000E-06 0.10000000E-06 0.99999887E-07 0.10000000E-06 0.10000000E-06 0.99999887E-07 0.10000000E-06 0.10000000E-06 0.10000010E-06 0.10000010E-06 0.10000010E-06 0.10000000E-06 0.10000010E-06 0.99999887E-07 0.10000010E-06 0.10000000E-06 0.99999781E-07 0.10000000E-06 0.10000010E-06 0.10000010E-06 0.10000010E-06 0.10000010E-06 0.10000000E-06 0.99999887E-07 0.99999887E-07 0.10000000E-06 0.10000000E-06 0.10000000E-06 0.10000010E-06 0.10000000E-06 0.99999781E-07 0.99999887E-07 0.99999887E-07 0.10000000E-06 0.10000000E-06 0.10000000E-06 0.10000000E-06 0.99999887E-07 0.10000000E-06 0.10000000E-06 0.10000000E-06 0.10000000E-06 0.99999887E-07 0.99999887E-07 0.99999781E-07 0.10000000E-06 0.10000010E-06 0.10000000E-06 0.10000000E-06 0.10000000E-06 0.99999887E-07 0.99999887E-07 0.10000000E-06 0.10000010E-06 0.10000010E-06 0.10000010E-06 0.10000010E-06 0.10000000E-06 0.99999781E-07 0.10000000E-06 0.10000010E-06 0.99999887E-07 0.10000010E-06 0.10000000E-06 0.10000010E-06 0.10000010E-06 0.10000010E-06 0.10000000E-06 0.10000000E-06 0.99999887E-07 0.10000000E-06 0.10000000E-06 0.99999887E-07 0.10000000E-06 0.10000000E-06 0.10000000E-06 0.10000000E-06 0.10000000E-06 0.10000000E-06 0.10000000E-06 0.10000000E-06
 0.10000000E-06 0.99999887E-07 0.10000000E-06 0.10000000E-06 0.99999887E-07 0.10000000E-06 0.10000000E-06 0.10000000E-06 0.10000010E-06 0.10000000E-06 0.10000000E-06 0.99999887E-07 0.10000000E-06 0.10000010E-06 0.10000000E-06 0.99999781E-07 0.10000000E-06 0.10000010E-06 0.10000000E-06 0.10000000E-06 0.10000000E-06 0.10000000E-06 0.99999887E-07 0.99999887E-07 0.10000000E-06 0.10000010E-06 0.10000010E-06 0.10000000E-06 0.99999887E-07 0.10000000E-06 0.10000020E-06 0.10000000E-06 0.10000000E-06 0.99999887E-07 0.10000000E-06 0.99999887E-07 0.99999781E-07 0.10000000E-06 0.99999887E-07 0.10000010E-06 0.10000000E-06 0.10000000E-06 0.10000000E-06 0.10000010E-06 0.10000000E-06 0.10000000E-06 0.10000000E-06 0.10000010E-06 0.99999887E-07 0.10000000E-06 0.99999781E-07 0.99999887E-07 0.10000000E-06 0.99999887E-07 0.10000000E-06 0.10000000E-06 0.10000020E-06 0.10000000E-06 0.99999887E-07 0.10000000E-06 0.10000010E-06 0.10000010E-06 0.10000000E-06 0.99999887E-07 0.99999887E-07 0.10000000E-06 0.10000000E-06 0.10000000E-06 0.10000000E-06 0.10000010E-06 0.10000000E-06 0.99999781E-07 0.10000000E-06 0.10000010E-06 0.10000000E-06 0.99999887E-07 0.10000000E-06 0.10000000E-06 0.10000010E-06 0.10000000E-06 0.10000000E-06 0.10000000E-06 0.99999887E-07 0.10000000E-06 0.10000000E-06 0.99999887E-07 0.10000000E-06
 0.10000000E-06 0.10000000E-06 0.10000010E-06 0.10000000E-06 0.10000000E-06 0.10000000E-06 0.10000000E-06 0.10000000E-06 0.10000000E-06 0.99999887E-07 0.10000000E-06 0.10000000E-06 0.10000000E-06 0.99999887E-07 0.10000010E-06 0.10000000E-06 0.10000010E-06 0.10000000E-06 0.10000010E-06 0.10000000E-06 0.10000000E-06 0.10000010E-06 0.99999781E-07 0.99999887E-07 0.99999887E-07 0.10000000E-06 0.10000010E-06 0.10000000E-06 0.99999887E-07 0.10000000E-06 0.99999887E-07 0.10000000E-06 0.10000010E-06 0.10000000E-06 0.10000000E-06 0.10000010E-06 0.10000000E-06 0.10000000E-06 0.10000010E-06 0.99999887E-07 0.10000000E-06 0.10000000E-06 0.10000000E-06 0.10000000E-06 0.10000000E-06 0.10000000E-06 0.10000000E-06 0.99999887E-07 0.10000010E-06 0.10000000E-06 0.10000000E-06 0.10000010E-06 0.10000000E-06 0.10000000E-06 0.10000010E-06 0.10000000E-06 0.99999887E-07 0.10000000E-06 0.99999887E-07 0.10000000E-06 0.10000010E-06 0.10000000E-06 0.99999887E-07 0.99999887E-07 0.99999781E-07 0.10000010E-06 0.10000000E-06 0.10000000E-06 0.10000010E-06 0.10000000E-06 0.10000010E-06 0.10000000E-06 0.10000010E-06 0.99999887E-07 0.10000000E-06 0.10000000E-06 0.10000000E-06 0.99999887E-07 0.10000000E-06 0.10000000E-06 0.10000000E-06 0.10000000E-06 0.10000000E-06 0.10000000E-06 0.10000010E-06 0.10000000E-06 0.10000000E-06
 0.10000000E-06 0.10000000E-06 0.99999887E-07 0.10000000E-06 0.10000000E-06 0.10000000E-06 0.10000000E-06 0.10000000E-06 0.10000000E-06 0.10000000E-06 0.99999887E-07 0.10000000E-06 0.99999887E-07 0.10000000E-06 0.10000010E-06 0.99999887E-07 0.10000000E-06 0.10000010E-06 0.10000000E-06 0.99999887E-07 0.10000000E-06 0.99999887E-07 0.10000000E-06 0.10000000E-06 0.10000000E-06 0.10000020E-06 0.99999887E-07 0.99999887E-07 0.10000000E-06 0.10000010E-06 0.10000000E-06 0.99999887E-07 0.10000010E-06 0.10000000E-06 0.10000000E-06 0.10000010E-06 0.10000000E-06 0.10000010E-06 0.99999781E-07 0.10000010E-06 0.10000000E-06 0.10000010E-06 0.99999781E-07 0.99999887E-07 0.99999781E-07 0.10000010E-06 0.10000000E-06 0.10000010E-06 0.99999781E-07 0.10000010E-06 0.10000000E-06 0.10000010E-06 0.10000000E-06 0.10000000E-06 0.10000010E-06 0.99999887E-07 0.10000000E-06 0.10000010E-06 0.10000000E-06 0.99999887E-07 0.99999887E-07 0.10000020E-06 0.10000000E-06 0.10000000E-06 0.10000000E-06 0.99999887E-07 0.10000000E-06 0.99999887E-07 0.10000000E-06 0.10000010E-06 0.10000000E-06 0.99999887E-07 0.10000010E-06 0.10000000E-06 0.99999887E-07 0.10000000E-06 0.99999887E-07 0.10000000E-06 0.10000000E-06 0.10000000E-06 0.10000000E-06 0.10000000E-06 0.10000000E-06 0.10000000E-06 0.99999887E-07 0.10000000E-06 0.10000000E-06
 0.10000000E-06 0.10000000E-06 0.10000010E-06 0.10000000E-06 0.99999887E-07 0.10000000E-06 0.10000000E-06 0.10000000E-06 0.10000000E-06 0.10000010E-06 0.10000000E-06 0.10000000E-06 0.99999887E-07 0.10000010E-06 0.99999887E-07 0.10000000E-06 0.10000000E-06 0.10000000E-06 0.10000000E-06 0.99999887E-07 0.99999887E-07 0.99999887E-07 0.10000010E-06 0.99999887E-07 0.10000000E-06 0.10000000E-06 0.10000000E-06 0.10000010E-06 0.99999887E-07 0.10000000E-06 0.99999887E-07 0.10000000E-06 0.99999887E-07 0.10000010E-06 0.10000000E-06 0.10000000E-06 0.10000000E-06 0.10000000E-06 0.10000010E-06 0.10000000E-06 0.99999887E-07 0.99999887E-07 0.99999887E-07 0.10000010E-06 0.99999887E-07 0.99999887E-07 0.99999887E-07 0.10000000E-06 0.10000010E-06 0.10000000E-06 0.10000000E-06 0.10000000E-06 0.10000000E-06 0.10000010E-06 0.99999887E-07 0.10000000E-06 0.99999887E-07 0.10000000E-06 0.99999887E-07 0.10000010E-06 0.10000000E-06 0.10000000E-06 0.10000000E-06 0.99999887E-07 0.10000010E-06 0.99999887E-07 0.99999887E-07 0.99999887E-07 0.10000000E-06 0.10000000E-06 0.10000000E-06 0.10000000E-06 0.99999887E-07 0.10000010E-06 0.99999887E-07 0.10000000E-06 0.10000000E-06 0.10000010E-06 0.10000000E-06 0.10000000E-06 0.10000000E-06 0.10000000E-06 0.99999887E-07 0.10000000E-06 0.10000010E-06 0.10000000E-06 0.10000000E-06
 0.10000000E-06 0.10000000E-06 0.10000000E-06 0.10000000E-06 0.10000000E-06 0.10000000E-06 0.10000000E-06 0.99999887E-07 0.10000010E-06 0.10000000E-06 0.10000000E-06 0.10000000E-06 0.10000000E-06 0.99999781E-07 0.10000010E-06 0.10000010E-06 0.10000000E-06 0.10000000E-06 0.99999887E-07 0.10000010E-06 0.99999887E-07 0.10000000E-06 0.99999887E-07 0.99999781E-07 0.10000000E-06 0.10000000E-06 0.99999887E-07 0.10000000E-06 0.99999887E-07 0.10000000E-06 0.10000010E-06 0.10000000E-06 0.10000000E-06 0.10000000E-06 0.10000000E-06 0.10000000E-06 0.10000010E-06 0.10000000E-06 0.10000010E-06 0.99999887E-07 0.10000000E-06 0.10000010E-06 0.10000000E-06 0.10000000E-06 0.10000000E-06 0.10000010E-06 0.10000000E-06 0.99999887E-07 0.10000010E-06 0.10000000E-06 0.10000010E-06 0.10000000E-06 0.10000000E-06 0.10000000E-06 0.10000000E-06 0.10000000E-06 0.10000010E-06 0.10000000E-06 0.99999887E-07 0.10000000E-06 0.99999887E-07 0.10000000E-06 0.10000000E-06 0.99999781E-07 0.99999887E-07 0.10000000E-06 0.99999887E-07 0.10000010E-06 0.99999887E-07 0.10000000E-06 0.10000000E-06 0.10000010E-06 0.10000010E-06 0.99999781E-07 0.10000000E-06 0.10000000E-06 0.10000000E-06 0.10000000E-06 0.10000010E-06 0.99999887E-07 0.10000000E-06 0.10000000E-06 0.10000000E-06 0.10000000E-06 0.10000000E-06 0.10000000E-06 0.10000000E-06
 0.10000000E-06 0.10000000E-06 0.10000000E-06 0.10000000E-06 0.10000000E-06 0.10000010E-06 0.10000000E-06 0.10000000E-06 0.10000010E-06 0.10000000E-06 0.10000000E-06 0.10000000E-06 0.10000000E-06 0.10000000E-06 0.99999887E-07 0.10000000E-06 0.10000010E-06 0.10000000E-06 0.10000010E-06 0.10000000E-06 0.99999887E-07 0.99999887E-07 0.99999887E-07 0.99999887E-07 0.10000000E-06 0.10000000E-06 0.10000020E-06 0.99999887E-07 0.99999887E-07 0.10000000E-06 0.10000010E-06 0.10000000E-06 0.10000000E-06 0.10000010E-06 0.99999887E-07 0.10000000E-06 0.10000010E-06 0.10000000E-06 0.10000000E-06 0.10000010E-06 0.10000010E-06 0.10000000E-06 0.10000000E-06 0.10000000E-06 0.10000000E-06 0.10000000E-06 0.10000010E-06 0.10000010E-06 0.10000000E-06 0.10000000E-06 0.10000010E-06 0.10000000E-06 0.99999887E-07 0.10000010E-06 0.10000000E-06 0.10000000E-06 0.10000010E-06 0.10000000E-06 0.99999887E-07 0.99999887E-07 0.10000020E-06 0.10000000E-06 0.10000000E-06 0.99999887E-07 0.99999887E-07 0.99999887E-07 0.99999887E-07 0.10000000E-06 0.10000010E-06 0.10000000E-06 0.10000010E-06 0.10000000E-06 0.99999887E-07 0.10000000E-06 0.10000000E-06 0.10000000E-06 0.10000000E-06 0.10000000E-06 0.10000010E-06 0.10000000E-06 0.10000000E-06 0.10000010E-06 0.10000000E-06 0.10000000E-06 0.10000000E-06 0.10000000E-06 0.10000000E-06
 0.10000000E-06 0.10000000E-06 0.10000000E-06 0.10000000E-06 0.99999887E-07 0.10000000E-06 0.10000000E-06 0.10000000E-06 0.10000010E-06 0.10000010E-06 0.10000000E-06 0.10000000E-06 0.10000010E-06 0.10000010E-06 0.10000000E-06 0.10000000E-06 0.10000000E-06 0.10000010E-06 0.10000000E-06 0.10000010E-06 0.99999887E-07 0.10000000E-06 0.99999887E-07 0.99999887E-07 0.10000000E-06 0.99999887E-07 0.99999887E-07 0.10000000E-06 0.10000000E-06 0.99999887E-07 0.10000000E-06 0.10000000E-06 0.10000010E-06 0.10000000E-06 0.10000000E-06 0.10000000E-06 0.10000010E-06 0.99999887E-07 0.99999887E-07 0.99999887E-07 0.10000000E-06 0.99999887E-07 0.99999887E-07 0.10000000E-06 0.99999887E-07 0.99999887E-07 0.10000000E-06 0.99999887E-07 0.99999887E-07 0.99999887E-07 0.10000010E-06 0.10000000E-06 0.10000000E-06 0.10000000E-06 0.10000010E-06 0.10000000E-06 0.10000000E-06 0.99999887E-07 0.10000000E-06 0.10000000E-06 0.99999887E-07 0.99999887E-07 0.10000000E-06 0.99999887E-07 0.99999887E-07 0.10000000E-06 0.99999887E-07 0.10000010E-06 0.10000000E-06 0.10000010E-06 0.10000000E-06 0.10000000E-06 0.10000000E-06 0.10000010E-06 0.10000010E-06 0.10000000E-06 0.10000000E-06 0.10000010E-06 0.10000010E-06 0.10000000E-06 0.10000000E-06 0.10000000E-06 0.99999887E-07 0.10000000E-06 0.10000000E-06 0.10000000E-06 0.10000000E-06
 0.10000010E-06 0.10000000E-06 0.10000000E-06 0.10000010E-06 0.10000000E-06 0.10000000E-06 0.10000010E-06 0.10000000E-06 0.10000000E-06 0.99999887E-07 0.10000010E-06 0.10000000E-06 0.99999887E-07 0.99999887E-07 0.99999887E-07 0.10000000E-06 0.10000010E-06 0.99999887E-07 0.10000000E-06 0.10000000E-06 0.10000000E-06 0.99999887E-07 0.10000010E-06 0.10000000E-06 0.99999887E-07 0.10000010E-06 0.10000010E-06 0.10000000E-06 0.10000010E-06 0.99999887E-07 0.10000000E-06 0.10000000E-06 0.99999887E-07 0.99999887E-07 0.10000000E-06 0.10000000E-06 0.10000000E-06 0.10000020E-06 0.10000010E-06 0.10000000E-06 0.10000000E-06 0.10000000E-06 0.10000000E-06 0.10000000E-06 0.10000000E-06 0.10000000E-06 0.10000000E-06 0.10000000E-06 0.10000010E-06 0.10000020E-06 0.10000000E-06 0.10000000E-06 0.10000000E-06 0.99999887E-07 0.99999887E-07 0.10000000E-06 0.10000000E-06 0.99999887E-07 0.10000010E-06 0.10000000E-06 0.10000010E-06 0.10000010E-06 0.99999887E-07 0.10000000E-06 0.10000010E-06 0.99999887E-07 0.10000000E-06 0.10000000E-06 0.10000000E-06 0.99999887E-07 0.10000010E-06 0.10000000E-06 0.99999887E-07 0.99999887E-07 0.99999887E-07 0.10000000E-06 0.10000010E-06 0.99999887E-07 0.10000000E-06 0.10000000E-06 0.10000010E-06 0.10000000E-06 0.10000000E-06 0.10000010E-06 0.10000000E-06 0.10000000E-06 0.10000010E-06
 0.10000010E-06 0.10000010E-06 0.10000000E-06 0.10000010E-06 0.10000000E-06 0.10000000E-06 0.10000010E-06 0.10000000E-06 0.10000000E-06 0.99999887E-07 0.10000000E-06 0.99999887E-07 0.10000000E-06 0.10000020E-06 0.10000000E-06 0.10000010E-06 0.10000000E-06 0.10000000E-06 0.10000010E-06 0.99999887E-07 0.10000010E-06 0.10000000E-06 0.10000000E-06 0.10000010E-06 0.10000010E-06 0.99999781E-07 0.99999781E-07 0.10000000E-06 0.10000010E-06 0.10000020E-06 0.99999887E-07 0.10000010E-06 0.10000000E-06 0.10000010E-06 0.99999887E-07 0.10000000E-06 0.10000020E-06 0.10000000E-06 0.10000000E-06 0.10000000E-06 0.99999887E-07 0.10000000E-06 0.99999887E-07 0.99999781E-07 0.99999887E-07 0.10000000E-06 0.99999887E-07 0.10000000E-06 0.10000000E-06 0.10000000E-06 0.10000020E-06 0.10000000E-06 0.99999887E-07 0.10000010E-06 0.10000000E-06 0.10000010E-06 0.99999887E-07 0.10000020E-06 0.10000010E-06 0.10000000E-06 0.99999781E-07 0.99999781E-07 0.10000010E-06 0.10000010E-06 0.10000000E-06 0.10000000E-06 0.10000010E-06 0.99999887E-07 0.10000010E-06 0.10000000E-06 0.10000000E-06 0.10000010E-06 0.10000000E-06 0.10000020E-06 0.10000000E-06 0.99999887E-07 0.10000000E-06 0.99999887E-07 0.10000000E-06 0.10000000E-06 0.10000010E-06 0.10000000E-06 0.10000000E-06 0.10000010E-06 0.10000000E-06 0.10000010E-06 0.10000010E-06
 0.99999887E-07 0.10000000E-06 0.10000000E-06 0.99999887E-07 0.10000000E-06 0.10000000E-06 0.99999887E-07 0.10000000E-06 0.10000010E-06 0.10000010E-06 0.99999887E-07 0.10000000E-06 0.10000000E-06 0.10000000E-06 0.10000010E-06 0.10000000E-06 0.10000000E-06 0.10000000E-06 0.10000010E-06 0.10000010E-06 0.10000000E-06 0.10000010E-06 0.10000000E-06 0.10000010E-06 0.99999887E-07 0.99999887E-07 0.10000000E-06 0.10000000E-06 0.10000010E-06 0.10000000E-06 0.10000010E-06 0.10000010E-06 0.10000000E-06 0.10000000E-06 0.10000000E-06 0.99999887E-07 0.99999887E-07 0.10000000E-06 0.99999887E-07 0.10000000E-06 0.99999887E-07 0.10000000E-06 0.10000010E-06 0.10000010E-06 0.10000010E-06 0.10000000E-06 0.99999887E-07 0.10000000E-06 0.99999887E-07 0.10000000E-06 0.99999887E-07 0.99999887E-07 0.10000000E-06 0.10000000E-06 0.10000000E-06 0.10000010E-06 0.10000010E-06 0.10000000E-06 0.10000010E-06 0.10000000E-06 0.10000000E-06 0.99999887E-07 0.99999887E-07 0.10000010E-06 0.10000000E-06 0.10000010E-06 0.10000000E-06 0.10000010E-06 0.10000010E-06 0.10000000E-06 0.10000000E-06 0.10000000E-06 0.10000010E-06 0.10000000E-06 0.10000000E-06 0.10000000E-06 0.99999887E-07 0.10000010E-06 0.10000010E-06 0.10000000E-06 0.99999887E-07 0.10000000E-06 0.10000000E-06 0.99999887E-07 0.10000000E-06 0.10000000E-06 0.99999887E-07
 0.10000000E-06 0.10000000E-06 0.10000000E-06 0.10000000E-06 0.10000000E-06 0.10000000E-06 0.10000000E-06 0.10000000E-06 0.10000000E-06 0.10000000E-06 0.99999887E-07 0.10000000E-06 0.10000010E-06 0.10000010E-06 0.10000000E-06 0.10000000E-06 0.10000000E-06 0.10000000E-06 0.10000010E-06 0.10000000E-06 0.99999887E-07 0.10000000E-06 0.10000000E-06 0.99999887E-07 0.10000000E-06 0.10000010E-06 0.10000000E-06 0.10000000E-06 0.10000010E-06 0.10000000E-06 0.10000000E-06 0.10000000E-06 0.10000010E-06 0.10000000E-06 0.10000000E-06 0.99999887E-07 0.10000000E-06 0.10000000E-06 0.10000000E-06 0.10000000E-06 0.10000000E-06 0.10000000E-06 0.10000000E-06 0.10000000E-06 0.10000000E-06 0.10000000E-06 0.10000000E-06 0.10000000E-06 0.10000000E-06 0.10000000E-06 0.10000000E-06 0.99999887E-07 0.10000000E-06 0.10000000E-06 0.10000010E-06 0.10000000E-06 0.10000000E-06 0.10000000E-06 0.10000010E-06 0.10000000E-06 0.10000000E-06 0.10000010E-06 0.10000000E-06 0.99999887E-07 0.10000000E-06 0.10000000E-06 0.99999887E-07 0.10000000E-06 0.10000010E-06 0.10000000E-06 0.10000000E-06 0.10000000E-06 0.10000000E-06 0.10000010E-06 0.10000010E-06 0.10000000E-06 0.99999887E-07 0.10000000E-06 0.10000000E-06 0.10000000E-06 0.10000000E-06 0.10000000E-06 0.10000000E-06 0.10000000E-06 0.10000000E-06 0.10000000E-06 0.10000000E-06
 0.99999887E-07 0.10000000E-06 0.10000000E-06 0.99999887E-07 0.10000000E-06 0.10000000E-06 0.99999887E-07 0.10000000E-06 0.10000000E-06 0.99999887E-07 0.99999781E-07 0.99999887E-07 0.99999887E-07 0.10000000E-06 0.10000000E-06 0.99999887E-07 0.99999887E-07 0.10000000E-06 0.10000010E-06 0.10000000E-06 0.99999887E-07 0.10000010E-06 0.10000000E-06 0.10000000E-06 0.99999887E-07 0.10000000E-06 0.10000000E-06 0.99999781E-07 0.10000010E-06 0.10000010E-06 0.99999887E-07 0.99999887E-07 0.10000010E-06 0.10000010E-06 0.99999887E-07 0.10000000E-06 0.10000010E-06 0.10000000E-06 0.10000010E-06 0.99999887E-07 0.10000000E-06 0.99999887E-07 0.10000000E-06 0.10000020E-06 0.10000000E-06 0.99999887E-07 0.10000000E-06 0.99999887E-07 0.10000010E-06 0.10000000E-06 0.10000010E-06 0.10000000E-06 0.99999887E-07 0.10000010E-06 0.10000010E-06 0.99999887E-07 0.99999887E-07 0.10000010E-06 0.10000010E-06 0.99999781E-07 0.10000000E-06 0.10000000E-06 0.99999887E-07 0.10000000E-06 0.10000000E-06 0.10000010E-06 0.99999887E-07 0.10000000E-06 0.10000010E-06 0.10000000E-06 0.99999887E-07 0.99999887E-07 0.10000000E-06 0.10000000E-06 0.99999887E-07 0.99999887E-07 0.99999781E-07 0.99999887E-07 0.10000000E-06 0.10000000E-06 0.99999887E-07 0.10000000E-06 0.10000000E-06 0.99999887E-07 0.10000000E-06 0.10000000E-06 0.99999887E-07
 0.10000010E-06 0.10000000E-06 0.10000010E-06 0.10000010E-06 0.99999887E-07 0.10000000E-06 0.10000010E-06 0.10000000E-06 0.10000000E-06 0.10000000E-06 0.10000000E-06 0.10000000E-06 0.10000000E-06 0.99999887E-07 0.10000000E-06 0.10000010E-06 0.10000000E-06 0.10000000E-06 0.10000000E-06 0.99999887E-07 0.10000000E-06 0.10000010E-06 0.10000000E-06 0.10000000E-06 0.10000010E-06 0.10000000E-06 0.99999887E-07 0.10000010E-06 0.99999887E-07 0.99999887E-07 0.10000000E-06 0.10000000E-06 0.10000010E-06 0.10000000E-06 0.10000000E-06 0.10000000E-06 0.10000010E-06 0.10000000E-06 0.10000000E-06 0.10000000E-06 0.99999887E-07 0.99999887E-07 0.99999781E-07 0.10000020E-06 0.99999781E-07 0.99999887E-07 0.99999887E-07 0.10000000E-06 0.10000000E-06 0.10000000E-06 0.10000010E-06 0.10000000E-06 0.10000000E-06 0.10000000E-06 0.10000010E-06 0.10000000E-06 0.10000000E-06 0.99999887E-07 0.99999887E-07 0.10000010E-06 0.99999887E-07 0.10000000E-06 0.10000010E-06 0.10000000E-06 0.10000000E-06 0.10000010E-06 0.10000000E-06 0.99999887E-07 0.10000000E-06 0.10000000E-06 0.10000000E-06 0.10000010E-06 0.10000000E-06 0.99999887E-07 0.10000000E-06 0.10000000E-06 0.10000000E-06 0.10000000E-06 0.10000000E-06 0.10000000E-06 0.10000010E-06 0.10000000E-06 0.99999887E-07 0.10000010E-06 0.10000010E-06 0.10000000E-06 0.10000010E-06
 0.99999887E-07 0.10000000E-06 0.10000000E-06 0.99999887E-07 0.99999887E-07 0.10000000E-06 0.99999887E-07 0.10000000E-06 0.10000000E-06 0.10000010E-06 0.99999887E-07 0.10000000E-06 0.10000000E-06 0.10000000E-06 0.10000000E-06 0.10000010E-06 0.10000000E-06 0.10000000E-06 0.10000000E-06 0.10000000E-06 0.10000010E-06 0.10000000E-06 0.10000000E-06 0.10000000E-06 0.99999887E-07 0.10000010E-06 0.99999781E-07 0.10000010E-06 0.10000000E-06 0.10000010E-06 0.10000010E-06 0.99999887E-07 0.10000000E-06 0.10000010E-06 0.10000000E-06 0.10000010E-06 0.99999887E-07 0.10000010E-06 0.10000000E-06 0.10000000E-06 0.10000000E-06 0.10000000E-06 0.99999887E-07 0.99999781E-07 0.99999887E-07 0.10000000E-06 0.10000000E-06 0.10000000E-06 0.10000000E-06 0.10000010E-06 0.99999887E-07 0.10000010E-06 0.10000000E-06 0.10000010E-06 0.10000000E-06 0.99999887E-07 0.10000010E-06 0.10000010E-06 0.10000000E-06 0.10000010E-06 0.99999781E-07 0.10000010E-06 0.99999887E-07 0.10000000E-06 0.10000000E-06 0.10000000E-06 0.10000010E-06 0.10000000E-06 0.10000000E-06 0.10000000E-06 0.10000000E-06 0.10000010E-06 0.10000000E-06 0.10000000E-06 0.10000000E-06 0.10000000E-06 0.99999887E-07 0.10000010E-06 0.10000000E-06 0.10000000E-06 0.99999887E-07 0.10000000E-06 0.99999887E-07 0.99999887E-07 0.10000000E-06 0.10000000E-06 0.99999887E-07
 0.10000000E-06 0.10000010E-06 0.10000000E-06 0.10000000E-06 0.10000000E-06 0.10000000E-06 0.10000000E-06 0.10000010E-06 0.10000000E-06 0.10000010E-06 0.99999887E-07 0.10000010E-06 0.10000010E-06 0.10000000E-06 0.99999887E-07 0.10000000E-06 0.10000000E-06 0.99999887E-07 0.10000010E-06 0.10000010E-06 0.10000000E-06 0.99999887E-07 0.99999887E-07 0.99999887E-07 0.10000000E-06 0.10000010E-06 0.10000000E-06 0.10000010E-06 0.10000000E-06 0.10000000E-06 0.99999887E-07 0.10000000E-06 0.10000010E-06 0.99999887E-07 0.99999887E-07 0.10000000E-06 0.10000000E-06 0.10000000E-06 0.10000010E-06 0.10000000E-06 0.10000000E-06 0.10000010E-06 0.10000000E-06 0.10000000E-06 0.10000000E-06 0.10000010E-06 0.10000000E-06 0.10000000E-06 0.10000010E-06 0.10000000E-06 0.10000000E-06 0.10000000E-06 0.99999887E-07 0.99999887E-07 0.10000010E-06 0.10000000E-06 0.99999887E-07 0.10000000E-06 0.10000000E-06 0.10000010E-06 0.10000000E-06 0.10000010E-06 0.10000000E-06 0.99999887E-07 0.99999887E-07 0.99999887E-07 0.10000000E-06 0.10000010E-06 0.10000010E-06 0.99999887E-07 0.10000000E-06 0.10000000E-06 0.99999887E-07 0.10000000E-06 0.10000010E-06 0.10000010E-06 0.99999887E-07 0.10000010E-06 0.10000000E-06 0.10000010E-06 0.10000000E-06 0.10000000E-06 0.10000000E-06 0.10000000E-06 0.10000000E-06 0.10000010E-06 0.10000000E-06
 0.10000000E-06 0.10000000E-06 0.10000000E-06 0.10000000E-06 0.10000000E-06 0.10000000E-06 0.10000000E-06 0.99999887E-07 0.10000000E-06 0.10000000E-06 0.10000010E-06 0.99999887E-07 0.99999887E-07 0.10000000E-06 0.10000000E-06 0.10000000E-06 0.99999887E-07 0.10000010E-06 0.99999887E-07 0.10000000E-06 0.10000000E-06 0.10000010E-06 0.10000000E-06 0.10000000E-06 0.10000000E-06 0.99999887E-07 0.10000000E-06 0.10000000E-06 0.10000000E-06 0.99999887E-07 0.10000000E-06 0.10000000E-06 0.99999887E-07 0.10000010E-06 0.10000000E-06 0.10000000E-06 0.99999887E-07 0.10000010E-06 0.99999887E-07 0.10000000E-06 0.10000000E-06 0.10000000E-06 0.10000010E-06 0.10000000E-06 0.10000010E-06 0.10000000E-06 0.10000000E-06 0.10000000E-06 0.99999887E-07 0.10000010E-06 0.99999887E-07 0.10000000E-06 0.10000000E-06 0.10000010E-06 0.99999887E-07 0.10000000E-06 0.10000000E-06 0.99999887E-07 0.10000000E-06 0.10000000E-06 0.10000000E-06 0.99999887E-07 0.10000000E-06 0.10000000E-06 0.10000000E-06 0.10000010E-06 0.10000000E-06 0.10000000E-06 0.99999887E-07 0.10000010E-06 0.99999887E-07 0.10000000E-06 0.10000000E-06 0.10000000E-06 0.99999887E-07 0.99999887E-07 0.10000010E-06 0.10000000E-06 0.10000000E-06 0.99999887E-07 0.10000000E-06 0.10000000E-06 0.10000000E-06 0.10000000E-06 0.10000000E-06 0.10000000E-06 0.10000000E-06
 0.10000010E-06 0.10000000E-06 0.10000000E-06 0.10000010E-06 0.10000000E-06 0.10000000E-06 0.10000010E-06 0.10000000E-06 0.10000000E-06 0.99999887E-07 0.10000010E-06 0.10000000E-06 0.10000000E-06 0.10000010E-06 0.99999887E-07 0.10000010E-06 0.99999887E-07 0.10000000E-06 0.99999781E-07 0.10000000E-06 0.10000000E-06 0.10000000E-06 0.10000000E-06 0.99999781E-07 0.99999887E-07 0.10000010E-06 0.10000010E-06 0.10000000E-06 0.10000000E-06 0.10000010E-06 0.10000000E-06 0.10000000E-06 0.10000010E-06 0.99999887E-07 0.10000010E-06 0.10000000E-06 0.99999887E-07 0.10000000E-06 0.99999887E-07 0.10000000E-06 0.10000000E-06 0.99999887E-07 0.10000000E-06 0.10000000E-06 0.10000000E-06 0.99999887E-07 0.10000000E-06 0.10000000E-06 0.99999887E-07 0.10000000E-06 0.99999887E-07 0.10000000E-06 0.10000010E-06 0.99999887E-07 0.10000010E-06 0.10000000E-06 0.10000000E-06 0.10000010E-06 0.10000000E-06 0.10000000E-06 0.10000010E-06 0.10000010E-06 0.99999887E-07 0.99999781E-07 0.10000000E-06 0.10000000E-06 0.10000000E-06 0.10000000E-06 0.99999781E-07 0.10000000E-06 0.99999887E-07 0.10000010E-06 0.99999887E-07 0.10000010E-06 0.10000000E-06 0.10000000E-06 0.10000010E-06 0.99999887E-07 0.10000000E-06 0.10000000E-06 0.10000010E-06 0.10000000E-06 0.10000000E-06 0.10000010E-06 0.10000000E-06 0.10000000E-06 0.10000010E-06
 0.10000000E-06 0.10000000E-06 0.10000000E-06 0.10000000E-06 0.99999887E-07 0.10000000E-06 0.10000000E-06 0.10000000E-06 0.10000010E-06 0.10000010E-06 0.10000010E-06 0.10000010E-06 0.99999887E-07 0.10000000E-06 0.10000000E-06 0.10000000E-06 0.99999887E-07 0.10000000E-06 0.10000000E-06 0.10000010E-06 0.10000010E-06 0.10000000E-06 0.10000000E-06 0.10000000E-06 0.10000000E-06 0.10000000E-06 0.10000010E-06 0.99999887E-07 0.10000000E-06 0.10000000E-06 0.10000000E-06 0.10000000E-06 0.99999887E-07 0.99999887E-07 0.99999781E-07 0.10000000E-06 0.10000000E-06 0.10000000E-06 0.10000010E-06 0.10000000E-06 0.10000000E-06 0.10000000E-06 0.10000000E-06 0.10000000E-06 0.10000000E-06 0.10000000E-06 0.10000000E-06 0.10000000E-06 0.10000010E-06 0.10000000E-06 0.10000000E-06 0.10000000E-06 0.99999781E-07 0.99999887E-07 0.99999887E-07 0.10000000E-06 0.10000000E-06 0.10000000E-06 0.10000000E-06 0.99999887E-07 0.10000010E-06 0.10000000E-06 0.10000000E-06 0.10000000E-06 0.10000000E-06 0.10000000E-06 0.10000010E-06 0.10000010E-06 0.10000000E-06 0.10000000E-06 0.99999887E-07 0.10000000E-06 0.10000000E-06 0.10000000E-06 0.99999887E-07 0.10000010E-06 0.10000010E-06 0.10000010E-06 0.10000010E-06 0.10000000E-06 0.10000000E-06 0.10000000E-06 0.99999887E-07 0.10000000E-06 0.10000000E-06 0.10000000E-06 0.10000000E-06
 0.10000000E-06 0.10000000E-06 0.10000000E-06 0.10000000E-06 0.10000000E-06 0.10000000E-06 0.10000000E-06 0.10000000E-06 0.10000000E-06 0.10000000E-06 0.10000000E-06 0.99999887E-07 0.10000000E-06 0.99999781E-07 0.99999781E-07 0.99999887E-07 0.10000000E-06 0.99999887E-07 0.10000000E-06 0.10000000E-06 0.10000000E-06 0.10000010E-06 0.10000000E-06 0.10000010E-06 0.10000010E-06 0.99999887E-07 0.10000000E-06 0.10000000E-06 0.10000000E-06 0.10000000E-06 0.10000000E-06 0.99999887E-07 0.10000000E-06 0.10000000E-06 0.10000000E-06 0.99999887E-07 0.99999887E-07 0.10000000E-06 0.10000010E-06 0.10000000E-06 0.10000000E-06 0.10000000E-06 0.10000000E-06 0.99999887E-07 0.10000000E-06 0.10000000E-06 0.10000000E-06 0.10000000E-06 0.10000010E-06 0.10000000E-06 0.99999887E-07 0.99999887E-07 0.10000000E-06 0.10000000E-06 0.10000000E-06 0.99999887E-07 0.10000000E-06 0.10000000E-06 0.10000000E-06 0.10000000E-06 0.10000000E-06 0.99999887E-07 0.10000010E-06 0.10000010E-06 0.10000000E-06 0.10000010E-06 0.10000000E-06 0.10000000E-06 0.10000000E-06 0.99999887E-07 0.10000000E-06 0.99999887E-07 0.99999781E-07 0.99999781E-07 0.10000000E-06 0.99999887E-07 0.10000000E-06 0.10000000E-06 0.10000000E-06 0.10000000E-06 0.10000000E-06 0.10000000E-06 0.10000000E-06 0.10000000E-06 0.10000000E-06 0.10000000E-06 0.10000000E-06
 0.10000000E-06 0.10000000E-06 0.10000000E-06 0.10000000E-06 0.10000000E-06 0.10000000E-06 0.10000000E-06 0.99999887E-07 0.10000000E-06 0.10000000E-06 0.10000000E-06 0.10000000E-06 0.10000000E-06 0.10000000E-06 0.99999887E-07 0.10000000E-06 0.10000000E-06 0.10000000E-06 0.10000000E-06 0.99999887E-07 0.10000000E-06 0.10000000E-06 0.10000000E-06 0.10000010E-06 0.10000000E-06 0.10000010E-06 0.10000000E-06 0.10000000E-06 0.10000000E-06 0.10000000E-06 0.10000000E-06 0.10000000E-06 0.10000010E-06 0.10000000E-06 0.99999887E-07 0.10000010E-06 0.10000000E-06 0.10000000E-06 0.10000000E-06 0.10000010E-06 0.10000000E-06 0.10000000E-06 0.10000000E-06 0.10000010E-06 0.10000000E-06 0.10000000E-06 0.10000000E-06 0.10000010E-06 0.10000000E-06 0.10000000E-06 0.10000000E-06 0.10000010E-06 0.99999887E-07 0.10000000E-06 0.10000010E-06 0.10000000E-06 0.10000000E-06 0.10000000E-06 0.10000000E-06 0.10000000E-06 0.10000000E-06 0.10000010E-06 0.10000000E-06 0.10000010E-06 0.10000000E-06 0.10000000E-06 0.10000000E-06 0.99999887E-07 0.10000000E-06 0.10000000E-06 0.10000000E-06 0.10000000E-06 0.99999887E-07 0.10000000E-06 0.10000000E-06 0.10000000E-06 0.10000000E-06 0.10000000E-06 0.10000000E-06 0.99999887E-07 0.10000000E-06 0.10000000E-06 0.10000000E-06 0.10000000E-06 0.10000000E-06 0.10000000E-06 0.10000000E-06
 0.10000000E-06 0.10000000E-06 0.10000000E-06 0.10000000E-06 0.10000000E-06 0.10000000E-06 0.10000000E-06 0.10000000E-06 0.10000010E-06 0.10000000E-06 0.10000000E-06 0.99999887E-07 0.10000010E-06 0.99999887E-07 0.99999887E-07 0.10000000E-06 0.10000000E-06 0.10000000E-06 0.99999887E-07 0.99999887E-07 0.99999887E-07 0.10000000E-06 0.99999781E-07 0.99999887E-07 0.10000010E-06 0.10000000E-06 0.99999887E-07 0.10000000E-06 0.10000000E-06 0.99999887E-07 0.10000000E-06 0.10000010E-06 0.99999887E-07 0.10000000E-06 0.99999887E-07 0.10000000E-06 0.10000010E-06 0.10000000E-06 0.10000000E-06 0.99999887E-07 0.10000010E-06 0.10000010E-06 0.10000000E-06 0.99999887E-07 0.10000000E-06 0.10000010E-06 0.10000010E-06 0.99999887E-07 0.10000000E-06 0.10000000E-06 0.10000010E-06 0.10000000E-06 0.99999887E-07 0.10000000E-06 0.99999887E-07 0.10000010E-06 0.10000000E-06 0.99999887E-07 0.10000000E-06 0.10000000E-06 0.99999887E-07 0.10000000E-06 0.10000010E-06 0.99999887E-07 0.99999781E-07 0.10000000E-06 0.99999887E-07 0.99999887E-07 0.99999887E-07 0.10000000E-06 0.10000000E-06 0.10000000E-06 0.99999887E-07 0.99999887E-07 0.10000010E-06 0.99999887E-07 0.10000000E-06 0.10000000E-06 0.10000010E-06 0.10000000E-06 0.10000000E-06 0.10000000E-06 0.10000000E-06 0.10000000E-06 0.10000000E-06 0.10000000E-06 0.10000000E-06
 0.10000000E-06 0.10000000E-06 0.10000000E-06 0.10000000E-06 0.10000000E-06 0.10000000E-06 0.10000000E-06 0.10000000E-06 0.10000000E-06 0.10000000E-06 0.99999887E-07 0.10000000E-06 0.10000000E-06 0.10000000E-06 0.10000010E-06 0.10000010E-06 0.10000000E-06 0.99999887E-07 0.10000000E-06 0.10000000E-06 0.99999887E-07 0.10000000E-06 0.10000000E-06 0.10000010E-06 0.10000000E-06 0.10000000E-06 0.10000000E-06 0.10000010E-06 0.99999887E-07 0.10000000E-06 0.10000000E-06 0.10000010E-06 0.10000010E-06 0.99999887E-07 0.99999887E-07 0.10000000E-06 0.10000010E-06 0.99999887E-07 0.10000000E-06 0.99999887E-07 0.99999887E-07 0.99999887E-07 0.10000000E-06 0.99999887E-07 0.10000000E-06 0.99999887E-07 0.99999887E-07 0.99999887E-07 0.10000000E-06 0.99999887E-07 0.10000010E-06 0.10000000E-06 0.99999887E-07 0.99999887E-07 0.10000010E-06 0.10000010E-06 0.10000000E-06 0.10000000E-06 0.99999887E-07 0.10000010E-06 0.10000000E-06 0.10000000E-06 0.10000000E-06 0.10000010E-06 0.10000000E-06 0.10000000E-06 0.99999887E-07 0.10000000E-06 0.10000000E-06 0.99999887E-07 0.10000000E-06 0.10000010E-06 0.10000010E-06 0.10000000E-06 0.10000000E-06 0.10000000E-06 0.99999887E-07 0.10000000E-06 0.10000000E-06 0.10000000E-06 0.10000000E-06 0.10000000E-06 0.10000000E-06 0.10000000E-06 0.10000000E-06 0.10000000E-06 0.10000000E-06
 0.10000000E-06 0.10000000E-06 0.10000000E-06 0.10000000E-06 0.10000000E-06 0.10000000E-06 0.10000000E-06 0.10000000E-06 0.10000010E-06 0.10000000E-06 0.10000010E-06 0.10000000E-06 0.10000000E-06 0.10000000E-06 0.10000010E-06 0.10000000E-06 0.10000000E-06 0.10000000E-06 0.10000000E-06 0.10000000E-06 0.99999887E-07 0.10000000E-06 0.10000000E-06 0.10000000E-06 0.10000000E-06 0.10000000E-06 0.99999887E-07 0.10000000E-06 0.99999887E-07 0.10000000E-06 0.10000000E-06 0.99999887E-07 0.10000000E-06 0.10000000E-06 0.10000010E-06 0.10000000E-06 0.99999887E-07 0.10000000E-06 0.10000000E-06 0.10000000E-06 0.10000000E-06 0.10000000E-06 0.10000000E-06 0.10000000E-06 0.10000000E-06 0.10000000E-06 0.10000000E-06 0.10000000E-06 0.10000000E-06 0.10000000E-06 0.99999887E-07 0.10000000E-06 0.10000010E-06 0.10000000E-06 0.10000000E-06 0.99999887E-07 0.10000000E-06 0.10000000E-06 0.99999887E-07 0.10000000E-06 0.99999887E-07 0.10000000E-06 0.10000000E-06 0.10000000E-06 0.10000000E-06 0.10000000E-06 0.99999887E-07 0.10000000E-06 0.10000000E-06 0.10000000E-06 0.10000000E-06 0.10000000E-06 0.10000010E-06 0.10000000E-06 0.10000000E-06 0.10000000E-06 0.10000010E-06 0.10000000E-06 0.10000010E-06 0.10000000E-06 0.10000000E-06 0.10000000E-06 0.10000000E-06 0.10000000E-06 0.10000000E-06 0.10000000E-06 0.10000000E-06
 0.10000010E-06 0.10000000E-06 0.10000000E-06 0.10000010E-06 0.10000000E-06 0.10000010E-06 0.10000010E-06 0.10000000E-06 0.10000000E-06 0.99999887E-07 0.10000010E-06 0.10000000E-06 0.10000010E-06 0.10000000E-06 0.10000000E-06 0.10000010E-06 0.10000000E-06 0.10000010E-06 0.10000000E-06 0.10000000E-06 0.10000000E-06 0.99999887E-07 0.99999887E-07 0.99999887E-07 0.10000000E-06 0.10000000E-06 0.99999887E-07 0.10000000E-06 0.99999887E-07 0.10000000E-06 0.10000010E-06 0.10000000E-06 0.10000000E-06 0.10000000E-06 0.10000000E-06 0.10000000E-06 0.10000000E-06 0.10000010E-06 0.10000000E-06 0.10000000E-06 0.10000000E-06 0.10000000E-06 0.10000000E-06 0.10000010E-06 0.10000000E-06 0.10000000E-06 0.10000000E-06 0.10000000E-06 0.10000000E-06 0.10000010E-06 0.10000000E-06 0.10000000E-06 0.10000000E-06 0.10000000E-06 0.10000000E-06 0.10000000E-06 0.10000010E-06 0.10000000E-06 0.99999887E-07 0.10000000E-06 0.99999887E-07 0.10000000E-06 0.10000000E-06 0.99999887E-07 0.99999887E-07 0.99999887E-07 0.10000000E-06 0.10000000E-06 0.10000000E-06 0.10000010E-06 0.10000000E-06 0.10000010E-06 0.10000000E-06 0.10000000E-06 0.10000010E-06 0.10000000E-06 0.10000010E-06 0.99999887E-07 0.10000000E-06 0.10000000E-06 0.10000010E-06 0.10000010E-06 0.10000000E-06 0.10000010E-06 0.10000000E-06 0.10000000E-06 0.10000010E-06
 0.99999887E-07 0.10000000E-06 0.99999887E-07 0.99999887E-07 0.10000000E-06 0.10000000E-06 0.99999887E-07 0.99999887E-07 0.10000000E-06 0.10000000E-06 0.10000000E-06 0.10000010E-06 0.99999887E-07 0.10000000E-06 0.10000000E-06 0.10000010E-06 0.10000000E-06 0.10000000E-06 0.99999887E-07 0.10000000E-06 0.99999887E-07 0.10000010E-06 0.10000000E-06 0.10000000E-06 0.10000000E-06 0.10000000E-06 0.10000000E-06 0.10000000E-06 0.10000000E-06 0.10000000E-06 0.10000000E-06 0.10000000E-06 0.10000000E-06 0.10000010E-06 0.10000000E-06 0.10000010E-06 0.10000000E-06 0.10000000E-06 0.10000010E-06 0.10000000E-06 0.10000000E-06 0.99999887E-07 0.99999887E-07 0.10000010E-06 0.99999887E-07 0.99999887E-07 0.10000000E-06 0.10000000E-06 0.10000010E-06 0.10000000E-06 0.10000000E-06 0.10000010E-06 0.10000000E-06 0.10000010E-06 0.10000000E-06 0.10000000E-06 0.10000000E-06 0.10000000E-06 0.10000000E-06 0.10000000E-06 0.10000000E-06 0.10000000E-06 0.10000000E-06 0.10000000E-06 0.10000000E-06 0.10000010E-06 0.99999887E-07 0.10000000E-06 0.99999887E-07 0.10000000E-06 0.10000000E-06 0.10000010E-06 0.10000000E-06 0.10000000E-06 0.99999887E-07 0.10000010E-06 0.10000000E-06 0.10000000E-06 0.10000000E-06 0.99999887E-07 0.99999887E-07 0.10000000E-06 0.10000000E-06 0.99999887E-07 0.99999887E-07 0.10000000E-06 0.99999887E-07
 0.10000000E-06 0.10000000E-06 0.10000000E-06 0.10000000E-06 0.10000010E-06 0.10000000E-06 0.10000000E-06 0.10000000E-06 0.10000010E-06 0.10000000E-06 0.10000000E-06 0.99999887E-07 0.10000000E-06 0.10000000E-06 0.10000000E-06 0.10000000E-06 0.10000010E-06 0.99999887E-07 0.10000000E-06 0.10000000E-06 0.10000000E-06 0.10000000E-06 0.10000000E-06 0.10000000E-06 0.10000010E-06 0.10000000E-06 0.10000000E-06 0.99999887E-07 0.99999887E-07 0.10000000E-06 0.10000000E-06 0.10000000E-06 0.99999887E-07 0.10000000E-06 0.10000000E-06 0.10000000E-06 0.10000000E-06 0.10000000E-06 0.10000000E-06 0.10000000E-06 0.10000000E-06 0.10000010E-06 0.10000000E-06 0.99999887E-07 0.10000000E-06 0.10000010E-06 0.10000000E-06 0.10000000E-06 0.10000000E-06 0.10000000E-06 0.10000000E-06 0.10000000E-06 0.10000000E-06 0.10000000E-06 0.99999887E-07 0.10000000E-06 0.10000000E-06 0.10000000E-06 0.99999887E-07 0.99999887E-07 0.10000000E-06 0.10000000E-06 0.10000010E-06 0.10000000E-06 0.10000000E-06 0.10000000E-06 0.10000000E-06 0.10000000E-06 0.10000000E-06 0.99999887E-07 0.10000010E-06 0.10000000E-06 0.10000000E-06 0.10000000E-06 0.10000000E-06 0.99999887E-07 0.10000000E-06 0.10000000E-06 0.10000010E-06 0.10000000E-06 0.10000000E-06 0.10000000E-06 0.10000010E-06 0.10000000E-06 0.10000000E-06 0.10000000E-06 0.10000000E-06
 0.10000000E-06 0.10000000E-06 0.10000000E-06 0.10000000E-06 0.10000010E-06 0.10000000E-06 0.10000000E-06 0.10000000E-06 0.10000000E-06 0.10000010E-06 0.10000000E-06 0.10000000E-06 0.10000010E-06 0.10000000E-06 0.10000010E-06 0.10000000E-06 0.10000000E-06 0.10000010E-06 0.10000000E-06 0.10000000E-06 0.10000000E-06 0.10000000E-06 0.10000000E-06 0.10000000E-06 0.10000000E-06 0.10000010E-06 0.10000000E-06 0.10000000E-06 0.10000010E-06 0.10000010E-06 0.10000010E-06 0.10000000E-06 0.10000000E-06 0.10000000E-06 0.10000010E-06 0.99999887E-07 0.10000000E-06 0.10000000E-06 0.10000000E-06 0.10000000E-06 0.10000000E-06 0.99999887E-07 0.10000000E-06 0.10000000E-06 0.10000000E-06 0.99999887E-07 0.10000000E-06 0.10000000E-06 0.10000000E-06 0.10000000E-06 0.10000000E-06 0.99999887E-07 0.10000010E-06 0.10000000E-06 0.10000000E-06 0.10000000E-06 0.10000010E-06 0.10000010E-06 0.10000010E-06 0.10000000E-06 0.10000000E-06 0.10000010E-06 0.10000000E-06 0.10000000E-06 0.10000000E-06 0.10000000E-06 0.10000000E-06 0.10000000E-06 0.10000000E-06 0.10000010E-06 0.10000000E-06 0.10000000E-06 0.10000010E-06 0.10000000E-06 0.10000010E-06 0.10000000E-06 0.10000000E-06 0.10000010E-06 0.10000000E-06 0.10000000E-06 0.10000000E-06 0.10000000E-06 0.10000010E-06 0.10000000E-06 0.10000000E-06 0.10000000E-06 0.10000000E-06
 0.10000000E-06 0.10000000E-06 0.10000000E-06 0.10000000E-06 0.10000000E-06 0.10000000E-06 0.10000000E-06 0.10000000E-06 0.10000000E-06 0.10000000E-06 0.99999887E-07 0.10000000E-06 0.10000000E-06 0.10000000E-06 0.10000000E-06 0.99999887E-07 0.10000000E-06 0.10000000E-06 0.10000000E-06 0.99999887E-07 0.10000010E-06 0.10000000E-06 0.10000000E-06 0.10000000E-06 0.10000000E-06 0.10000000E-06 0.10000000E-06 0.10000000E-06 0.10000000E-06 0.10000000E-06 0.99999887E-07 0.10000000E-06 0.10000000E-06 0.10000000E-06 0.10000000E-06 0.10000000E-06 0.10000000E-06 0.10000000E-06 0.10000010E-06 0.10000000E-06 0.10000000E-06 0.10000000E-06 0.10000000E-06 0.10000000E-06 0.10000000E-06 0.10000000E-06 0.10000000E-06 0.10000000E-06 0.10000010E-06 0.10000000E-06 0.10000000E-06 0.10000000E-06 0.10000000E-06 0.10000000E-06 0.10000000E-06 0.10000000E-06 0.99999887E-07 0.10000000E-06 0.10000000E-06 0.10000000E-06 0.10000000E-06 0.10000000E-06 0.10000000E-06 0.10000000E-06 0.10000000E-06 0.10000000E-06 0.10000010E-06 0.99999887E-07 0.10000000E-06 0.10000000E-06 0.10000000E-06 0.99999887E-07 0.10000000E-06 0.10000000E-06 0.10000000E-06 0.10000000E-06 0.99999887E-07 0.10000000E-06 0.10000000E-06 0.10000000E-06 0.10000000E-06 0.10000000E-06 0.10000000E-06 0.10000000E-06 0.10000000E-06 0.10000000E-06 0.10000000E-06
 0.10000000E-06 0.10000000E-06 0.10000000E-06 0.10000000E-06 0.10000000E-06 0.10000000E-06 0.10000000E-06 0.10000000E-06 0.10000000E-06 0.10000000E-06 0.99999887E-07 0.10000010E-06 0.10000000E-06 0.10000000E-06 0.10000000E-06 0.10000000E-06 0.10000000E-06 0.10000000E-06 0.10000010E-06 0.10000000E-06 0.10000000E-06 0.99999887E-07 0.10000010E-06 0.99999887E-07 0.10000000E-06 0.99999887E-07 0.10000010E-06 0.10000010E-06 0.10000000E-06 0.10000000E-06 0.10000000E-06 0.10000000E-06 0.10000000E-06 0.10000000E-06 0.10000000E-06 0.10000000E-06 0.10000000E-06 0.10000000E-06 0.10000000E-06 0.10000000E-06 0.10000000E-06 0.10000000E-06 0.10000010E-06 0.10000000E-06 0.10000010E-06 0.10000000E-06 0.10000000E-06 0.10000000E-06 0.10000000E-06 0.10000000E-06 0.10000000E-06 0.10000000E-06 0.10000000E-06 0.10000000E-06 0.10000000E-06 0.10000000E-06 0.10000000E-06 0.10000000E-06 0.10000000E-06 0.10000010E-06 0.10000010E-06 0.99999887E-07 0.10000000E-06 0.99999887E-07 0.10000010E-06 0.99999887E-07 0.10000000E-06 0.10000000E-06 0.10000010E-06 0.10000000E-06 0.10000000E-06 0.10000000E-06 0.10000000E-06 0.10000000E-06 0.10000000E-06 0.10000010E-06 0.99999887E-07 0.10000000E-06 0.10000000E-06 0.10000000E-06 0.10000000E-06 0.10000000E-06 0.10000000E-06 0.10000000E-06 0.10000000E-06 0.10000000E-06 0.10000000E-06
 0.10000000E-06 0.10000000E-06 0.10000000E-06 0.10000000E-06 0.10000000E-06 0.10000010E-06 0.10000000E-06 0.10000000E-06 0.10000000E-06 0.10000000E-06 0.10000000E-06 0.10000010E-06 0.10000000E-06 0.10000000E-06 0.10000000E-06 0.10000000E-06 0.10000000E-06 0.10000000E-06 0.10000000E-06 0.10000000E-06 0.10000000E-06 0.10000000E-06 0.10000000E-06 0.10000000E-06 0.10000000E-06 0.10000000E-06 0.10000000E-06 0.10000000E-06 0.10000000E-06 0.10000010E-06 0.10000000E-06 0.10000000E-06 0.10000000E-06 0.10000000E-06 0.10000000E-06 0.10000000E-06 0.10000000E-06 0.10000000E-06 0.10000000E-06 0.10000000E-06 0.10000000E-06 0.10000000E-06 0.10000000E-06 0.10000000E-06 0.10000000E-06 0.10000000E-06 0.10000000E-06 0.10000000E-06 0.10000000E-06 0.10000000E-06 0.10000000E-06 0.10000000E-06 0.10000000E-06 0.10000000E-06 0.10000000E-06 0.10000000E-06 0.10000000E-06 0.10000010E-06 0.10000000E-06 0.10000000E-06 0.10000000E-06 0.10000000E-06 0.10000000E-06 0.10000000E-06 0.10000000E-06 0.10000000E-06 0.10000000E-06 0.10000000E-06 0.10000000E-06 0.10000000E-06 0.10000000E-06 0.10000000E-06 0.10000000E-06 0.10000000E-06 0.10000000E-06 0.10000010E-06 0.10000000E-06 0.10000000E-06 0.10000000E-06 0.10000000E-06 0.10000000E-06 0.10000010E-06 0.10000000E-06 0.10000000E-06 0.10000000E-06 0.10000000E-06 0.10000000E-06
 0.10000000E-06 0.10000000E-06 0.10000000E-06 0.10000000E-06 0.10000000E-06 0.10000000E-06 0.10000000E-06 0.10000000E-06 0.10000010E-06 0.10000010E-06 0.10000000E-06 0.10000000E-06 0.10000000E-06 0.10000000E-06 0.10000000E-06 0.10000000E-06 0.10000000E-06 0.99999887E-07 0.10000000E-06 0.10000000E-06 0.10000000E-06 0.99999887E-07 0.99999887E-07 0.10000000E-06 0.10000000E-06 0.10000000E-06 0.10000000E-06 0.10000000E-06 0.99999887E-07 0.10000000E-06 0.10000000E-06 0.99999887E-07 0.10000000E-06 0.10000000E-06 0.99999887E-07 0.10000000E-06 0.10000000E-06 0.10000000E-06 0.99999887E-07 0.10000000E-06 0.10000000E-06 0.10000000E-06 0.10000000E-06 0.10000000E-06 0.10000000E-06 0.10000000E-06 0.10000000E-06 0.10000000E-06 0.99999887E-07 0.10000000E-06 0.10000000E-06 0.10000000E-06 0.99999887E-07 0.10000000E-06 0.10000000E-06 0.99999887E-07 0.10000000E-06 0.10000000E-06 0.99999887E-07 0.10000000E-06 0.10000000E-06 0.10000000E-06 0.10000000E-06 0.10000000E-06 0.99999887E-07 0.99999887E-07 0.10000000E-06 0.10000000E-06 0.10000000E-06 0.99999887E-07 0.10000000E-06 0.10000000E-06 0.10000000E-06 0.10000000E-06 0.10000000E-06 0.10000000E-06 0.10000000E-06 0.10000010E-06 0.10000010E-06 0.10000000E-06 0.10000000E-06 0.10000000E-06 0.10000000E-06 0.10000000E-06 0.10000000E-06 0.10000000E-06 0.10000000E-06
 0.10000000E-06 0.10000000E-06 0.10000000E-06 0.10000000E-06 0.10000000E-06 0.10000000E-06 0.10000000E-06 0.10000000E-06 0.10000000E-06 0.10000000E-06 0.99999887E-07 0.10000010E-06 0.10000000E-06 0.10000000E-06 0.10000000E-06 0.10000000E-06 0.10000000E-06 0.10000000E-06 0.10000010E-06 0.10000000E-06 0.10000000E-06 0.99999887E-07 0.10000010E-06 0.99999887E-07 0.10000000E-06 0.99999887E-07 0.10000010E-06 0.10000010E-06 0.10000000E-06 0.10000000E-06 0.10000000E-06 0.10000000E-06 0.10000000E-06 0.10000000E-06 0.10000000E-06 0.10000000E-06 0.10000000E-06 0.10000000E-06 0.10000000E-06 0.10000000E-06 0.10000000E-06 0.10000000E-06 0.10000010E-06 0.10000000E-06 0.10000010E-06 0.10000000E-06 0.10000000E-06 0.10000000E-06 0.10000000E-06 0.10000000E-06 0.10000000E-06 0.10000000E-06 0.10000000E-06 0.10000000E-06 0.10000000E-06 0.10000000E-06 0.10000000E-06 0.10000000E-06 0.10000000E-06 0.10000010E-06 0.10000010E-06 0.99999887E-07 0.10000000E-06 0.99999887E-07 0.10000010E-06 0.99999887E-07 0.10000000E-06 0.10000000E-06 0.10000010E-06 0.10000000E-06 0.10000000E-06 0.10000000E-06 0.10000000E-06 0.10000000E-06 0.10000000E-06 0.10000010E-06 0.99999887E-07 0.10000000E-06 0.10000000E-06 0.10000000E-06 0.10000000E-06 0.10000000E-06 0.10000000E-06 0.10000000E-06 0.10000000E-06 0.10000000E-06 0.10000000E-06
 0.10000000E-06 0.10000000E-06 0.10000000E-06 0.10000000E-06 0.10000000E-06 0.10000000E-06 0.10000000E-06 0.10000000E-06 0.10000000E-06 0.10000000E-06 0.99999887E-07 0.10000000E-06 0.10000000E-06 0.10000000E-06 0.10000000E-06 0.10000000E-06 0.10000000E-06 0.10000000E-06 0.10000000E-06 0.10000000E-06 0.10000000E-06 0.10000000E-06 0.10000010E-06 0.10000000E-06 0.10000000E-06 0.10000000E-06 0.10000000E-06 0.10000000E-06 0.10000000E-06 0.10000000E-06 0.10000000E-06 0.10000010E-06 0.99999887E-07 0.10000010E-06 0.10000000E-06 0.10000000E-06 0.10000000E-06 0.10000000E-06 0.10000000E-06 0.10000000E-06 0.10000000E-06 0.10000000E-06 0.10000000E-06 0.10000000E-06 0.10000000E-06 0.10000000E-06 0.10000000E-06 0.10000000E-06 0.10000000E-06 0.10000000E-06 0.10000000E-06 0.10000000E-06 0.10000000E-06 0.10000010E-06 0.99999887E-07 0.10000010E-06 0.10000000E-06 0.10000000E-06 0.10000000E-06 0.10000000E-06 0.10000000E-06 0.10000000E-06 0.10000000E-06 0.10000000E-06 0.10000010E-06 0.10000000E-06 0.10000000E-06 0.10000000E-06 0.10000000E-06 0.10000000E-06 0.10000000E-06 0.10000000E-06 0.10000000E-06 0.10000000E-06 0.10000000E-06 0.10000000E-06 0.99999887E-07 0.10000000E-06 0.10000000E-06 0.10000000E-06 0.10000000E-06 0.10000000E-06 0.10000000E-06 0.10000000E-06 0.10000000E-06 0.10000000E-06 0.10000000E-06
 0.10000000E-06 0.10000000E-06 0.10000000E-06 0.10000000E-06 0.10000000E-06 0.10000000E-06 0.10000000E-06 0.10000000E-06 0.10000000E-06 0.10000000E-06 0.10000000E-06 0.10000000E-06 0.10000000E-06 0.10000000E-06 0.10000000E-06 0.10000000E-06 0.10000000E-06 0.10000000E-06 0.10000000E-06 0.10000000E-06 0.10000010E-06 0.10000000E-06 0.10000000E-06 0.10000000E-06 0.10000000E-06 0.10000000E-06 0.10000010E-06 0.10000000E-06 0.10000000E-06 0.10000000E-06 0.10000000E-06 0.10000000E-06 0.10000000E-06 0.10000000E-06 0.99999887E-07 0.10000000E-06 0.10000000E-06 0.10000000E-06 0.10000000E-06 0.10000000E-06 0.10000010E-06 0.10000010E-06 0.10000000E-06 0.10000000E-06 0.10000000E-06 0.10000010E-06 0.10000010E-06 0.10000000E-06 0.10000000E-06 0.10000000E-06 0.10000000E-06 0.10000000E-06 0.99999887E-07 0.10000000E-06 0.10000000E-06 0.10000000E-06 0.10000000E-06 0.10000000E-06 0.10000000E-06 0.10000000E-06 0.10000010E-06 0.10000000E-06 0.10000000E-06 0.10000000E-06 0.10000000E-06 0.10000000E-06 0.10000010E-06 0.10000000E-06 0.10000000E-06 0.10000000E-06 0.10000000E-06 0.10000000E-06 0.10000000E-06 0.10000000E-06 0.10000000E-06 0.10000000E-06 0.10000000E-06 0.10000000E-06 0.10000000E-06 0.10000000E-06 0.10000000E-06 0.10000000E-06 0.10000000E-06 0.10000000E-06 0.10000000E-06 0.10000000E-06 0.10000000E-06
 0.10000000E-06 0.10000000E-06 0.10000000E-06 0.10000000E-06 0.10000000E-06 0.10000000E-06 0.10000000E-06 0.10000000E-06 0.10000000E-06 0.10000000E-06 0.99999887E-07 0.10000010E-06 0.10000000E-06 0.10000000E-06 0.10000000E-06 0.10000000E-06 0.10000000E-06 0.10000000E-06 0.10000010E-06 0.10000000E-06 0.10000000E-06 0.99999887E-07 0.10000010E-06 0.99999887E-07 0.10000000E-06 0.99999887E-07 0.10000010E-06 0.10000010E-06 0.10000000E-06 0.10000000E-06 0.10000000E-06 0.10000000E-06 0.10000000E-06 0.10000000E-06 0.10000000E-06 0.10000000E-06 0.10000000E-06 0.10000000E-06 0.10000000E-06 0.10000000E-06 0.10000000E-06 0.10000000E-06 0.10000010E-06 0.10000000E-06 0.10000010E-06 0.10000000E-06 0.10000000E-06 0.10000000E-06 0.10000000E-06 0.10000000E-06 0.10000000E-06 0.10000000E-06 0.10000000E-06 0.10000000E-06 0.10000000E-06 0.10000000E-06 0.10000000E-06 0.10000000E-06 0.10000000E-06 0.10000010E-06 0.10000010E-06 0.99999887E-07 0.10000000E-06 0.99999887E-07 0.10000010E-06 0.99999887E-07 0.10000000E-06 0.10000000E-06 0.10000010E-06 0.10000000E-06 0.10000000E-06 0.10000000E-06 0.10000000E-06 0.10000000E-06 0.10000000E-06 0.10000010E-06 0.99999887E-07 0.10000000E-06 0.10000000E-06 0.10000000E-06 0.10000000E-06 0.10000000E-06 0.10000000E-06 0.10000000E-06 0.10000000E-06 0.10000000E-06 0.10000000E-06
