  1.0690000      1.0690000      1.0690000      1.0690000      1.0690000      1.0690000      1.0690000      1.0690000      1.0690000      1.0690000      1.0690000      1.0690000      1.0690000      1.0690000      1.0690000      1.0690000      1.0690000      1.0690000      1.0690000      1.0690000      1.0690000      1.0690000      1.0690000      1.0690000      1.0690000      1.0690000      1.0690000      1.0690000      1.0690000      1.0690000      1.0690000      1.0690000      1.0690000      1.0690000      1.0690000      1.0690000      1.0690000      1.0690000      1.0690000      1.0690000      1.0690000      1.0690000      1.0690000      1.0690000      1.0690000      1.0690000      1.0690000      1.0690000      1.0690000      1.0690000      1.0690000      1.0690000      1.0690000      1.0690000      1.0690000      1.0690000      1.0690000      1.0690000      1.0690000      1.0690000      1.0690000      1.0690000      1.0690000      1.0690000      1.0690000      1.0690000      1.0690000      1.0690000      1.0690000      1.0690000      1.0690000      1.0690000      1.0690000      1.0690000      1.0690000      1.0690000      1.0690000      1.0690000      1.0690000      1.0690000      1.0690000      1.0690000      1.0690000      1.0690000      1.0690000      1.0690000      1.0690000    
  1.0690000      1.0690000      1.0690000      1.0690000      1.0690000      1.0690000      1.0690000      1.0690000      1.0690000      1.0690000      1.0690000      1.0690000      1.0690000      1.0690000      1.0690000      1.0690000      1.0690000      1.0690000      1.0690000      1.0690000      1.0690000      1.0690000      1.0690000      1.0690000      1.0690000      1.0690000      1.0690000      1.0690000      1.0690000      1.0690000      1.0690000      1.0690000      1.0690000      1.0690000      1.0690000      1.0690000      1.0690000      1.0690000      1.0690000      1.0690000      1.0690000      1.0690000      1.0690000      1.0690000      1.0690000      1.0690000      1.0690000      1.0690000      1.0690000      1.0690000      1.0690000      1.0690000      1.0690000      1.0690000      1.0690000      1.0690000      1.0690000      1.0690000      1.0690000      1.0690000      1.0690000      1.0690000      1.0690000      1.0690000      1.0690000      1.0690000      1.0690000      1.0690000      1.0690000      1.0690000      1.0690000      1.0690000      1.0690000      1.0690000      1.0690000      1.0690000      1.0690000      1.0690000      1.0690000      1.0690000      1.0690000      1.0690000      1.0690000      1.0690000      1.0690000      1.0690000      1.0690000    
  1.0690000      1.0690000      1.0690000      1.0690000      1.0690000      1.0690000      1.0690000      1.0690000      1.0690000      1.0690000      1.0690000      1.0690000      1.0690000      1.0690000      1.0690000      1.0690000      1.0690000      1.0690000      1.0690000      1.0690000      1.0690000      1.0690000      1.0690000      1.0690000      1.0690000      1.0690000      1.0690000      1.0690000      1.0690000      1.0690000      1.0690000      1.0690000      1.0690000      1.0690000      1.0690000      1.0690000      1.0690000      1.0690000      1.0690000      1.0690000      1.0690000      1.0690000      1.0690000      1.0690000      1.0690000      1.0690000      1.0690000      1.0690000      1.0690000      1.0690000      1.0690000      1.0690000      1.0690000      1.0690000      1.0690000      1.0690000      1.0690000      1.0690000      1.0690000      1.0690000      1.0690000      1.0690000      1.0690000      1.0690000      1.0690000      1.0690000      1.0690000      1.0690000      1.0690000      1.0690000      1.0690000      1.0690000      1.0690000      1.0690000      1.0690000      1.0690000      1.0690000      1.0690000      1.0690000      1.0690000      1.0690000      1.0690000      1.0690000      1.0690000      1.0690000      1.0690000      1.0690000    
  1.0690000      1.0690000      1.0690000      1.0690000      1.0690000      1.0690000      1.0690000      1.0690000      1.0690000      1.0690000      1.0690000      1.0690000      1.0690000      1.0690000      1.0690000      1.0690000      1.0690000      1.0690000      1.0690000      1.0690000      1.0690000      1.0690000      1.0690000      1.0690000      1.0690000      1.0690000      1.0690000      1.0690000      1.0690000      1.0690000      1.0690000      1.0690000      1.0690000      1.0690000      1.0690000      1.0690000      1.0690000      1.0690000      1.0690000      1.0690000      1.0690000      1.0690000      1.0690000      1.0690000      1.0690000      1.0690000      1.0690000      1.0690000      1.0690000      1.0690000      1.0690000      1.0690000      1.0690000      1.0690000      1.0690000      1.0690000      1.0690000      1.0690000      1.0690000      1.0690000      1.0690000      1.0690000      1.0690000      1.0690000      1.0690000      1.0690000      1.0690000      1.0690000      1.0690000      1.0690000      1.0690000      1.0690000      1.0690000      1.0690000      1.0690000      1.0690000      1.0690000      1.0690000      1.0690000      1.0690000      1.0690000      1.0690000      1.0690000      1.0690000      1.0690000      1.0690000      1.0690000    
  1.0690000      1.0690000      1.0690000      1.0690000      1.0690000      1.0690000      1.0690000      1.0690000      1.0690000      1.0690000      1.0690000      1.0690000      1.0690000      1.0690000      1.0690000      1.0690000      1.0690000      1.0690000      1.0690000      1.0690000      1.0690000      1.0690000      1.0690000      1.0690000      1.0690000      1.0690000      1.0690000      1.0690000      1.0690000      1.0690000      1.0690000      1.0690000      1.0690000      1.0690000      1.0690000      1.0690000      1.0690000      1.0690000      1.0690000      1.0690000      1.0690000      1.0690000      1.0690000      1.0690000      1.0690000      1.0690000      1.0690000      1.0690000      1.0690000      1.0690000      1.0690000      1.0690000      1.0690000      1.0690000      1.0690000      1.0690000      1.0690000      1.0690000      1.0690000      1.0690000      1.0690000      1.0690000      1.0690000      1.0690000      1.0690000      1.0690000      1.0690000      1.0690000      1.0690000      1.0690000      1.0690000      1.0690000      1.0690000      1.0690000      1.0690000      1.0690000      1.0690000      1.0690000      1.0690000      1.0690000      1.0690000      1.0690000      1.0690000      1.0690000      1.0690000      1.0690000      1.0690000    
  1.0690000      1.0690000      1.0690000      1.0690000      1.0690000      1.0690000      1.0690000      1.0690000      1.0690000      1.0690000      1.0690000      1.0690000      1.0690000      1.0690000      1.0690000      1.0690000      1.0690000      1.0690000      1.0690000      1.0690000      1.0690000      1.0690000      1.0690000      1.0690000      1.0690000      1.0690000      1.0690000      1.0690000      1.0690000      1.0690000      1.0690000      1.0690000      1.0690000      1.0690000      1.0690000      1.0690000      1.0690000      1.0690000      1.0690000      1.0690000      1.0690000      1.0690000      1.0690000      1.0690000      1.0690000      1.0690000      1.0690000      1.0690000      1.0690000      1.0690000      1.0690000      1.0690000      1.0690000      1.0690000      1.0690000      1.0690000      1.0690000      1.0690000      1.0690000      1.0690000      1.0690000      1.0690000      1.0690000      1.0690000      1.0690000      1.0690000      1.0690000      1.0690000      1.0690000      1.0690000      1.0690000      1.0690000      1.0690000      1.0690000      1.0690000      1.0690000      1.0690000      1.0690000      1.0690000      1.0690000      1.0690000      1.0690000      1.0690000      1.0690000      1.0690000      1.0690000      1.0690000    
  1.0690000      1.0690000      1.0690000      1.0690000      1.0690000      1.0690000      1.0690000      1.0690000      1.0690000      1.0690000      1.0690000      1.0690000      1.0690000      1.0690000      1.0690000      1.0690000      1.0690000      1.0690000      1.0690000      1.0690000      1.0690000      1.0690000      1.0690000      1.0690000      1.0690000      1.0690000      1.0690000      1.0690000      1.0690000      1.0690000      1.0690000      1.0690000      1.0690000      1.0690000      1.0690000      1.0690000      1.0690000      1.0690000      1.0690000      1.0690000      1.0690000      1.0690000      1.0690000      1.0690000      1.0690000      1.0690000      1.0690000      1.0690000      1.0690000      1.0690000      1.0690000      1.0690000      1.0690000      1.0690000      1.0690000      1.0690000      1.0690000      1.0690000      1.0690000      1.0690000      1.0690000      1.0690000      1.0690000      1.0690000      1.0690000      1.0690000      1.0690000      1.0690000      1.0690000      1.0690000      1.0690000      1.0690000      1.0690000      1.0690000      1.0690000      1.0690000      1.0690000      1.0690000      1.0690000      1.0690000      1.0690000      1.0690000      1.0690000      1.0690000      1.0690000      1.0690000      1.0690000    
  1.0690000      1.0690000      1.0690000      1.0690000      1.0690000      1.0690000      1.0690000      1.0690000      1.0690000      1.0690000      1.0690000      1.0690000      1.0690000      1.0690000      1.0690000      1.0690000      1.0690000      1.0690000      1.0690000      1.0690000      1.0690000      1.0690000      1.0690000      1.0690000      1.0690000      1.0690000      1.0690000      1.0690000      1.0690000      1.0690000      1.0690000      1.0690000      1.0690000      1.0690000      1.0690000      1.0690000      1.0690000      1.0690000      1.0690000      1.0690000      1.0690000      1.0690000      1.0690000      1.0690000      1.0690000      1.0690000      1.0690000      1.0690000      1.0690000      1.0690000      1.0690000      1.0690000      1.0690000      1.0690000      1.0690000      1.0690000      1.0690000      1.0690000      1.0690000      1.0690000      1.0690000      1.0690000      1.0690000      1.0690000      1.0690000      1.0690000      1.0690000      1.0690000      1.0690000      1.0690000      1.0690000      1.0690000      1.0690000      1.0690000      1.0690000      1.0690000      1.0690000      1.0690000      1.0690000      1.0690000      1.0690000      1.0690000      1.0690000      1.0690000      1.0690000      1.0690000      1.0690000    
  1.0690000      1.0690000      1.0690000      1.0690000      1.0690000      1.0690000      1.0690000      1.0690000      1.0690000      1.0690000      1.0690000      1.0690000      1.0690000      1.0690000      1.0690000      1.0690000      1.0690000      1.0690000      1.0690000      1.0690000      1.0690000      1.0690000      1.0690000      1.0690000      1.0690000      1.0690000      1.0690000      1.0690000      1.0690000      1.0690000      1.0690000      1.0690000      1.0690000      1.0690000      1.0690000      1.0690000      1.0690000      1.0690000      1.0690000      1.0690000      1.0690000      1.0690000      1.0690000      1.0690000      1.0690000      1.0690000      1.0690000      1.0690000      1.0690000      1.0690000      1.0690000      1.0690000      1.0690000      1.0690000      1.0690000      1.0690000      1.0690000      1.0690000      1.0690000      1.0690000      1.0690000      1.0690000      1.0690000      1.0690000      1.0690000      1.0690000      1.0690000      1.0690000      1.0690000      1.0690000      1.0690000      1.0690000      1.0690000      1.0690000      1.0690000      1.0690000      1.0690000      1.0690000      1.0690000      1.0690000      1.0690000      1.0690000      1.0690000      1.0690000      1.0690000      1.0690000      1.0690000    
  1.0690000      1.0690000      1.0690000      1.0690000      1.0690000      1.0690000      1.0690000      1.0690000      1.0690000      1.0690000      1.0690000      1.0690000      1.0690000      1.0690000      1.0690000      1.0690000      1.0690000      1.0690000      1.0690000      1.0690000      1.0690000      1.0690000      1.0690000      1.0690000      1.0690000      1.0690000      1.0690000      1.0690000      1.0690000      1.0690000      1.0690000      1.0690000      1.0690000      1.0690000      1.0690000      1.0690000      1.0690000      1.0690000      1.0690000      1.0690000      1.0690000      1.0690000      1.0690000      1.0690000      1.0690000      1.0690000      1.0690000      1.0690000      1.0690000      1.0690000      1.0690000      1.0690000      1.0690000      1.0690000      1.0690000      1.0690000      1.0690000      1.0690000      1.0690000      1.0690000      1.0690000      1.0690000      1.0690000      1.0690000      1.0690000      1.0690000      1.0690000      1.0690000      1.0690000      1.0690000      1.0690000      1.0690000      1.0690000      1.0690000      1.0690000      1.0690000      1.0690000      1.0690000      1.0690000      1.0690000      1.0690000      1.0690000      1.0690000      1.0690000      1.0690000      1.0690000      1.0690000    
  1.0690000      1.0690000      1.0690000      1.0690000      1.0690000      1.0690000      1.0690000      1.0690000      1.0690000      1.0690000      1.0690000      1.0690000      1.0690000      1.0690000      1.0690000      1.0690000      1.0690000      1.0690000      1.0690000      1.0690000      1.0690000      1.0690000      1.0690000      1.0690000      1.0690000      1.0690000      1.0690000      1.0690000      1.0690000      1.0690000      1.0690000      1.0690000      1.0690000      1.0690000      1.0690000      1.0690000      1.0690000      1.0690000      1.0690000      1.0690000      1.0690000      1.0690000      1.0690000      1.0690000      1.0690000      1.0690000      1.0690000      1.0690000      1.0690000      1.0690000      1.0690000      1.0690000      1.0690000      1.0690000      1.0690000      1.0690000      1.0690000      1.0690000      1.0690000      1.0690000      1.0690000      1.0690000      1.0690000      1.0690000      1.0690000      1.0690000      1.0690000      1.0690000      1.0690000      1.0690000      1.0690000      1.0690000      1.0690000      1.0690000      1.0690000      1.0690000      1.0690000      1.0690000      1.0690000      1.0690000      1.0690000      1.0690000      1.0690000      1.0690000      1.0690000      1.0690000      1.0690000    
  1.0690000      1.0690000      1.0690000      1.0690000      1.0690000      1.0690000      1.0690000      1.0690000      1.0690000      1.0690000      1.0690000      1.0690000      1.0690000      1.0690000      1.0690000      1.0690000      1.0690000      1.0690000      1.0690000      1.0690000      1.0690000      1.0690000      1.0690000      1.0690000      1.0690000      1.0690000      1.0690000      1.0690000      1.0690000      1.0690000      1.0690000      1.0690000      1.0690000      1.0690000      1.0690000      1.0690000      1.0690000      1.0690000      1.0690000      1.0690000      1.0690000      1.0690000      1.0690000      1.0690000      1.0690000      1.0690000      1.0690000      1.0690000      1.0690000      1.0690000      1.0690000      1.0690000      1.0690000      1.0690000      1.0690000      1.0690000      1.0690000      1.0690000      1.0690000      1.0690000      1.0690000      1.0690000      1.0690000      1.0690000      1.0690000      1.0690000      1.0690000      1.0690000      1.0690000      1.0690000      1.0690000      1.0690000      1.0690000      1.0690000      1.0690000      1.0690000      1.0690000      1.0690000      1.0690000      1.0690000      1.0690000      1.0690000      1.0690000      1.0690000      1.0690000      1.0690000      1.0690000    
  1.0690000      1.0690000      1.0690000      1.0690000      1.0690000      1.0690000      1.0690000      1.0690000      1.0690000      1.0690000      1.0690000      1.0690000      1.0690000      1.0690000      1.0690000      1.0690000      1.0690000      1.0690000      1.0690000      1.0690000      1.0690000      1.0690000      1.0690000      1.0690000      1.0690000      1.0690000      1.0690000      1.0690000      1.0690000      1.0690000      1.0690000      1.0690000      1.0690000      1.0690000      1.0690000      1.0690000      1.0690000      1.0690000      1.0690000      1.0690000      1.0690000      1.0690000      1.0690000      1.0690000      1.0690000      1.0690000      1.0690000      1.0690000      1.0690000      1.0690000      1.0690000      1.0690000      1.0690000      1.0690000      1.0690000      1.0690000      1.0690000      1.0690000      1.0690000      1.0690000      1.0690000      1.0690000      1.0690000      1.0690000      1.0690000      1.0690000      1.0690000      1.0690000      1.0690000      1.0690000      1.0690000      1.0690000      1.0690000      1.0690000      1.0690000      1.0690000      1.0690000      1.0690000      1.0690000      1.0690000      1.0690000      1.0690000      1.0690000      1.0690000      1.0690000      1.0690000      1.0690000    
  1.0690000      1.0690000      1.0690000      1.0690000      1.0690000      1.0690000      1.0690000      1.0690000      1.0690000      1.0690000      1.0690000      1.0690000      1.0690000      1.0690000      1.0690000      1.0690000      1.0690000      1.0690000      1.0690000      1.0690000      1.0690000      1.0690000      1.0690000      1.0690000      1.0690000      1.0690000      1.0690000      1.0690000      1.0690000      1.0690000      1.0690000      1.0690000      1.0690000      1.0690000      1.0690000      1.0690000      1.0690000      1.0690000      1.0690000      1.0690000      1.0690000      1.0690000      1.0690000      1.0690000      1.0690000      1.0690000      1.0690000      1.0690000      1.0690000      1.0690000      1.0690000      1.0690000      1.0690000      1.0690000      1.0690000      1.0690000      1.0690000      1.0690000      1.0690000      1.0690000      1.0690000      1.0690000      1.0690000      1.0690000      1.0690000      1.0690000      1.0690000      1.0690000      1.0690000      1.0690000      1.0690000      1.0690000      1.0690000      1.0690000      1.0690000      1.0690000      1.0690000      1.0690000      1.0690000      1.0690000      1.0690000      1.0690000      1.0690000      1.0690000      1.0690000      1.0690000      1.0690000    
  1.0690000      1.0690000      1.0690000      1.0690000      1.0690000      1.0690000      1.0690000      1.0690000      1.0690000      1.0690000      1.0690000      1.0690000      1.0690000      1.0690000      1.0690000      1.0690000      1.0690000      1.0690000      1.0690000      1.0690000      1.0690000      1.0690000      1.0690000      1.0690000      1.0690000      1.0690000      1.0690000      1.0690000      1.0690000      1.0690000      1.0690000      1.0690000      1.0690000      1.0690000      1.0690000      1.0690000      1.0690000      1.0690000      1.0690000      1.0690000      1.0690000      1.0690000      1.0690000      1.0690000      1.0690000      1.0690000      1.0690000      1.0690000      1.0690000      1.0690000      1.0690000      1.0690000      1.0690000      1.0690000      1.0690000      1.0690000      1.0690000      1.0690000      1.0690000      1.0690000      1.0690000      1.0690000      1.0690000      1.0690000      1.0690000      1.0690000      1.0690000      1.0690000      1.0690000      1.0690000      1.0690000      1.0690000      1.0690000      1.0690000      1.0690000      1.0690000      1.0690000      1.0690000      1.0690000      1.0690000      1.0690000      1.0690000      1.0690000      1.0690000      1.0690000      1.0690000      1.0690000    
  1.0690000      1.0690000      1.0690000      1.0690000      1.0690000      1.0690000      1.0690000      1.0690000      1.0690000      1.0690000      1.0690000      1.0690000      1.0690000      1.0690000      1.0690000      1.0690000      1.0690000      1.0690000      1.0690000      1.0690000      1.0690000      1.0690000      1.0690000      1.0690000      1.0690000      1.0690000      1.0690000      1.0690000      1.0690000      1.0690000      1.0690000      1.0690000      1.0690000      1.0690000      1.0690000      1.0690000      1.0690000      1.0690000      1.0690000      1.0690000      1.0690000      1.0690000      1.0690000      1.0690000      1.0690000      1.0690000      1.0690000      1.0690000      1.0690000      1.0690000      1.0690000      1.0690000      1.0690000      1.0690000      1.0690000      1.0690000      1.0690000      1.0690000      1.0690000      1.0690000      1.0690000      1.0690000      1.0690000      1.0690000      1.0690000      1.0690000      1.0690000      1.0690000      1.0690000      1.0690000      1.0690000      1.0690000      1.0690000      1.0690000      1.0690000      1.0690000      1.0690000      1.0690000      1.0690000      1.0690000      1.0690000      1.0690000      1.0690000      1.0690000      1.0690000      1.0690000      1.0690000    
  1.0690000      1.0690000      1.0690000      1.0690000      1.0690000      1.0690000      1.0690000      1.0690000      1.0690000      1.0690000      1.0690000      1.0690000      1.0690000      1.0690000      1.0690000      1.0690000      1.0690000      1.0690000      1.0690000      1.0690000      1.0690000      1.0690000      1.0690000      1.0690000      1.0690000      1.0690000      1.0690000      1.0690000      1.0690000      1.0690000      1.0690000      1.0690000      1.0690000      1.0690000      1.0690000      1.0690000      1.0690000      1.0690000      1.0690000      1.0690000      1.0690000      1.0690000      1.0690000      1.0690000      1.0690000      1.0690000      1.0690000      1.0690000      1.0690000      1.0690000      1.0690000      1.0690000      1.0690000      1.0690000      1.0690000      1.0690000      1.0690000      1.0690000      1.0690000      1.0690000      1.0690000      1.0690000      1.0690000      1.0690000      1.0690000      1.0690000      1.0690000      1.0690000      1.0690000      1.0690000      1.0690000      1.0690000      1.0690000      1.0690000      1.0690000      1.0690000      1.0690000      1.0690000      1.0690000      1.0690000      1.0690000      1.0690000      1.0690000      1.0690000      1.0690000      1.0690000      1.0690000    
  1.0690000      1.0690000      1.0690000      1.0690000      1.0690000      1.0690000      1.0690000      1.0690000      1.0690000      1.0690000      1.0690000      1.0690000      1.0690000      1.0690000      1.0690000      1.0690000      1.0690000      1.0690000      1.0690000      1.0690000      1.0690000      1.0690000      1.0690000      1.0690000      1.0690000      1.0690000      1.0690000      1.0690000      1.0690000      1.0690000      1.0690000      1.0690000      1.0690000      1.0690000      1.0690000      1.0690000      1.0690000      1.0690000      1.0690000      1.0690000      1.0690000      1.0690000      1.0690000      1.0690000      1.0690000      1.0690000      1.0690000      1.0690000      1.0690000      1.0690000      1.0690000      1.0690000      1.0690000      1.0690000      1.0690000      1.0690000      1.0690000      1.0690000      1.0690000      1.0690000      1.0690000      1.0690000      1.0690000      1.0690000      1.0690000      1.0690000      1.0690000      1.0690000      1.0690000      1.0690000      1.0690000      1.0690000      1.0690000      1.0690000      1.0690000      1.0690000      1.0690000      1.0690000      1.0690000      1.0690000      1.0690000      1.0690000      1.0690000      1.0690000      1.0690000      1.0690000      1.0690000    
  1.0690000      1.0690000      1.0690000      1.0690000      1.0690000      1.0690000      1.0690000      1.0690000      1.0690000      1.0690000      1.0690000      1.0690000      1.0690000      1.0690000      1.0690000      1.0690000      1.0690000      1.0690000      1.0690000      1.0690000      1.0690000      1.0690000      1.0690000      1.0690000      1.0690000      1.0690000      1.0690000      1.0690000      1.0690000      1.0690000      1.0690000      1.0690000      1.0690000      1.0690000      1.0690000      1.0690000      1.0690000      1.0690000      1.0690000      1.0690000      1.0690000      1.0690000      1.0690000      1.0690000      1.0690000      1.0690000      1.0690000      1.0690000      1.0690000      1.0690000      1.0690000      1.0690000      1.0690000      1.0690000      1.0690000      1.0690000      1.0690000      1.0690000      1.0690000      1.0690000      1.0690000      1.0690000      1.0690000      1.0690000      1.0690000      1.0690000      1.0690000      1.0690000      1.0690000      1.0690000      1.0690000      1.0690000      1.0690000      1.0690000      1.0690000      1.0690000      1.0690000      1.0690000      1.0690000      1.0690000      1.0690000      1.0690000      1.0690000      1.0690000      1.0690000      1.0690000      1.0690000    
  1.0690000      1.0690000      1.0690000      1.0690000      1.0690000      1.0690000      1.0690000      1.0690000      1.0690000      1.0690000      1.0690000      1.0690000      1.0690000      1.0690000      1.0690000      1.0690000      1.0690000      1.0690000      1.0690000      1.0690000      1.0690000      1.0690000      1.0690000      1.0690000      1.0690000      1.0690000      1.0690000      1.0690000      1.0690000      1.0690000      1.0690000      1.0690000      1.0690000      1.0690000      1.0690000      1.0690000      1.0690000      1.0690000      1.0690000      1.0690000      1.0690000      1.0690000      1.0690000      1.0690000      1.0690000      1.0690000      1.0690000      1.0690000      1.0690000      1.0690000      1.0690000      1.0690000      1.0690000      1.0690000      1.0690000      1.0690000      1.0690000      1.0690000      1.0690000      1.0690000      1.0690000      1.0690000      1.0690000      1.0690000      1.0690000      1.0690000      1.0690000      1.0690000      1.0690000      1.0690000      1.0690000      1.0690000      1.0690000      1.0690000      1.0690000      1.0690000      1.0690000      1.0690000      1.0690000      1.0690000      1.0690000      1.0690000      1.0690000      1.0690000      1.0690000      1.0690000      1.0690000    
  1.0690000      1.0690000      1.0690000      1.0690000      1.0690000      1.0690000      1.0690000      1.0690000      1.0690000      1.0690000      1.0690000      1.0690000      1.0690000      1.0690000      1.0690000      1.0690000      1.0690000      1.0690000      1.0690000      1.0690000      1.0690000      1.0690000      1.0690000      1.0690000      1.0690000      1.0690000      1.0690000      1.0690000      1.0690000      1.0690000      1.0690000      1.0690000      1.0690000      1.0690000      1.0690000      1.0690000      1.0690000      1.0690000      1.0690000      1.0690000      1.0690000      1.0690000      1.0690000      1.0690000      1.0690000      1.0690000      1.0690000      1.0690000      1.0690000      1.0690000      1.0690000      1.0690000      1.0690000      1.0690000      1.0690000      1.0690000      1.0690000      1.0690000      1.0690000      1.0690000      1.0690000      1.0690000      1.0690000      1.0690000      1.0690000      1.0690000      1.0690000      1.0690000      1.0690000      1.0690000      1.0690000      1.0690000      1.0690000      1.0690000      1.0690000      1.0690000      1.0690000      1.0690000      1.0690000      1.0690000      1.0690000      1.0690000      1.0690000      1.0690000      1.0690000      1.0690000      1.0690000    
  1.0690000      1.0690000      1.0690000      1.0690000      1.0690000      1.0690000      1.0690000      1.0690000      1.0690000      1.0690000      1.0690000      1.0690000      1.0690000      1.0690000      1.0690000      1.0690000      1.0690000      1.0690000      1.0690000      1.0690000      1.0690000      1.0690000      1.0690000      1.0690000      1.0690000      1.0690000      1.0690000      1.0690000      1.0690000      1.0690000      1.0690000      1.0690000      1.0690000      1.0690000      1.0690000      1.0690000      1.0690000      1.0690000      1.0690000      1.0690000      1.0690000      1.0690000      1.0690000      1.0690000      1.0690000      1.0690000      1.0690000      1.0690000      1.0690000      1.0690000      1.0690000      1.0690000      1.0690000      1.0690000      1.0690000      1.0690000      1.0690000      1.0690000      1.0690000      1.0690000      1.0690000      1.0690000      1.0690000      1.0690000      1.0690000      1.0690000      1.0690000      1.0690000      1.0690000      1.0690000      1.0690000      1.0690000      1.0690000      1.0690000      1.0690000      1.0690000      1.0690000      1.0690000      1.0690000      1.0690000      1.0690000      1.0690000      1.0690000      1.0690000      1.0690000      1.0690000      1.0690000    
  1.0690000      1.0690000      1.0690000      1.0690000      1.0690000      1.0690000      1.0690000      1.0690000      1.0690000      1.0690000      1.0690000      1.0690000      1.0690000      1.0690000      1.0690000      1.0690000      1.0690000      1.0690000      1.0690000      1.0690000      1.0690000      1.0690000      1.0690000      1.0690000      1.0690000      1.0690000      1.0690000      1.0690000      1.0690000      1.0690000      1.0690000      1.0690000      1.0690000      1.0690000      1.0690000      1.0690000      1.0690000      1.0690000      1.0690000      1.0690000      1.0690000      1.0690000      1.0690000      1.0690000      1.0690000      1.0690000      1.0690000      1.0690000      1.0690000      1.0690000      1.0690000      1.0690000      1.0690000      1.0690000      1.0690000      1.0690000      1.0690000      1.0690000      1.0690000      1.0690000      1.0690000      1.0690000      1.0690000      1.0690000      1.0690000      1.0690000      1.0690000      1.0690000      1.0690000      1.0690000      1.0690000      1.0690000      1.0690000      1.0690000      1.0690000      1.0690000      1.0690000      1.0690000      1.0690000      1.0690000      1.0690000      1.0690000      1.0690000      1.0690000      1.0690000      1.0690000      1.0690000    
  1.0690000      1.0690000      1.0690000      1.0690000      1.0690000      1.0690000      1.0690000      1.0690000      1.0690000      1.0690000      1.0690000      1.0690000      1.0690000      1.0690000      1.0690000      1.0690000      1.0690000      1.0690000      1.0690000      1.0690000      1.0690000      1.0690000      1.0690000      1.0690000      1.0690000      1.0690000      1.0690000      1.0690000      1.0690000      1.0690000      1.0690000      1.0690000      1.0690000      1.0690000      1.0690000      1.0690000      1.0690000      1.0690000      1.0690000      1.0690000      1.0690000      1.0690000      1.0690000      1.0690000      1.0690000      1.0690000      1.0690000      1.0690000      1.0690000      1.0690000      1.0690000      1.0690000      1.0690000      1.0690000      1.0690000      1.0690000      1.0690000      1.0690000      1.0690000      1.0690000      1.0690000      1.0690000      1.0690000      1.0690000      1.0690000      1.0690000      1.0690000      1.0690000      1.0690000      1.0690000      1.0690000      1.0690000      1.0690000      1.0690000      1.0690000      1.0690000      1.0690000      1.0690000      1.0690000      1.0690000      1.0690000      1.0690000      1.0690000      1.0690000      1.0690000      1.0690000      1.0690000    
  1.0690000      1.0690000      1.0690000      1.0690000      1.0690000      1.0690000      1.0690000      1.0690000      1.0690000      1.0690000      1.0690000      1.0690000      1.0690000      1.0690000      1.0690000      1.0690000      1.0690000      1.0690000      1.0690000      1.0690000      1.0690000      1.0690000      1.0690000      1.0690000      1.0690000      1.0690000      1.0690000      1.0690000      1.0690000      1.0690000      1.0690000      1.0690000      1.0690000      1.0690000      1.0690000      1.0690000      1.0690000      1.0690000      1.0690000      1.0690000      1.0690000      1.0690000      1.0690000      1.0690000      1.0690000      1.0690000      1.0690000      1.0690000      1.0690000      1.0690000      1.0690000      1.0690000      1.0690000      1.0690000      1.0690000      1.0690000      1.0690000      1.0690000      1.0690000      1.0690000      1.0690000      1.0690000      1.0690000      1.0690000      1.0690000      1.0690000      1.0690000      1.0690000      1.0690000      1.0690000      1.0690000      1.0690000      1.0690000      1.0690000      1.0690000      1.0690000      1.0690000      1.0690000      1.0690000      1.0690000      1.0690000      1.0690000      1.0690000      1.0690000      1.0690000      1.0690000      1.0690000    
  1.0690000      1.0690000      1.0690000      1.0690000      1.0690000      1.0690000      1.0690000      1.0690000      1.0690000      1.0690000      1.0690000      1.0690000      1.0690000      1.0690000      1.0690000      1.0690000      1.0690000      1.0690000      1.0690000      1.0690000      1.0690000      1.0690000      1.0690000      1.0690000      1.0690000      1.0690000      1.0690000      1.0690000      1.0690000      1.0690000      1.0690000      1.0690000      1.0690000      1.0690000      1.0690000      1.0690000      1.0690000      1.0690000      1.0690000      1.0690000      1.0690000      1.0690000      1.0690000      1.0690000      1.0690000      1.0690000      1.0690000      1.0690000      1.0690000      1.0690000      1.0690000      1.0690000      1.0690000      1.0690000      1.0690000      1.0690000      1.0690000      1.0690000      1.0690000      1.0690000      1.0690000      1.0690000      1.0690000      1.0690000      1.0690000      1.0690000      1.0690000      1.0690000      1.0690000      1.0690000      1.0690000      1.0690000      1.0690000      1.0690000      1.0690000      1.0690000      1.0690000      1.0690000      1.0690000      1.0690000      1.0690000      1.0690000      1.0690000      1.0690000      1.0690000      1.0690000      1.0690000    
  1.0690000      1.0690000      1.0690000      1.0690000      1.0690000      1.0690000      1.0690000      1.0690000      1.0690000      1.0690000      1.0690000      1.0690000      1.0690000      1.0690000      1.0690000      1.0690000      1.0690000      1.0690000      1.0690000      1.0690000      1.0690000      1.0690000      1.0690000      1.0690000      1.0690000      1.0690000      1.0690000      1.0690000      1.0690000      1.0690000      1.0690000      1.0690000      1.0690000      1.0690000      1.0690000      1.0690000      1.0690000      1.0690000      1.0690000      1.0690000      1.0690000      1.0690000      1.0690000      1.0690000      1.0690000      1.0690000      1.0690000      1.0690000      1.0690000      1.0690000      1.0690000      1.0690000      1.0690000      1.0690000      1.0690000      1.0690000      1.0690000      1.0690000      1.0690000      1.0690000      1.0690000      1.0690000      1.0690000      1.0690000      1.0690000      1.0690000      1.0690000      1.0690000      1.0690000      1.0690000      1.0690000      1.0690000      1.0690000      1.0690000      1.0690000      1.0690000      1.0690000      1.0690000      1.0690000      1.0690000      1.0690000      1.0690000      1.0690000      1.0690000      1.0690000      1.0690000      1.0690000    
  1.0690000      1.0690000      1.0690000      1.0690000      1.0690000      1.0690000      1.0690000      1.0690000      1.0690000      1.0690000      1.0690000      1.0690000      1.0690000      1.0690000      1.0690000      1.0690000      1.0690000      1.0690000      1.0690000      1.0690000      1.0690000      1.0690000      1.0690000      1.0690000      1.0690000      1.0690000      1.0690000      1.0690000      1.0690000      1.0690000      1.0690000      1.0690000      1.0690000      1.0690000      1.0690000      1.0690000      1.0690000      1.0690000      1.0690000      1.0690000      1.0690000      1.0690000      1.0690000      1.0690000      1.0690000      1.0690000      1.0690000      1.0690000      1.0690000      1.0690000      1.0690000      1.0690000      1.0690000      1.0690000      1.0690000      1.0690000      1.0690000      1.0690000      1.0690000      1.0690000      1.0690000      1.0690000      1.0690000      1.0690000      1.0690000      1.0690000      1.0690000      1.0690000      1.0690000      1.0690000      1.0690000      1.0690000      1.0690000      1.0690000      1.0690000      1.0690000      1.0690000      1.0690000      1.0690000      1.0690000      1.0690000      1.0690000      1.0690000      1.0690000      1.0690000      1.0690000      1.0690000    
  1.0690000      1.0690000      1.0690000      1.0690000      1.0690000      1.0690000      1.0690000      1.0690000      1.0690000      1.0690000      1.0690000      1.0690000      1.0690000      1.0690000      1.0690000      1.0690000      1.0690000      1.0690000      1.0690000      1.0690000      1.0690000      1.0690000      1.0690000      1.0690000      1.0690000      1.0690000      1.0690000      1.0690000      1.0690000      1.0690000      1.0690000      1.0690000      1.0690000      1.0690000      1.0690000      1.0690000      1.0690000      1.0690000      1.0690000      1.0690000      1.0690000      1.0690000      1.0690000      1.0690000      1.0690000      1.0690000      1.0690000      1.0690000      1.0690000      1.0690000      1.0690000      1.0690000      1.0690000      1.0690000      1.0690000      1.0690000      1.0690000      1.0690000      1.0690000      1.0690000      1.0690000      1.0690000      1.0690000      1.0690000      1.0690000      1.0690000      1.0690000      1.0690000      1.0690000      1.0690000      1.0690000      1.0690000      1.0690000      1.0690000      1.0690000      1.0690000      1.0690000      1.0690000      1.0690000      1.0690000      1.0690000      1.0690000      1.0690000      1.0690000      1.0690000      1.0690000      1.0690000    
  1.0690000      1.0690000      1.0690000      1.0690000      1.0690000      1.0690000      1.0690000      1.0690000      1.0690000      1.0690000      1.0690000      1.0690000      1.0690000      1.0690000      1.0690000      1.0690000      1.0690000      1.0690000      1.0690000      1.0690000      1.0690000      1.0690000      1.0690000      1.0690000      1.0690000      1.0690000      1.0690000      1.0690000      1.0690000      1.0690000      1.0690000      1.0690000      1.0690000      1.0690000      1.0690000      1.0690000      1.0690000      1.0690000      1.0690000      1.0690000      1.0690000      1.0690000      1.0690000      1.0690000      1.0690000      1.0690000      1.0690000      1.0690000      1.0690000      1.0690000      1.0690000      1.0690000      1.0690000      1.0690000      1.0690000      1.0690000      1.0690000      1.0690000      1.0690000      1.0690000      1.0690000      1.0690000      1.0690000      1.0690000      1.0690000      1.0690000      1.0690000      1.0690000      1.0690000      1.0690000      1.0690000      1.0690000      1.0690000      1.0690000      1.0690000      1.0690000      1.0690000      1.0690000      1.0690000      1.0690000      1.0690000      1.0690000      1.0690000      1.0690000      1.0690000      1.0690000      1.0690000    
  1.0690000      1.0690000      1.0690000      1.0690000      1.0690000      1.0690000      1.0690000      1.0690000      1.0690000      1.0690000      1.0690000      1.0690000      1.0690000      1.0690000      1.0690000      1.0690000      1.0690000      1.0690000      1.0690000      1.0690000      1.0690000      1.0690000      1.0690000      1.0690000      1.0690000      1.0690000      1.0690000      1.0690000      1.0690000      1.0690000      1.0690000      1.0690000      1.0690000      1.0690000      1.0690000      1.0690000      1.0690000      1.0690000      1.0690000      1.0690000      1.0690000      1.0690000      1.0690000      1.0690000      1.0690000      1.0690000      1.0690000      1.0690000      1.0690000      1.0690000      1.0690000      1.0690000      1.0690000      1.0690000      1.0690000      1.0690000      1.0690000      1.0690000      1.0690000      1.0690000      1.0690000      1.0690000      1.0690000      1.0690000      1.0690000      1.0690000      1.0690000      1.0690000      1.0690000      1.0690000      1.0690000      1.0690000      1.0690000      1.0690000      1.0690000      1.0690000      1.0690000      1.0690000      1.0690000      1.0690000      1.0690000      1.0690000      1.0690000      1.0690000      1.0690000      1.0690000      1.0690000    
  1.0690000      1.0690000      1.0690000      1.0690000      1.0690000      1.0690000      1.0690000      1.0690000      1.0690000      1.0690000      1.0690000      1.0690000      1.0690000      1.0690000      1.0690000      1.0690000      1.0690000      1.0690000      1.0690000      1.0690000      1.0690000      1.0690000      1.0690000      1.0690000      1.0690000      1.0690000      1.0690000      1.0690000      1.0690000      1.0690000      1.0690000      1.0690000      1.0690000      1.0690000      1.0690000      1.0690000      1.0690000      1.0690000      1.0690000      1.0690000      1.0690000      1.0690000      1.0690000      1.0690000      1.0690000      1.0690000      1.0690000      1.0690000      1.0690000      1.0690000      1.0690000      1.0690000      1.0690000      1.0690000      1.0690000      1.0690000      1.0690000      1.0690000      1.0690000      1.0690000      1.0690000      1.0690000      1.0690000      1.0690000      1.0690000      1.0690000      1.0690000      1.0690000      1.0690000      1.0690000      1.0690000      1.0690000      1.0690000      1.0690000      1.0690000      1.0690000      1.0690000      1.0690000      1.0690000      1.0690000      1.0690000      1.0690000      1.0690000      1.0690000      1.0690000      1.0690000      1.0690000    
  1.0690000      1.0690000      1.0690000      1.0690000      1.0690000      1.0690000      1.0690000      1.0690000      1.0690000      1.0690000      1.0690000      1.0690000      1.0690000      1.0690000      1.0690000      1.0690000      1.0690000      1.0690000      1.0690000      1.0690000      1.0690000      1.0690000      1.0690000      1.0690000      1.0690000      1.0690000      1.0690000      1.0690000      1.0690000      1.0690000      1.0690000      1.0690000      1.0690000      1.0690000      1.0690000      1.0690000      1.0690000      1.0690000      1.0690000      1.0690000      1.0690000      1.0690000      1.0690000      1.0690000      1.0690000      1.0690000      1.0690000      1.0690000      1.0690000      1.0690000      1.0690000      1.0690000      1.0690000      1.0690000      1.0690000      1.0690000      1.0690000      1.0690000      1.0690000      1.0690000      1.0690000      1.0690000      1.0690000      1.0690000      1.0690000      1.0690000      1.0690000      1.0690000      1.0690000      1.0690000      1.0690000      1.0690000      1.0690000      1.0690000      1.0690000      1.0690000      1.0690000      1.0690000      1.0690000      1.0690000      1.0690000      1.0690000      1.0690000      1.0690000      1.0690000      1.0690000      1.0690000    
  1.0690000      1.0690000      1.0690000      1.0690000      1.0690000      1.0690000      1.0690000      1.0690000      1.0690000      1.0690000      1.0690000      1.0690000      1.0690000      1.0690000      1.0690000      1.0690000      1.0690000      1.0690000      1.0690000      1.0690000      1.0690000      1.0690000      1.0690000      1.0690000      1.0690000      1.0690000      1.0690000      1.0690000      1.0690000      1.0690000      1.0690000      1.0690000      1.0690000      1.0690000      1.0690000      1.0690000      1.0690000      1.0690000      1.0690000      1.0690000      1.0690000      1.0690000      1.0690000      1.0690000      1.0690000      1.0690000      1.0690000      1.0690000      1.0690000      1.0690000      1.0690000      1.0690000      1.0690000      1.0690000      1.0690000      1.0690000      1.0690000      1.0690000      1.0690000      1.0690000      1.0690000      1.0690000      1.0690000      1.0690000      1.0690000      1.0690000      1.0690000      1.0690000      1.0690000      1.0690000      1.0690000      1.0690000      1.0690000      1.0690000      1.0690000      1.0690000      1.0690000      1.0690000      1.0690000      1.0690000      1.0690000      1.0690000      1.0690000      1.0690000      1.0690000      1.0690000      1.0690000    
  1.0690000      1.0690000      1.0690000      1.0690000      1.0690000      1.0690000      1.0690000      1.0690000      1.0690000      1.0690000      1.0690000      1.0690000      1.0690000      1.0690000      1.0690000      1.0690000      1.0690000      1.0690000      1.0690000      1.0690000      1.0690000      1.0690000      1.0690000      1.0690000      1.0690000      1.0690000      1.0690000      1.0690000      1.0690000      1.0690000      1.0690000      1.0690000      1.0690000      1.0690000      1.0690000      1.0690000      1.0690000      1.0690000      1.0690000      1.0690000      1.0690000      1.0690000      1.0690000      1.0690000      1.0690000      1.0690000      1.0690000      1.0690000      1.0690000      1.0690000      1.0690000      1.0690000      1.0690000      1.0690000      1.0690000      1.0690000      1.0690000      1.0690000      1.0690000      1.0690000      1.0690000      1.0690000      1.0690000      1.0690000      1.0690000      1.0690000      1.0690000      1.0690000      1.0690000      1.0690000      1.0690000      1.0690000      1.0690000      1.0690000      1.0690000      1.0690000      1.0690000      1.0690000      1.0690000      1.0690000      1.0690000      1.0690000      1.0690000      1.0690000      1.0690000      1.0690000      1.0690000    
  1.0690000      1.0690000      1.0690000      1.0690000      1.0690000      1.0690000      1.0690000      1.0690000      1.0690000      1.0690000      1.0690000      1.0690000      1.0690000      1.0690000      1.0690000      1.0690000      1.0690000      1.0690000      1.0690000      1.0690000      1.0690000      1.0690000      1.0690000      1.0690000      1.0690000      1.0690000      1.0690000      1.0690000      1.0690000      1.0690000      1.0690000      1.0690000      1.0690000      1.0690000      1.0690000      1.0690000      1.0690000      1.0690000      1.0690000      1.0690000      1.0690000      1.0690000      1.0690000      1.0690000      1.0690000      1.0690000      1.0690000      1.0690000      1.0690000      1.0690000      1.0690000      1.0690000      1.0690000      1.0690000      1.0690000      1.0690000      1.0690000      1.0690000      1.0690000      1.0690000      1.0690000      1.0690000      1.0690000      1.0690000      1.0690000      1.0690000      1.0690000      1.0690000      1.0690000      1.0690000      1.0690000      1.0690000      1.0690000      1.0690000      1.0690000      1.0690000      1.0690000      1.0690000      1.0690000      1.0690000      1.0690000      1.0690000      1.0690000      1.0690000      1.0690000      1.0690000      1.0690000    
  1.0690000      1.0690000      1.0690000      1.0690000      1.0690000      1.0690000      1.0690000      1.0690000      1.0690000      1.0690000      1.0690000      1.0690000      1.0690000      1.0690000      1.0690000      1.0690000      1.0690000      1.0690000      1.0690000      1.0690000      1.0690000      1.0690000      1.0690000      1.0690000      1.0690000      1.0690000      1.0690000      1.0690000      1.0690000      1.0690000      1.0690000      1.0690000      1.0690000      1.0690000      1.0690000      1.0690000      1.0690000      1.0690000      1.0690000      1.0690000      1.0690000      1.0690000      1.0690000      1.0690000      1.0690000      1.0690000      1.0690000      1.0690000      1.0690000      1.0690000      1.0690000      1.0690000      1.0690000      1.0690000      1.0690000      1.0690000      1.0690000      1.0690000      1.0690000      1.0690000      1.0690000      1.0690000      1.0690000      1.0690000      1.0690000      1.0690000      1.0690000      1.0690000      1.0690000      1.0690000      1.0690000      1.0690000      1.0690000      1.0690000      1.0690000      1.0690000      1.0690000      1.0690000      1.0690000      1.0690000      1.0690000      1.0690000      1.0690000      1.0690000      1.0690000      1.0690000      1.0690000    
  1.0690000      1.0690000      1.0690000      1.0690000      1.0690000      1.0690000      1.0690000      1.0690000      1.0690000      1.0690000      1.0690000      1.0690000      1.0690000      1.0690000      1.0690000      1.0690000      1.0690000      1.0690000      1.0690000      1.0690000      1.0690000      1.0690000      1.0690000      1.0690000      1.0690000      1.0690000      1.0690000      1.0690000      1.0690000      1.0690000      1.0690000      1.0690000      1.0690000      1.0690000      1.0690000      1.0690000      1.0690000      1.0690000      1.0690000      1.0690000      1.0690000      1.0690000      1.0690000      1.0690000      1.0690000      1.0690000      1.0690000      1.0690000      1.0690000      1.0690000      1.0690000      1.0690000      1.0690000      1.0690000      1.0690000      1.0690000      1.0690000      1.0690000      1.0690000      1.0690000      1.0690000      1.0690000      1.0690000      1.0690000      1.0690000      1.0690000      1.0690000      1.0690000      1.0690000      1.0690000      1.0690000      1.0690000      1.0690000      1.0690000      1.0690000      1.0690000      1.0690000      1.0690000      1.0690000      1.0690000      1.0690000      1.0690000      1.0690000      1.0690000      1.0690000      1.0690000      1.0690000    
  1.0690000      1.0690000      1.0690000      1.0690000      1.0690000      1.0690000      1.0690000      1.0690000      1.0690000      1.0690000      1.0690000      1.0690000      1.0690000      1.0690000      1.0690000      1.0690000      1.0690000      1.0690000      1.0690000      1.0690000      1.0690000      1.0690000      1.0690000      1.0690000      1.0690000      1.0690000      1.0690000      1.0690000      1.0690000      1.0690000      1.0690000      1.0690000      1.0690000      1.0690000      1.0690000      1.0690000      1.0690000      1.0690000      1.0690000      1.0690000      1.0690000      1.0690000      1.0690000      1.0690000      1.0690000      1.0690000      1.0690000      1.0690000      1.0690000      1.0690000      1.0690000      1.0690000      1.0690000      1.0690000      1.0690000      1.0690000      1.0690000      1.0690000      1.0690000      1.0690000      1.0690000      1.0690000      1.0690000      1.0690000      1.0690000      1.0690000      1.0690000      1.0690000      1.0690000      1.0690000      1.0690000      1.0690000      1.0690000      1.0690000      1.0690000      1.0690000      1.0690000      1.0690000      1.0690000      1.0690000      1.0690000      1.0690000      1.0690000      1.0690000      1.0690000      1.0690000      1.0690000    
  1.0690000      1.0690000      1.0690000      1.0690000      1.0690000      1.0690000      1.0690000      1.0690000      1.0690000      1.0690000      1.0690000      1.0690000      1.0690000      1.0690000      1.0690000      1.0690000      1.0690000      1.0690000      1.0690000      1.0690000      1.0690000      1.0690000      1.0690000      1.0690000      1.0690000      1.0690000      1.0690000      1.0690000      1.0690000      1.0690000      1.0690000      1.0690000      1.0690000      1.0690000      1.0690000      1.0690000      1.0690000      1.0690000      1.0690000      1.0690000      1.0690000      1.0690000      1.0690000      1.0690000      1.0690000      1.0690000      1.0690000      1.0690000      1.0690000      1.0690000      1.0690000      1.0690000      1.0690000      1.0690000      1.0690000      1.0690000      1.0690000      1.0690000      1.0690000      1.0690000      1.0690000      1.0690000      1.0690000      1.0690000      1.0690000      1.0690000      1.0690000      1.0690000      1.0690000      1.0690000      1.0690000      1.0690000      1.0690000      1.0690000      1.0690000      1.0690000      1.0690000      1.0690000      1.0690000      1.0690000      1.0690000      1.0690000      1.0690000      1.0690000      1.0690000      1.0690000      1.0690000    
  1.0690000      1.0690000      1.0690000      1.0690000      1.0690000      1.0690000      1.0690000      1.0690000      1.0690000      1.0690000      1.0690000      1.0690000      1.0690000      1.0690000      1.0690000      1.0690000      1.0690000      1.0690000      1.0690000      1.0690000      1.0690000      1.0690000      1.0690000      1.0690000      1.0690000      1.0690000      1.0690000      1.0690000      1.0690000      1.0690000      1.0690000      1.0690000      1.0690000      1.0690000      1.0690000      1.0690000      1.0690000      1.0690000      1.0690000      1.0690000      1.0690000      1.0690000      1.0690000      1.0690000      1.0690000      1.0690000      1.0690000      1.0690000      1.0690000      1.0690000      1.0690000      1.0690000      1.0690000      1.0690000      1.0690000      1.0690000      1.0690000      1.0690000      1.0690000      1.0690000      1.0690000      1.0690000      1.0690000      1.0690000      1.0690000      1.0690000      1.0690000      1.0690000      1.0690000      1.0690000      1.0690000      1.0690000      1.0690000      1.0690000      1.0690000      1.0690000      1.0690000      1.0690000      1.0690000      1.0690000      1.0690000      1.0690000      1.0690000      1.0690000      1.0690000      1.0690000      1.0690000    
  1.0690000      1.0690000      1.0690000      1.0690000      1.0690000      1.0690000      1.0690000      1.0690000      1.0690000      1.0690000      1.0690000      1.0690000      1.0690000      1.0690000      1.0690000      1.0690000      1.0690000      1.0690000      1.0690000      1.0690000      1.0690000      1.0690000      1.0690000      1.0690000      1.0690000      1.0690000      1.0690000      1.0690000      1.0690000      1.0690000      1.0690000      1.0690000      1.0690000      1.0690000      1.0690000      1.0690000      1.0690000      1.0690000      1.0690000      1.0690000      1.0690000      1.0690000      1.0690000      1.0690000      1.0690000      1.0690000      1.0690000      1.0690000      1.0690000      1.0690000      1.0690000      1.0690000      1.0690000      1.0690000      1.0690000      1.0690000      1.0690000      1.0690000      1.0690000      1.0690000      1.0690000      1.0690000      1.0690000      1.0690000      1.0690000      1.0690000      1.0690000      1.0690000      1.0690000      1.0690000      1.0690000      1.0690000      1.0690000      1.0690000      1.0690000      1.0690000      1.0690000      1.0690000      1.0690000      1.0690000      1.0690000      1.0690000      1.0690000      1.0690000      1.0690000      1.0690000      1.0690000    
  1.0690000      1.0690000      1.0690000      1.0690000      1.0690000      1.0690000      1.0690000      1.0690000      1.0690000      1.0690000      1.0690000      1.0690000      1.0690000      1.0690000      1.0690000      1.0690000      1.0690000      1.0690000      1.0690000      1.0690000      1.0690000      1.0690000      1.0690000      1.0690000      1.0690000      1.0690000      1.0690000      1.0690000      1.0690000      1.0690000      1.0690000      1.0690000      1.0690000      1.0690000      1.0690000      1.0690000      1.0690000      1.0690000      1.0690000      1.0690000      1.0690000      1.0690000      1.0690000      1.0690000      1.0690000      1.0690000      1.0690000      1.0690000      1.0690000      1.0690000      1.0690000      1.0690000      1.0690000      1.0690000      1.0690000      1.0690000      1.0690000      1.0690000      1.0690000      1.0690000      1.0690000      1.0690000      1.0690000      1.0690000      1.0690000      1.0690000      1.0690000      1.0690000      1.0690000      1.0690000      1.0690000      1.0690000      1.0690000      1.0690000      1.0690000      1.0690000      1.0690000      1.0690000      1.0690000      1.0690000      1.0690000      1.0690000      1.0690000      1.0690000      1.0690000      1.0690000      1.0690000    
  1.0690000      1.0690000      1.0690000      1.0690000      1.0690000      1.0690000      1.0690000      1.0690000      1.0690000      1.0690000      1.0690000      1.0690000      1.0690000      1.0690000      1.0690000      1.0690000      1.0690000      1.0690000      1.0690000      1.0690000      1.0690000      1.0690000      1.0690000      1.0690000      1.0690000      1.0690000      1.0690000      1.0690000      1.0690000      1.0690000      1.0690000      1.0690000      1.0690000      1.0690000      1.0690000      1.0690000      1.0690000      1.0690000      1.0690000      1.0690000      1.0690000      1.0690000      1.0690000     0.10000000E-05  1.0690000      1.0690000      1.0690000      1.0690000      1.0690000      1.0690000      1.0690000      1.0690000      1.0690000      1.0690000      1.0690000      1.0690000      1.0690000      1.0690000      1.0690000      1.0690000      1.0690000      1.0690000      1.0690000      1.0690000      1.0690000      1.0690000      1.0690000      1.0690000      1.0690000      1.0690000      1.0690000      1.0690000      1.0690000      1.0690000      1.0690000      1.0690000      1.0690000      1.0690000      1.0690000      1.0690000      1.0690000      1.0690000      1.0690000      1.0690000      1.0690000      1.0690000      1.0690000    
  1.0690000      1.0690000      1.0690000      1.0690000      1.0690000      1.0690000      1.0690000      1.0690000      1.0690000      1.0690000      1.0690000      1.0690000      1.0690000      1.0690000      1.0690000      1.0690000      1.0690000      1.0690000      1.0690000      1.0690000      1.0690000      1.0690000      1.0690000      1.0690000      1.0690000      1.0690000      1.0690000      1.0690000      1.0690000      1.0690000      1.0690000      1.0690000      1.0690000      1.0690000      1.0690000      1.0690000      1.0690000      1.0690000      1.0690000      1.0690000      1.0690000      1.0690000      1.0690000      1.0690000      1.0690000      1.0690000      1.0690000      1.0690000      1.0690000      1.0690000      1.0690000      1.0690000      1.0690000      1.0690000      1.0690000      1.0690000      1.0690000      1.0690000      1.0690000      1.0690000      1.0690000      1.0690000      1.0690000      1.0690000      1.0690000      1.0690000      1.0690000      1.0690000      1.0690000      1.0690000      1.0690000      1.0690000      1.0690000      1.0690000      1.0690000      1.0690000      1.0690000      1.0690000      1.0690000      1.0690000      1.0690000      1.0690000      1.0690000      1.0690000      1.0690000      1.0690000      1.0690000    
  1.0690000      1.0690000      1.0690000      1.0690000      1.0690000      1.0690000      1.0690000      1.0690000      1.0690000      1.0690000      1.0690000      1.0690000      1.0690000      1.0690000      1.0690000      1.0690000      1.0690000      1.0690000      1.0690000      1.0690000      1.0690000      1.0690000      1.0690000      1.0690000      1.0690000      1.0690000      1.0690000      1.0690000      1.0690000      1.0690000      1.0690000      1.0690000      1.0690000      1.0690000      1.0690000      1.0690000      1.0690000      1.0690000      1.0690000      1.0690000      1.0690000      1.0690000      1.0690000      1.0690000      1.0690000      1.0690000      1.0690000      1.0690000      1.0690000      1.0690000      1.0690000      1.0690000      1.0690000      1.0690000      1.0690000      1.0690000      1.0690000      1.0690000      1.0690000      1.0690000      1.0690000      1.0690000      1.0690000      1.0690000      1.0690000      1.0690000      1.0690000      1.0690000      1.0690000      1.0690000      1.0690000      1.0690000      1.0690000      1.0690000      1.0690000      1.0690000      1.0690000      1.0690000      1.0690000      1.0690000      1.0690000      1.0690000      1.0690000      1.0690000      1.0690000      1.0690000      1.0690000    
  1.0690000      1.0690000      1.0690000      1.0690000      1.0690000      1.0690000      1.0690000      1.0690000      1.0690000      1.0690000      1.0690000      1.0690000      1.0690000      1.0690000      1.0690000      1.0690000      1.0690000      1.0690000      1.0690000      1.0690000      1.0690000      1.0690000      1.0690000      1.0690000      1.0690000      1.0690000      1.0690000      1.0690000      1.0690000      1.0690000      1.0690000      1.0690000      1.0690000      1.0690000      1.0690000      1.0690000      1.0690000      1.0690000      1.0690000      1.0690000      1.0690000      1.0690000      1.0690000      1.0690000      1.0690000      1.0690000      1.0690000      1.0690000      1.0690000      1.0690000      1.0690000      1.0690000      1.0690000      1.0690000      1.0690000      1.0690000      1.0690000      1.0690000      1.0690000      1.0690000      1.0690000      1.0690000      1.0690000      1.0690000      1.0690000      1.0690000      1.0690000      1.0690000      1.0690000      1.0690000      1.0690000      1.0690000      1.0690000      1.0690000      1.0690000      1.0690000      1.0690000      1.0690000      1.0690000      1.0690000      1.0690000      1.0690000      1.0690000      1.0690000      1.0690000      1.0690000      1.0690000    
  1.0690000      1.0690000      1.0690000      1.0690000      1.0690000      1.0690000      1.0690000      1.0690000      1.0690000      1.0690000      1.0690000      1.0690000      1.0690000      1.0690000      1.0690000      1.0690000      1.0690000      1.0690000      1.0690000      1.0690000      1.0690000      1.0690000      1.0690000      1.0690000      1.0690000      1.0690000      1.0690000      1.0690000      1.0690000      1.0690000      1.0690000      1.0690000      1.0690000      1.0690000      1.0690000      1.0690000      1.0690000      1.0690000      1.0690000      1.0690000      1.0690000      1.0690000      1.0690000      1.0690000      1.0690000      1.0690000      1.0690000      1.0690000      1.0690000      1.0690000      1.0690000      1.0690000      1.0690000      1.0690000      1.0690000      1.0690000      1.0690000      1.0690000      1.0690000      1.0690000      1.0690000      1.0690000      1.0690000      1.0690000      1.0690000      1.0690000      1.0690000      1.0690000      1.0690000      1.0690000      1.0690000      1.0690000      1.0690000      1.0690000      1.0690000      1.0690000      1.0690000      1.0690000      1.0690000      1.0690000      1.0690000      1.0690000      1.0690000      1.0690000      1.0690000      1.0690000      1.0690000    
  1.0690000      1.0690000      1.0690000      1.0690000      1.0690000      1.0690000      1.0690000      1.0690000      1.0690000      1.0690000      1.0690000      1.0690000      1.0690000      1.0690000      1.0690000      1.0690000      1.0690000      1.0690000      1.0690000      1.0690000      1.0690000      1.0690000      1.0690000      1.0690000      1.0690000      1.0690000      1.0690000      1.0690000      1.0690000      1.0690000      1.0690000      1.0690000      1.0690000      1.0690000      1.0690000      1.0690000      1.0690000      1.0690000      1.0690000      1.0690000      1.0690000      1.0690000      1.0690000      1.0690000      1.0690000      1.0690000      1.0690000      1.0690000      1.0690000      1.0690000      1.0690000      1.0690000      1.0690000      1.0690000      1.0690000      1.0690000      1.0690000      1.0690000      1.0690000      1.0690000      1.0690000      1.0690000      1.0690000      1.0690000      1.0690000      1.0690000      1.0690000      1.0690000      1.0690000      1.0690000      1.0690000      1.0690000      1.0690000      1.0690000      1.0690000      1.0690000      1.0690000      1.0690000      1.0690000      1.0690000      1.0690000      1.0690000      1.0690000      1.0690000      1.0690000      1.0690000      1.0690000    
  1.0690000      1.0690000      1.0690000      1.0690000      1.0690000      1.0690000      1.0690000      1.0690000      1.0690000      1.0690000      1.0690000      1.0690000      1.0690000      1.0690000      1.0690000      1.0690000      1.0690000      1.0690000      1.0690000      1.0690000      1.0690000      1.0690000      1.0690000      1.0690000      1.0690000      1.0690000      1.0690000      1.0690000      1.0690000      1.0690000      1.0690000      1.0690000      1.0690000      1.0690000      1.0690000      1.0690000      1.0690000      1.0690000      1.0690000      1.0690000      1.0690000      1.0690000      1.0690000      1.0690000      1.0690000      1.0690000      1.0690000      1.0690000      1.0690000      1.0690000      1.0690000      1.0690000      1.0690000      1.0690000      1.0690000      1.0690000      1.0690000      1.0690000      1.0690000      1.0690000      1.0690000      1.0690000      1.0690000      1.0690000      1.0690000      1.0690000      1.0690000      1.0690000      1.0690000      1.0690000      1.0690000      1.0690000      1.0690000      1.0690000      1.0690000      1.0690000      1.0690000      1.0690000      1.0690000      1.0690000      1.0690000      1.0690000      1.0690000      1.0690000      1.0690000      1.0690000      1.0690000    
  1.0690000      1.0690000      1.0690000      1.0690000      1.0690000      1.0690000      1.0690000      1.0690000      1.0690000      1.0690000      1.0690000      1.0690000      1.0690000      1.0690000      1.0690000      1.0690000      1.0690000      1.0690000      1.0690000      1.0690000      1.0690000      1.0690000      1.0690000      1.0690000      1.0690000      1.0690000      1.0690000      1.0690000      1.0690000      1.0690000      1.0690000      1.0690000      1.0690000      1.0690000      1.0690000      1.0690000      1.0690000      1.0690000      1.0690000      1.0690000      1.0690000      1.0690000      1.0690000      1.0690000      1.0690000      1.0690000      1.0690000      1.0690000      1.0690000      1.0690000      1.0690000      1.0690000      1.0690000      1.0690000      1.0690000      1.0690000      1.0690000      1.0690000      1.0690000      1.0690000      1.0690000      1.0690000      1.0690000      1.0690000      1.0690000      1.0690000      1.0690000      1.0690000      1.0690000      1.0690000      1.0690000      1.0690000      1.0690000      1.0690000      1.0690000      1.0690000      1.0690000      1.0690000      1.0690000      1.0690000      1.0690000      1.0690000      1.0690000      1.0690000      1.0690000      1.0690000      1.0690000    
  1.0690000      1.0690000      1.0690000      1.0690000      1.0690000      1.0690000      1.0690000      1.0690000      1.0690000      1.0690000      1.0690000      1.0690000      1.0690000      1.0690000      1.0690000      1.0690000      1.0690000      1.0690000      1.0690000      1.0690000      1.0690000      1.0690000      1.0690000      1.0690000      1.0690000      1.0690000      1.0690000      1.0690000      1.0690000      1.0690000      1.0690000      1.0690000      1.0690000      1.0690000      1.0690000      1.0690000      1.0690000      1.0690000      1.0690000      1.0690000      1.0690000      1.0690000      1.0690000      1.0690000      1.0690000      1.0690000      1.0690000      1.0690000      1.0690000      1.0690000      1.0690000      1.0690000      1.0690000      1.0690000      1.0690000      1.0690000      1.0690000      1.0690000      1.0690000      1.0690000      1.0690000      1.0690000      1.0690000      1.0690000      1.0690000      1.0690000      1.0690000      1.0690000      1.0690000      1.0690000      1.0690000      1.0690000      1.0690000      1.0690000      1.0690000      1.0690000      1.0690000      1.0690000      1.0690000      1.0690000      1.0690000      1.0690000      1.0690000      1.0690000      1.0690000      1.0690000      1.0690000    
  1.0690000      1.0690000      1.0690000      1.0690000      1.0690000      1.0690000      1.0690000      1.0690000      1.0690000      1.0690000      1.0690000      1.0690000      1.0690000      1.0690000      1.0690000      1.0690000      1.0690000      1.0690000      1.0690000      1.0690000      1.0690000      1.0690000      1.0690000      1.0690000      1.0690000      1.0690000      1.0690000      1.0690000      1.0690000      1.0690000      1.0690000      1.0690000      1.0690000      1.0690000      1.0690000      1.0690000      1.0690000      1.0690000      1.0690000      1.0690000      1.0690000      1.0690000      1.0690000      1.0690000      1.0690000      1.0690000      1.0690000      1.0690000      1.0690000      1.0690000      1.0690000      1.0690000      1.0690000      1.0690000      1.0690000      1.0690000      1.0690000      1.0690000      1.0690000      1.0690000      1.0690000      1.0690000      1.0690000      1.0690000      1.0690000      1.0690000      1.0690000      1.0690000      1.0690000      1.0690000      1.0690000      1.0690000      1.0690000      1.0690000      1.0690000      1.0690000      1.0690000      1.0690000      1.0690000      1.0690000      1.0690000      1.0690000      1.0690000      1.0690000      1.0690000      1.0690000      1.0690000    
  1.0690000      1.0690000      1.0690000      1.0690000      1.0690000      1.0690000      1.0690000      1.0690000      1.0690000      1.0690000      1.0690000      1.0690000      1.0690000      1.0690000      1.0690000      1.0690000      1.0690000      1.0690000      1.0690000      1.0690000      1.0690000      1.0690000      1.0690000      1.0690000      1.0690000      1.0690000      1.0690000      1.0690000      1.0690000      1.0690000      1.0690000      1.0690000      1.0690000      1.0690000      1.0690000      1.0690000      1.0690000      1.0690000      1.0690000      1.0690000      1.0690000      1.0690000      1.0690000      1.0690000      1.0690000      1.0690000      1.0690000      1.0690000      1.0690000      1.0690000      1.0690000      1.0690000      1.0690000      1.0690000      1.0690000      1.0690000      1.0690000      1.0690000      1.0690000      1.0690000      1.0690000      1.0690000      1.0690000      1.0690000      1.0690000      1.0690000      1.0690000      1.0690000      1.0690000      1.0690000      1.0690000      1.0690000      1.0690000      1.0690000      1.0690000      1.0690000      1.0690000      1.0690000      1.0690000      1.0690000      1.0690000      1.0690000      1.0690000      1.0690000      1.0690000      1.0690000      1.0690000    
  1.0690000      1.0690000      1.0690000      1.0690000      1.0690000      1.0690000      1.0690000      1.0690000      1.0690000      1.0690000      1.0690000      1.0690000      1.0690000      1.0690000      1.0690000      1.0690000      1.0690000      1.0690000      1.0690000      1.0690000      1.0690000      1.0690000      1.0690000      1.0690000      1.0690000      1.0690000      1.0690000      1.0690000      1.0690000      1.0690000      1.0690000      1.0690000      1.0690000      1.0690000      1.0690000      1.0690000      1.0690000      1.0690000      1.0690000      1.0690000      1.0690000      1.0690000      1.0690000      1.0690000      1.0690000      1.0690000      1.0690000      1.0690000      1.0690000      1.0690000      1.0690000      1.0690000      1.0690000      1.0690000      1.0690000      1.0690000      1.0690000      1.0690000      1.0690000      1.0690000      1.0690000      1.0690000      1.0690000      1.0690000      1.0690000      1.0690000      1.0690000      1.0690000      1.0690000      1.0690000      1.0690000      1.0690000      1.0690000      1.0690000      1.0690000      1.0690000      1.0690000      1.0690000      1.0690000      1.0690000      1.0690000      1.0690000      1.0690000      1.0690000      1.0690000      1.0690000      1.0690000    
  1.0690000      1.0690000      1.0690000      1.0690000      1.0690000      1.0690000      1.0690000      1.0690000      1.0690000      1.0690000      1.0690000      1.0690000      1.0690000      1.0690000      1.0690000      1.0690000      1.0690000      1.0690000      1.0690000      1.0690000      1.0690000      1.0690000      1.0690000      1.0690000      1.0690000      1.0690000      1.0690000      1.0690000      1.0690000      1.0690000      1.0690000      1.0690000      1.0690000      1.0690000      1.0690000      1.0690000      1.0690000      1.0690000      1.0690000      1.0690000      1.0690000      1.0690000      1.0690000      1.0690000      1.0690000      1.0690000      1.0690000      1.0690000      1.0690000      1.0690000      1.0690000      1.0690000      1.0690000      1.0690000      1.0690000      1.0690000      1.0690000      1.0690000      1.0690000      1.0690000      1.0690000      1.0690000      1.0690000      1.0690000      1.0690000      1.0690000      1.0690000      1.0690000      1.0690000      1.0690000      1.0690000      1.0690000      1.0690000      1.0690000      1.0690000      1.0690000      1.0690000      1.0690000      1.0690000      1.0690000      1.0690000      1.0690000      1.0690000      1.0690000      1.0690000      1.0690000      1.0690000    
  1.0690000      1.0690000      1.0690000      1.0690000      1.0690000      1.0690000      1.0690000      1.0690000      1.0690000      1.0690000      1.0690000      1.0690000      1.0690000      1.0690000      1.0690000      1.0690000      1.0690000      1.0690000      1.0690000      1.0690000      1.0690000      1.0690000      1.0690000      1.0690000      1.0690000      1.0690000      1.0690000      1.0690000      1.0690000      1.0690000      1.0690000      1.0690000      1.0690000      1.0690000      1.0690000      1.0690000      1.0690000      1.0690000      1.0690000      1.0690000      1.0690000      1.0690000      1.0690000      1.0690000      1.0690000      1.0690000      1.0690000      1.0690000      1.0690000      1.0690000      1.0690000      1.0690000      1.0690000      1.0690000      1.0690000      1.0690000      1.0690000      1.0690000      1.0690000      1.0690000      1.0690000      1.0690000      1.0690000      1.0690000      1.0690000      1.0690000      1.0690000      1.0690000      1.0690000      1.0690000      1.0690000      1.0690000      1.0690000      1.0690000      1.0690000      1.0690000      1.0690000      1.0690000      1.0690000      1.0690000      1.0690000      1.0690000      1.0690000      1.0690000      1.0690000      1.0690000      1.0690000    
  1.0690000      1.0690000      1.0690000      1.0690000      1.0690000      1.0690000      1.0690000      1.0690000      1.0690000      1.0690000      1.0690000      1.0690000      1.0690000      1.0690000      1.0690000      1.0690000      1.0690000      1.0690000      1.0690000      1.0690000      1.0690000      1.0690000      1.0690000      1.0690000      1.0690000      1.0690000      1.0690000      1.0690000      1.0690000      1.0690000      1.0690000      1.0690000      1.0690000      1.0690000      1.0690000      1.0690000      1.0690000      1.0690000      1.0690000      1.0690000      1.0690000      1.0690000      1.0690000      1.0690000      1.0690000      1.0690000      1.0690000      1.0690000      1.0690000      1.0690000      1.0690000      1.0690000      1.0690000      1.0690000      1.0690000      1.0690000      1.0690000      1.0690000      1.0690000      1.0690000      1.0690000      1.0690000      1.0690000      1.0690000      1.0690000      1.0690000      1.0690000      1.0690000      1.0690000      1.0690000      1.0690000      1.0690000      1.0690000      1.0690000      1.0690000      1.0690000      1.0690000      1.0690000      1.0690000      1.0690000      1.0690000      1.0690000      1.0690000      1.0690000      1.0690000      1.0690000      1.0690000    
  1.0690000      1.0690000      1.0690000      1.0690000      1.0690000      1.0690000      1.0690000      1.0690000      1.0690000      1.0690000      1.0690000      1.0690000      1.0690000      1.0690000      1.0690000      1.0690000      1.0690000      1.0690000      1.0690000      1.0690000      1.0690000      1.0690000      1.0690000      1.0690000      1.0690000      1.0690000      1.0690000      1.0690000      1.0690000      1.0690000      1.0690000      1.0690000      1.0690000      1.0690000      1.0690000      1.0690000      1.0690000      1.0690000      1.0690000      1.0690000      1.0690000      1.0690000      1.0690000      1.0690000      1.0690000      1.0690000      1.0690000      1.0690000      1.0690000      1.0690000      1.0690000      1.0690000      1.0690000      1.0690000      1.0690000      1.0690000      1.0690000      1.0690000      1.0690000      1.0690000      1.0690000      1.0690000      1.0690000      1.0690000      1.0690000      1.0690000      1.0690000      1.0690000      1.0690000      1.0690000      1.0690000      1.0690000      1.0690000      1.0690000      1.0690000      1.0690000      1.0690000      1.0690000      1.0690000      1.0690000      1.0690000      1.0690000      1.0690000      1.0690000      1.0690000      1.0690000      1.0690000    
  1.0690000      1.0690000      1.0690000      1.0690000      1.0690000      1.0690000      1.0690000      1.0690000      1.0690000      1.0690000      1.0690000      1.0690000      1.0690000      1.0690000      1.0690000      1.0690000      1.0690000      1.0690000      1.0690000      1.0690000      1.0690000      1.0690000      1.0690000      1.0690000      1.0690000      1.0690000      1.0690000      1.0690000      1.0690000      1.0690000      1.0690000      1.0690000      1.0690000      1.0690000      1.0690000      1.0690000      1.0690000      1.0690000      1.0690000      1.0690000      1.0690000      1.0690000      1.0690000      1.0690000      1.0690000      1.0690000      1.0690000      1.0690000      1.0690000      1.0690000      1.0690000      1.0690000      1.0690000      1.0690000      1.0690000      1.0690000      1.0690000      1.0690000      1.0690000      1.0690000      1.0690000      1.0690000      1.0690000      1.0690000      1.0690000      1.0690000      1.0690000      1.0690000      1.0690000      1.0690000      1.0690000      1.0690000      1.0690000      1.0690000      1.0690000      1.0690000      1.0690000      1.0690000      1.0690000      1.0690000      1.0690000      1.0690000      1.0690000      1.0690000      1.0690000      1.0690000      1.0690000    
  1.0690000      1.0690000      1.0690000      1.0690000      1.0690000      1.0690000      1.0690000      1.0690000      1.0690000      1.0690000      1.0690000      1.0690000      1.0690000      1.0690000      1.0690000      1.0690000      1.0690000      1.0690000      1.0690000      1.0690000      1.0690000      1.0690000      1.0690000      1.0690000      1.0690000      1.0690000      1.0690000      1.0690000      1.0690000      1.0690000      1.0690000      1.0690000      1.0690000      1.0690000      1.0690000      1.0690000      1.0690000      1.0690000      1.0690000      1.0690000      1.0690000      1.0690000      1.0690000      1.0690000      1.0690000      1.0690000      1.0690000      1.0690000      1.0690000      1.0690000      1.0690000      1.0690000      1.0690000      1.0690000      1.0690000      1.0690000      1.0690000      1.0690000      1.0690000      1.0690000      1.0690000      1.0690000      1.0690000      1.0690000      1.0690000      1.0690000      1.0690000      1.0690000      1.0690000      1.0690000      1.0690000      1.0690000      1.0690000      1.0690000      1.0690000      1.0690000      1.0690000      1.0690000      1.0690000      1.0690000      1.0690000      1.0690000      1.0690000      1.0690000      1.0690000      1.0690000      1.0690000    
  1.0690000      1.0690000      1.0690000      1.0690000      1.0690000      1.0690000      1.0690000      1.0690000      1.0690000      1.0690000      1.0690000      1.0690000      1.0690000      1.0690000      1.0690000      1.0690000      1.0690000      1.0690000      1.0690000      1.0690000      1.0690000      1.0690000      1.0690000      1.0690000      1.0690000      1.0690000      1.0690000      1.0690000      1.0690000      1.0690000      1.0690000      1.0690000      1.0690000      1.0690000      1.0690000      1.0690000      1.0690000      1.0690000      1.0690000      1.0690000      1.0690000      1.0690000      1.0690000      1.0690000      1.0690000      1.0690000      1.0690000      1.0690000      1.0690000      1.0690000      1.0690000      1.0690000      1.0690000      1.0690000      1.0690000      1.0690000      1.0690000      1.0690000      1.0690000      1.0690000      1.0690000      1.0690000      1.0690000      1.0690000      1.0690000      1.0690000      1.0690000      1.0690000      1.0690000      1.0690000      1.0690000      1.0690000      1.0690000      1.0690000      1.0690000      1.0690000      1.0690000      1.0690000      1.0690000      1.0690000      1.0690000      1.0690000      1.0690000      1.0690000      1.0690000      1.0690000      1.0690000    
  1.0690000      1.0690000      1.0690000      1.0690000      1.0690000      1.0690000      1.0690000      1.0690000      1.0690000      1.0690000      1.0690000      1.0690000      1.0690000      1.0690000      1.0690000      1.0690000      1.0690000      1.0690000      1.0690000      1.0690000      1.0690000      1.0690000      1.0690000      1.0690000      1.0690000      1.0690000      1.0690000      1.0690000      1.0690000      1.0690000      1.0690000      1.0690000      1.0690000      1.0690000      1.0690000      1.0690000      1.0690000      1.0690000      1.0690000      1.0690000      1.0690000      1.0690000      1.0690000      1.0690000      1.0690000      1.0690000      1.0690000      1.0690000      1.0690000      1.0690000      1.0690000      1.0690000      1.0690000      1.0690000      1.0690000      1.0690000      1.0690000      1.0690000      1.0690000      1.0690000      1.0690000      1.0690000      1.0690000      1.0690000      1.0690000      1.0690000      1.0690000      1.0690000      1.0690000      1.0690000      1.0690000      1.0690000      1.0690000      1.0690000      1.0690000      1.0690000      1.0690000      1.0690000      1.0690000      1.0690000      1.0690000      1.0690000      1.0690000      1.0690000      1.0690000      1.0690000      1.0690000    
  1.0690000      1.0690000      1.0690000      1.0690000      1.0690000      1.0690000      1.0690000      1.0690000      1.0690000      1.0690000      1.0690000      1.0690000      1.0690000      1.0690000      1.0690000      1.0690000      1.0690000      1.0690000      1.0690000      1.0690000      1.0690000      1.0690000      1.0690000      1.0690000      1.0690000      1.0690000      1.0690000      1.0690000      1.0690000      1.0690000      1.0690000      1.0690000      1.0690000      1.0690000      1.0690000      1.0690000      1.0690000      1.0690000      1.0690000      1.0690000      1.0690000      1.0690000      1.0690000      1.0690000      1.0690000      1.0690000      1.0690000      1.0690000      1.0690000      1.0690000      1.0690000      1.0690000      1.0690000      1.0690000      1.0690000      1.0690000      1.0690000      1.0690000      1.0690000      1.0690000      1.0690000      1.0690000      1.0690000      1.0690000      1.0690000      1.0690000      1.0690000      1.0690000      1.0690000      1.0690000      1.0690000      1.0690000      1.0690000      1.0690000      1.0690000      1.0690000      1.0690000      1.0690000      1.0690000      1.0690000      1.0690000      1.0690000      1.0690000      1.0690000      1.0690000      1.0690000      1.0690000    
  1.0690000      1.0690000      1.0690000      1.0690000      1.0690000      1.0690000      1.0690000      1.0690000      1.0690000      1.0690000      1.0690000      1.0690000      1.0690000      1.0690000      1.0690000      1.0690000      1.0690000      1.0690000      1.0690000      1.0690000      1.0690000      1.0690000      1.0690000      1.0690000      1.0690000      1.0690000      1.0690000      1.0690000      1.0690000      1.0690000      1.0690000      1.0690000      1.0690000      1.0690000      1.0690000      1.0690000      1.0690000      1.0690000      1.0690000      1.0690000      1.0690000      1.0690000      1.0690000      1.0690000      1.0690000      1.0690000      1.0690000      1.0690000      1.0690000      1.0690000      1.0690000      1.0690000      1.0690000      1.0690000      1.0690000      1.0690000      1.0690000      1.0690000      1.0690000      1.0690000      1.0690000      1.0690000      1.0690000      1.0690000      1.0690000      1.0690000      1.0690000      1.0690000      1.0690000      1.0690000      1.0690000      1.0690000      1.0690000      1.0690000      1.0690000      1.0690000      1.0690000      1.0690000      1.0690000      1.0690000      1.0690000      1.0690000      1.0690000      1.0690000      1.0690000      1.0690000      1.0690000    
  1.0690000      1.0690000      1.0690000      1.0690000      1.0690000      1.0690000      1.0690000      1.0690000      1.0690000      1.0690000      1.0690000      1.0690000      1.0690000      1.0690000      1.0690000      1.0690000      1.0690000      1.0690000      1.0690000      1.0690000      1.0690000      1.0690000      1.0690000      1.0690000      1.0690000      1.0690000      1.0690000      1.0690000      1.0690000      1.0690000      1.0690000      1.0690000      1.0690000      1.0690000      1.0690000      1.0690000      1.0690000      1.0690000      1.0690000      1.0690000      1.0690000      1.0690000      1.0690000      1.0690000      1.0690000      1.0690000      1.0690000      1.0690000      1.0690000      1.0690000      1.0690000      1.0690000      1.0690000      1.0690000      1.0690000      1.0690000      1.0690000      1.0690000      1.0690000      1.0690000      1.0690000      1.0690000      1.0690000      1.0690000      1.0690000      1.0690000      1.0690000      1.0690000      1.0690000      1.0690000      1.0690000      1.0690000      1.0690000      1.0690000      1.0690000      1.0690000      1.0690000      1.0690000      1.0690000      1.0690000      1.0690000      1.0690000      1.0690000      1.0690000      1.0690000      1.0690000      1.0690000    
  1.0690000      1.0690000      1.0690000      1.0690000      1.0690000      1.0690000      1.0690000      1.0690000      1.0690000      1.0690000      1.0690000      1.0690000      1.0690000      1.0690000      1.0690000      1.0690000      1.0690000      1.0690000      1.0690000      1.0690000      1.0690000      1.0690000      1.0690000      1.0690000      1.0690000      1.0690000      1.0690000      1.0690000      1.0690000      1.0690000      1.0690000      1.0690000      1.0690000      1.0690000      1.0690000      1.0690000      1.0690000      1.0690000      1.0690000      1.0690000      1.0690000      1.0690000      1.0690000      1.0690000      1.0690000      1.0690000      1.0690000      1.0690000      1.0690000      1.0690000      1.0690000      1.0690000      1.0690000      1.0690000      1.0690000      1.0690000      1.0690000      1.0690000      1.0690000      1.0690000      1.0690000      1.0690000      1.0690000      1.0690000      1.0690000      1.0690000      1.0690000      1.0690000      1.0690000      1.0690000      1.0690000      1.0690000      1.0690000      1.0690000      1.0690000      1.0690000      1.0690000      1.0690000      1.0690000      1.0690000      1.0690000      1.0690000      1.0690000      1.0690000      1.0690000      1.0690000      1.0690000    
  1.0690000      1.0690000      1.0690000      1.0690000      1.0690000      1.0690000      1.0690000      1.0690000      1.0690000      1.0690000      1.0690000      1.0690000      1.0690000      1.0690000      1.0690000      1.0690000      1.0690000      1.0690000      1.0690000      1.0690000      1.0690000      1.0690000      1.0690000      1.0690000      1.0690000      1.0690000      1.0690000      1.0690000      1.0690000      1.0690000      1.0690000      1.0690000      1.0690000      1.0690000      1.0690000      1.0690000      1.0690000      1.0690000      1.0690000      1.0690000      1.0690000      1.0690000      1.0690000      1.0690000      1.0690000      1.0690000      1.0690000      1.0690000      1.0690000      1.0690000      1.0690000      1.0690000      1.0690000      1.0690000      1.0690000      1.0690000      1.0690000      1.0690000      1.0690000      1.0690000      1.0690000      1.0690000      1.0690000      1.0690000      1.0690000      1.0690000      1.0690000      1.0690000      1.0690000      1.0690000      1.0690000      1.0690000      1.0690000      1.0690000      1.0690000      1.0690000      1.0690000      1.0690000      1.0690000      1.0690000      1.0690000      1.0690000      1.0690000      1.0690000      1.0690000      1.0690000      1.0690000    
  1.0690000      1.0690000      1.0690000      1.0690000      1.0690000      1.0690000      1.0690000      1.0690000      1.0690000      1.0690000      1.0690000      1.0690000      1.0690000      1.0690000      1.0690000      1.0690000      1.0690000      1.0690000      1.0690000      1.0690000      1.0690000      1.0690000      1.0690000      1.0690000      1.0690000      1.0690000      1.0690000      1.0690000      1.0690000      1.0690000      1.0690000      1.0690000      1.0690000      1.0690000      1.0690000      1.0690000      1.0690000      1.0690000      1.0690000      1.0690000      1.0690000      1.0690000      1.0690000      1.0690000      1.0690000      1.0690000      1.0690000      1.0690000      1.0690000      1.0690000      1.0690000      1.0690000      1.0690000      1.0690000      1.0690000      1.0690000      1.0690000      1.0690000      1.0690000      1.0690000      1.0690000      1.0690000      1.0690000      1.0690000      1.0690000      1.0690000      1.0690000      1.0690000      1.0690000      1.0690000      1.0690000      1.0690000      1.0690000      1.0690000      1.0690000      1.0690000      1.0690000      1.0690000      1.0690000      1.0690000      1.0690000      1.0690000      1.0690000      1.0690000      1.0690000      1.0690000      1.0690000    
  1.0690000      1.0690000      1.0690000      1.0690000      1.0690000      1.0690000      1.0690000      1.0690000      1.0690000      1.0690000      1.0690000      1.0690000      1.0690000      1.0690000      1.0690000      1.0690000      1.0690000      1.0690000      1.0690000      1.0690000      1.0690000      1.0690000      1.0690000      1.0690000      1.0690000      1.0690000      1.0690000      1.0690000      1.0690000      1.0690000      1.0690000      1.0690000      1.0690000      1.0690000      1.0690000      1.0690000      1.0690000      1.0690000      1.0690000      1.0690000      1.0690000      1.0690000      1.0690000      1.0690000      1.0690000      1.0690000      1.0690000      1.0690000      1.0690000      1.0690000      1.0690000      1.0690000      1.0690000      1.0690000      1.0690000      1.0690000      1.0690000      1.0690000      1.0690000      1.0690000      1.0690000      1.0690000      1.0690000      1.0690000      1.0690000      1.0690000      1.0690000      1.0690000      1.0690000      1.0690000      1.0690000      1.0690000      1.0690000      1.0690000      1.0690000      1.0690000      1.0690000      1.0690000      1.0690000      1.0690000      1.0690000      1.0690000      1.0690000      1.0690000      1.0690000      1.0690000      1.0690000    
  1.0690000      1.0690000      1.0690000      1.0690000      1.0690000      1.0690000      1.0690000      1.0690000      1.0690000      1.0690000      1.0690000      1.0690000      1.0690000      1.0690000      1.0690000      1.0690000      1.0690000      1.0690000      1.0690000      1.0690000      1.0690000      1.0690000      1.0690000      1.0690000      1.0690000      1.0690000      1.0690000      1.0690000      1.0690000      1.0690000      1.0690000      1.0690000      1.0690000      1.0690000      1.0690000      1.0690000      1.0690000      1.0690000      1.0690000      1.0690000      1.0690000      1.0690000      1.0690000      1.0690000      1.0690000      1.0690000      1.0690000      1.0690000      1.0690000      1.0690000      1.0690000      1.0690000      1.0690000      1.0690000      1.0690000      1.0690000      1.0690000      1.0690000      1.0690000      1.0690000      1.0690000      1.0690000      1.0690000      1.0690000      1.0690000      1.0690000      1.0690000      1.0690000      1.0690000      1.0690000      1.0690000      1.0690000      1.0690000      1.0690000      1.0690000      1.0690000      1.0690000      1.0690000      1.0690000      1.0690000      1.0690000      1.0690000      1.0690000      1.0690000      1.0690000      1.0690000      1.0690000    
  1.0690000      1.0690000      1.0690000      1.0690000      1.0690000      1.0690000      1.0690000      1.0690000      1.0690000      1.0690000      1.0690000      1.0690000      1.0690000      1.0690000      1.0690000      1.0690000      1.0690000      1.0690000      1.0690000      1.0690000      1.0690000      1.0690000      1.0690000      1.0690000      1.0690000      1.0690000      1.0690000      1.0690000      1.0690000      1.0690000      1.0690000      1.0690000      1.0690000      1.0690000      1.0690000      1.0690000      1.0690000      1.0690000      1.0690000      1.0690000      1.0690000      1.0690000      1.0690000      1.0690000      1.0690000      1.0690000      1.0690000      1.0690000      1.0690000      1.0690000      1.0690000      1.0690000      1.0690000      1.0690000      1.0690000      1.0690000      1.0690000      1.0690000      1.0690000      1.0690000      1.0690000      1.0690000      1.0690000      1.0690000      1.0690000      1.0690000      1.0690000      1.0690000      1.0690000      1.0690000      1.0690000      1.0690000      1.0690000      1.0690000      1.0690000      1.0690000      1.0690000      1.0690000      1.0690000      1.0690000      1.0690000      1.0690000      1.0690000      1.0690000      1.0690000      1.0690000      1.0690000    
  1.0690000      1.0690000      1.0690000      1.0690000      1.0690000      1.0690000      1.0690000      1.0690000      1.0690000      1.0690000      1.0690000      1.0690000      1.0690000      1.0690000      1.0690000      1.0690000      1.0690000      1.0690000      1.0690000      1.0690000      1.0690000      1.0690000      1.0690000      1.0690000      1.0690000      1.0690000      1.0690000      1.0690000      1.0690000      1.0690000      1.0690000      1.0690000      1.0690000      1.0690000      1.0690000      1.0690000      1.0690000      1.0690000      1.0690000      1.0690000      1.0690000      1.0690000      1.0690000      1.0690000      1.0690000      1.0690000      1.0690000      1.0690000      1.0690000      1.0690000      1.0690000      1.0690000      1.0690000      1.0690000      1.0690000      1.0690000      1.0690000      1.0690000      1.0690000      1.0690000      1.0690000      1.0690000      1.0690000      1.0690000      1.0690000      1.0690000      1.0690000      1.0690000      1.0690000      1.0690000      1.0690000      1.0690000      1.0690000      1.0690000      1.0690000      1.0690000      1.0690000      1.0690000      1.0690000      1.0690000      1.0690000      1.0690000      1.0690000      1.0690000      1.0690000      1.0690000      1.0690000    
  1.0690000      1.0690000      1.0690000      1.0690000      1.0690000      1.0690000      1.0690000      1.0690000      1.0690000      1.0690000      1.0690000      1.0690000      1.0690000      1.0690000      1.0690000      1.0690000      1.0690000      1.0690000      1.0690000      1.0690000      1.0690000      1.0690000      1.0690000      1.0690000      1.0690000      1.0690000      1.0690000      1.0690000      1.0690000      1.0690000      1.0690000      1.0690000      1.0690000      1.0690000      1.0690000      1.0690000      1.0690000      1.0690000      1.0690000      1.0690000      1.0690000      1.0690000      1.0690000      1.0690000      1.0690000      1.0690000      1.0690000      1.0690000      1.0690000      1.0690000      1.0690000      1.0690000      1.0690000      1.0690000      1.0690000      1.0690000      1.0690000      1.0690000      1.0690000      1.0690000      1.0690000      1.0690000      1.0690000      1.0690000      1.0690000      1.0690000      1.0690000      1.0690000      1.0690000      1.0690000      1.0690000      1.0690000      1.0690000      1.0690000      1.0690000      1.0690000      1.0690000      1.0690000      1.0690000      1.0690000      1.0690000      1.0690000      1.0690000      1.0690000      1.0690000      1.0690000      1.0690000    
  1.0690000      1.0690000      1.0690000      1.0690000      1.0690000      1.0690000      1.0690000      1.0690000      1.0690000      1.0690000      1.0690000      1.0690000      1.0690000      1.0690000      1.0690000      1.0690000      1.0690000      1.0690000      1.0690000      1.0690000      1.0690000      1.0690000      1.0690000      1.0690000      1.0690000      1.0690000      1.0690000      1.0690000      1.0690000      1.0690000      1.0690000      1.0690000      1.0690000      1.0690000      1.0690000      1.0690000      1.0690000      1.0690000      1.0690000      1.0690000      1.0690000      1.0690000      1.0690000      1.0690000      1.0690000      1.0690000      1.0690000      1.0690000      1.0690000      1.0690000      1.0690000      1.0690000      1.0690000      1.0690000      1.0690000      1.0690000      1.0690000      1.0690000      1.0690000      1.0690000      1.0690000      1.0690000      1.0690000      1.0690000      1.0690000      1.0690000      1.0690000      1.0690000      1.0690000      1.0690000      1.0690000      1.0690000      1.0690000      1.0690000      1.0690000      1.0690000      1.0690000      1.0690000      1.0690000      1.0690000      1.0690000      1.0690000      1.0690000      1.0690000      1.0690000      1.0690000      1.0690000    
  1.0690000      1.0690000      1.0690000      1.0690000      1.0690000      1.0690000      1.0690000      1.0690000      1.0690000      1.0690000      1.0690000      1.0690000      1.0690000      1.0690000      1.0690000      1.0690000      1.0690000      1.0690000      1.0690000      1.0690000      1.0690000      1.0690000      1.0690000      1.0690000      1.0690000      1.0690000      1.0690000      1.0690000      1.0690000      1.0690000      1.0690000      1.0690000      1.0690000      1.0690000      1.0690000      1.0690000      1.0690000      1.0690000      1.0690000      1.0690000      1.0690000      1.0690000      1.0690000      1.0690000      1.0690000      1.0690000      1.0690000      1.0690000      1.0690000      1.0690000      1.0690000      1.0690000      1.0690000      1.0690000      1.0690000      1.0690000      1.0690000      1.0690000      1.0690000      1.0690000      1.0690000      1.0690000      1.0690000      1.0690000      1.0690000      1.0690000      1.0690000      1.0690000      1.0690000      1.0690000      1.0690000      1.0690000      1.0690000      1.0690000      1.0690000      1.0690000      1.0690000      1.0690000      1.0690000      1.0690000      1.0690000      1.0690000      1.0690000      1.0690000      1.0690000      1.0690000      1.0690000    
  1.0690000      1.0690000      1.0690000      1.0690000      1.0690000      1.0690000      1.0690000      1.0690000      1.0690000      1.0690000      1.0690000      1.0690000      1.0690000      1.0690000      1.0690000      1.0690000      1.0690000      1.0690000      1.0690000      1.0690000      1.0690000      1.0690000      1.0690000      1.0690000      1.0690000      1.0690000      1.0690000      1.0690000      1.0690000      1.0690000      1.0690000      1.0690000      1.0690000      1.0690000      1.0690000      1.0690000      1.0690000      1.0690000      1.0690000      1.0690000      1.0690000      1.0690000      1.0690000      1.0690000      1.0690000      1.0690000      1.0690000      1.0690000      1.0690000      1.0690000      1.0690000      1.0690000      1.0690000      1.0690000      1.0690000      1.0690000      1.0690000      1.0690000      1.0690000      1.0690000      1.0690000      1.0690000      1.0690000      1.0690000      1.0690000      1.0690000      1.0690000      1.0690000      1.0690000      1.0690000      1.0690000      1.0690000      1.0690000      1.0690000      1.0690000      1.0690000      1.0690000      1.0690000      1.0690000      1.0690000      1.0690000      1.0690000      1.0690000      1.0690000      1.0690000      1.0690000      1.0690000    
  1.0690000      1.0690000      1.0690000      1.0690000      1.0690000      1.0690000      1.0690000      1.0690000      1.0690000      1.0690000      1.0690000      1.0690000      1.0690000      1.0690000      1.0690000      1.0690000      1.0690000      1.0690000      1.0690000      1.0690000      1.0690000      1.0690000      1.0690000      1.0690000      1.0690000      1.0690000      1.0690000      1.0690000      1.0690000      1.0690000      1.0690000      1.0690000      1.0690000      1.0690000      1.0690000      1.0690000      1.0690000      1.0690000      1.0690000      1.0690000      1.0690000      1.0690000      1.0690000      1.0690000      1.0690000      1.0690000      1.0690000      1.0690000      1.0690000      1.0690000      1.0690000      1.0690000      1.0690000      1.0690000      1.0690000      1.0690000      1.0690000      1.0690000      1.0690000      1.0690000      1.0690000      1.0690000      1.0690000      1.0690000      1.0690000      1.0690000      1.0690000      1.0690000      1.0690000      1.0690000      1.0690000      1.0690000      1.0690000      1.0690000      1.0690000      1.0690000      1.0690000      1.0690000      1.0690000      1.0690000      1.0690000      1.0690000      1.0690000      1.0690000      1.0690000      1.0690000      1.0690000    
  1.0690000      1.0690000      1.0690000      1.0690000      1.0690000      1.0690000      1.0690000      1.0690000      1.0690000      1.0690000      1.0690000      1.0690000      1.0690000      1.0690000      1.0690000      1.0690000      1.0690000      1.0690000      1.0690000      1.0690000      1.0690000      1.0690000      1.0690000      1.0690000      1.0690000      1.0690000      1.0690000      1.0690000      1.0690000      1.0690000      1.0690000      1.0690000      1.0690000      1.0690000      1.0690000      1.0690000      1.0690000      1.0690000      1.0690000      1.0690000      1.0690000      1.0690000      1.0690000      1.0690000      1.0690000      1.0690000      1.0690000      1.0690000      1.0690000      1.0690000      1.0690000      1.0690000      1.0690000      1.0690000      1.0690000      1.0690000      1.0690000      1.0690000      1.0690000      1.0690000      1.0690000      1.0690000      1.0690000      1.0690000      1.0690000      1.0690000      1.0690000      1.0690000      1.0690000      1.0690000      1.0690000      1.0690000      1.0690000      1.0690000      1.0690000      1.0690000      1.0690000      1.0690000      1.0690000      1.0690000      1.0690000      1.0690000      1.0690000      1.0690000      1.0690000      1.0690000      1.0690000    
  1.0690000      1.0690000      1.0690000      1.0690000      1.0690000      1.0690000      1.0690000      1.0690000      1.0690000      1.0690000      1.0690000      1.0690000      1.0690000      1.0690000      1.0690000      1.0690000      1.0690000      1.0690000      1.0690000      1.0690000      1.0690000      1.0690000      1.0690000      1.0690000      1.0690000      1.0690000      1.0690000      1.0690000      1.0690000      1.0690000      1.0690000      1.0690000      1.0690000      1.0690000      1.0690000      1.0690000      1.0690000      1.0690000      1.0690000      1.0690000      1.0690000      1.0690000      1.0690000      1.0690000      1.0690000      1.0690000      1.0690000      1.0690000      1.0690000      1.0690000      1.0690000      1.0690000      1.0690000      1.0690000      1.0690000      1.0690000      1.0690000      1.0690000      1.0690000      1.0690000      1.0690000      1.0690000      1.0690000      1.0690000      1.0690000      1.0690000      1.0690000      1.0690000      1.0690000      1.0690000      1.0690000      1.0690000      1.0690000      1.0690000      1.0690000      1.0690000      1.0690000      1.0690000      1.0690000      1.0690000      1.0690000      1.0690000      1.0690000      1.0690000      1.0690000      1.0690000      1.0690000    
  1.0690000      1.0690000      1.0690000      1.0690000      1.0690000      1.0690000      1.0690000      1.0690000      1.0690000      1.0690000      1.0690000      1.0690000      1.0690000      1.0690000      1.0690000      1.0690000      1.0690000      1.0690000      1.0690000      1.0690000      1.0690000      1.0690000      1.0690000      1.0690000      1.0690000      1.0690000      1.0690000      1.0690000      1.0690000      1.0690000      1.0690000      1.0690000      1.0690000      1.0690000      1.0690000      1.0690000      1.0690000      1.0690000      1.0690000      1.0690000      1.0690000      1.0690000      1.0690000      1.0690000      1.0690000      1.0690000      1.0690000      1.0690000      1.0690000      1.0690000      1.0690000      1.0690000      1.0690000      1.0690000      1.0690000      1.0690000      1.0690000      1.0690000      1.0690000      1.0690000      1.0690000      1.0690000      1.0690000      1.0690000      1.0690000      1.0690000      1.0690000      1.0690000      1.0690000      1.0690000      1.0690000      1.0690000      1.0690000      1.0690000      1.0690000      1.0690000      1.0690000      1.0690000      1.0690000      1.0690000      1.0690000      1.0690000      1.0690000      1.0690000      1.0690000      1.0690000      1.0690000    
  1.0690000      1.0690000      1.0690000      1.0690000      1.0690000      1.0690000      1.0690000      1.0690000      1.0690000      1.0690000      1.0690000      1.0690000      1.0690000      1.0690000      1.0690000      1.0690000      1.0690000      1.0690000      1.0690000      1.0690000      1.0690000      1.0690000      1.0690000      1.0690000      1.0690000      1.0690000      1.0690000      1.0690000      1.0690000      1.0690000      1.0690000      1.0690000      1.0690000      1.0690000      1.0690000      1.0690000      1.0690000      1.0690000      1.0690000      1.0690000      1.0690000      1.0690000      1.0690000      1.0690000      1.0690000      1.0690000      1.0690000      1.0690000      1.0690000      1.0690000      1.0690000      1.0690000      1.0690000      1.0690000      1.0690000      1.0690000      1.0690000      1.0690000      1.0690000      1.0690000      1.0690000      1.0690000      1.0690000      1.0690000      1.0690000      1.0690000      1.0690000      1.0690000      1.0690000      1.0690000      1.0690000      1.0690000      1.0690000      1.0690000      1.0690000      1.0690000      1.0690000      1.0690000      1.0690000      1.0690000      1.0690000      1.0690000      1.0690000      1.0690000      1.0690000      1.0690000      1.0690000    
  1.0690000      1.0690000      1.0690000      1.0690000      1.0690000      1.0690000      1.0690000      1.0690000      1.0690000      1.0690000      1.0690000      1.0690000      1.0690000      1.0690000      1.0690000      1.0690000      1.0690000      1.0690000      1.0690000      1.0690000      1.0690000      1.0690000      1.0690000      1.0690000      1.0690000      1.0690000      1.0690000      1.0690000      1.0690000      1.0690000      1.0690000      1.0690000      1.0690000      1.0690000      1.0690000      1.0690000      1.0690000      1.0690000      1.0690000      1.0690000      1.0690000      1.0690000      1.0690000      1.0690000      1.0690000      1.0690000      1.0690000      1.0690000      1.0690000      1.0690000      1.0690000      1.0690000      1.0690000      1.0690000      1.0690000      1.0690000      1.0690000      1.0690000      1.0690000      1.0690000      1.0690000      1.0690000      1.0690000      1.0690000      1.0690000      1.0690000      1.0690000      1.0690000      1.0690000      1.0690000      1.0690000      1.0690000      1.0690000      1.0690000      1.0690000      1.0690000      1.0690000      1.0690000      1.0690000      1.0690000      1.0690000      1.0690000      1.0690000      1.0690000      1.0690000      1.0690000      1.0690000    
  1.0690000      1.0690000      1.0690000      1.0690000      1.0690000      1.0690000      1.0690000      1.0690000      1.0690000      1.0690000      1.0690000      1.0690000      1.0690000      1.0690000      1.0690000      1.0690000      1.0690000      1.0690000      1.0690000      1.0690000      1.0690000      1.0690000      1.0690000      1.0690000      1.0690000      1.0690000      1.0690000      1.0690000      1.0690000      1.0690000      1.0690000      1.0690000      1.0690000      1.0690000      1.0690000      1.0690000      1.0690000      1.0690000      1.0690000      1.0690000      1.0690000      1.0690000      1.0690000      1.0690000      1.0690000      1.0690000      1.0690000      1.0690000      1.0690000      1.0690000      1.0690000      1.0690000      1.0690000      1.0690000      1.0690000      1.0690000      1.0690000      1.0690000      1.0690000      1.0690000      1.0690000      1.0690000      1.0690000      1.0690000      1.0690000      1.0690000      1.0690000      1.0690000      1.0690000      1.0690000      1.0690000      1.0690000      1.0690000      1.0690000      1.0690000      1.0690000      1.0690000      1.0690000      1.0690000      1.0690000      1.0690000      1.0690000      1.0690000      1.0690000      1.0690000      1.0690000      1.0690000    
  1.0690000      1.0690000      1.0690000      1.0690000      1.0690000      1.0690000      1.0690000      1.0690000      1.0690000      1.0690000      1.0690000      1.0690000      1.0690000      1.0690000      1.0690000      1.0690000      1.0690000      1.0690000      1.0690000      1.0690000      1.0690000      1.0690000      1.0690000      1.0690000      1.0690000      1.0690000      1.0690000      1.0690000      1.0690000      1.0690000      1.0690000      1.0690000      1.0690000      1.0690000      1.0690000      1.0690000      1.0690000      1.0690000      1.0690000      1.0690000      1.0690000      1.0690000      1.0690000      1.0690000      1.0690000      1.0690000      1.0690000      1.0690000      1.0690000      1.0690000      1.0690000      1.0690000      1.0690000      1.0690000      1.0690000      1.0690000      1.0690000      1.0690000      1.0690000      1.0690000      1.0690000      1.0690000      1.0690000      1.0690000      1.0690000      1.0690000      1.0690000      1.0690000      1.0690000      1.0690000      1.0690000      1.0690000      1.0690000      1.0690000      1.0690000      1.0690000      1.0690000      1.0690000      1.0690000      1.0690000      1.0690000      1.0690000      1.0690000      1.0690000      1.0690000      1.0690000      1.0690000    
  1.0690000      1.0690000      1.0690000      1.0690000      1.0690000      1.0690000      1.0690000      1.0690000      1.0690000      1.0690000      1.0690000      1.0690000      1.0690000      1.0690000      1.0690000      1.0690000      1.0690000      1.0690000      1.0690000      1.0690000      1.0690000      1.0690000      1.0690000      1.0690000      1.0690000      1.0690000      1.0690000      1.0690000      1.0690000      1.0690000      1.0690000      1.0690000      1.0690000      1.0690000      1.0690000      1.0690000      1.0690000      1.0690000      1.0690000      1.0690000      1.0690000      1.0690000      1.0690000      1.0690000      1.0690000      1.0690000      1.0690000      1.0690000      1.0690000      1.0690000      1.0690000      1.0690000      1.0690000      1.0690000      1.0690000      1.0690000      1.0690000      1.0690000      1.0690000      1.0690000      1.0690000      1.0690000      1.0690000      1.0690000      1.0690000      1.0690000      1.0690000      1.0690000      1.0690000      1.0690000      1.0690000      1.0690000      1.0690000      1.0690000      1.0690000      1.0690000      1.0690000      1.0690000      1.0690000      1.0690000      1.0690000      1.0690000      1.0690000      1.0690000      1.0690000      1.0690000      1.0690000    
  1.0690000      1.0690000      1.0690000      1.0690000      1.0690000      1.0690000      1.0690000      1.0690000      1.0690000      1.0690000      1.0690000      1.0690000      1.0690000      1.0690000      1.0690000      1.0690000      1.0690000      1.0690000      1.0690000      1.0690000      1.0690000      1.0690000      1.0690000      1.0690000      1.0690000      1.0690000      1.0690000      1.0690000      1.0690000      1.0690000      1.0690000      1.0690000      1.0690000      1.0690000      1.0690000      1.0690000      1.0690000      1.0690000      1.0690000      1.0690000      1.0690000      1.0690000      1.0690000      1.0690000      1.0690000      1.0690000      1.0690000      1.0690000      1.0690000      1.0690000      1.0690000      1.0690000      1.0690000      1.0690000      1.0690000      1.0690000      1.0690000      1.0690000      1.0690000      1.0690000      1.0690000      1.0690000      1.0690000      1.0690000      1.0690000      1.0690000      1.0690000      1.0690000      1.0690000      1.0690000      1.0690000      1.0690000      1.0690000      1.0690000      1.0690000      1.0690000      1.0690000      1.0690000      1.0690000      1.0690000      1.0690000      1.0690000      1.0690000      1.0690000      1.0690000      1.0690000      1.0690000    
