 0.20000009E-05 0.20000009E-05 0.20000009E-05 0.20000009E-05 0.20000009E-05 0.19999991E-05 0.20000009E-05 0.20000009E-05 0.20000009E-05 0.20000030E-05 0.19999991E-05 0.20000030E-05 0.20000009E-05 0.20000009E-05 0.20000009E-05 0.20000009E-05 0.20000009E-05 0.20000009E-05 0.20000009E-05 0.20000009E-05 0.20000009E-05 0.20000009E-05 0.20000009E-05 0.20000009E-05 0.20000009E-05 0.20000009E-05 0.20000009E-05 0.20000009E-05 0.20000009E-05 0.20000009E-05 0.20000009E-05 0.20000009E-05 0.20000009E-05 0.20000030E-05 0.20000009E-05 0.20000009E-05 0.20000009E-05 0.20000009E-05 0.20000009E-05 0.20000009E-05 0.20000009E-05 0.20000009E-05 0.20000030E-05 0.20000009E-05 0.20000030E-05 0.20000009E-05 0.20000009E-05 0.20000009E-05 0.20000009E-05 0.20000009E-05 0.20000009E-05 0.20000009E-05 0.20000009E-05 0.20000030E-05 0.20000009E-05 0.20000009E-05 0.20000009E-05 0.20000009E-05 0.20000009E-05 0.20000009E-05 0.20000009E-05 0.20000009E-05 0.20000009E-05 0.20000009E-05 0.20000009E-05 0.20000009E-05 0.20000009E-05 0.20000009E-05 0.20000009E-05 0.20000009E-05 0.20000009E-05 0.20000009E-05 0.20000009E-05 0.20000009E-05 0.20000009E-05 0.20000030E-05 0.19999991E-05 0.20000030E-05 0.20000009E-05 0.20000009E-05 0.20000009E-05 0.19999991E-05 0.20000009E-05 0.20000009E-05 0.20000009E-05 0.20000009E-05 0.20000009E-05
 0.20000009E-05 0.20000009E-05 0.20000009E-05 0.20000009E-05 0.20000030E-05 0.19999991E-05 0.20000009E-05 0.20000009E-05 0.20000009E-05 0.20000009E-05 0.20000030E-05 0.20000009E-05 0.20000009E-05 0.20000009E-05 0.20000009E-05 0.20000009E-05 0.20000009E-05 0.20000009E-05 0.20000009E-05 0.20000009E-05 0.20000009E-05 0.20000009E-05 0.20000030E-05 0.20000030E-05 0.20000009E-05 0.20000009E-05 0.20000009E-05 0.20000030E-05 0.20000009E-05 0.20000009E-05 0.20000009E-05 0.20000009E-05 0.20000009E-05 0.20000009E-05 0.20000030E-05 0.20000009E-05 0.19999991E-05 0.19999991E-05 0.20000009E-05 0.19999991E-05 0.20000009E-05 0.19999991E-05 0.20000009E-05 0.20000009E-05 0.20000009E-05 0.19999991E-05 0.20000009E-05 0.19999991E-05 0.20000009E-05 0.19999991E-05 0.19999991E-05 0.20000009E-05 0.20000030E-05 0.20000009E-05 0.20000009E-05 0.20000009E-05 0.20000009E-05 0.20000009E-05 0.20000009E-05 0.20000030E-05 0.20000009E-05 0.20000009E-05 0.20000009E-05 0.20000030E-05 0.20000030E-05 0.20000009E-05 0.20000009E-05 0.20000009E-05 0.20000009E-05 0.20000009E-05 0.20000009E-05 0.20000009E-05 0.20000009E-05 0.20000009E-05 0.20000009E-05 0.20000009E-05 0.20000030E-05 0.20000009E-05 0.20000009E-05 0.20000009E-05 0.20000009E-05 0.19999991E-05 0.20000030E-05 0.20000009E-05 0.20000009E-05 0.20000009E-05 0.20000009E-05
 0.20000009E-05 0.20000009E-05 0.20000009E-05 0.20000009E-05 0.20000009E-05 0.19999991E-05 0.20000009E-05 0.20000009E-05 0.20000009E-05 0.20000030E-05 0.19999991E-05 0.20000030E-05 0.20000009E-05 0.20000009E-05 0.20000009E-05 0.20000009E-05 0.20000009E-05 0.20000009E-05 0.20000009E-05 0.20000009E-05 0.20000009E-05 0.20000009E-05 0.20000009E-05 0.20000009E-05 0.20000009E-05 0.20000009E-05 0.20000009E-05 0.20000009E-05 0.20000009E-05 0.20000009E-05 0.20000009E-05 0.20000009E-05 0.20000009E-05 0.20000030E-05 0.20000009E-05 0.20000009E-05 0.20000009E-05 0.20000009E-05 0.20000009E-05 0.20000009E-05 0.20000009E-05 0.20000009E-05 0.20000030E-05 0.20000009E-05 0.20000030E-05 0.20000009E-05 0.20000009E-05 0.20000009E-05 0.20000009E-05 0.20000009E-05 0.20000009E-05 0.20000009E-05 0.20000009E-05 0.20000030E-05 0.20000009E-05 0.20000009E-05 0.20000009E-05 0.20000009E-05 0.20000009E-05 0.20000009E-05 0.20000009E-05 0.20000009E-05 0.20000009E-05 0.20000009E-05 0.20000009E-05 0.20000009E-05 0.20000009E-05 0.20000009E-05 0.20000009E-05 0.20000009E-05 0.20000009E-05 0.20000009E-05 0.20000009E-05 0.20000009E-05 0.20000009E-05 0.20000030E-05 0.19999991E-05 0.20000030E-05 0.20000009E-05 0.20000009E-05 0.20000009E-05 0.19999991E-05 0.20000009E-05 0.20000009E-05 0.20000009E-05 0.20000009E-05 0.20000009E-05
 0.20000009E-05 0.20000009E-05 0.20000009E-05 0.20000009E-05 0.20000009E-05 0.19999991E-05 0.20000009E-05 0.20000009E-05 0.20000009E-05 0.20000009E-05 0.20000009E-05 0.20000009E-05 0.20000009E-05 0.20000009E-05 0.20000009E-05 0.20000009E-05 0.20000009E-05 0.20000009E-05 0.20000009E-05 0.20000009E-05 0.20000030E-05 0.20000009E-05 0.20000030E-05 0.20000009E-05 0.20000009E-05 0.20000009E-05 0.20000009E-05 0.20000009E-05 0.20000009E-05 0.20000009E-05 0.20000009E-05 0.20000009E-05 0.20000009E-05 0.20000009E-05 0.20000009E-05 0.20000030E-05 0.20000009E-05 0.20000009E-05 0.20000009E-05 0.20000009E-05 0.20000009E-05 0.20000009E-05 0.20000009E-05 0.20000009E-05 0.20000009E-05 0.20000009E-05 0.20000009E-05 0.20000009E-05 0.20000009E-05 0.20000009E-05 0.20000009E-05 0.20000030E-05 0.20000009E-05 0.20000009E-05 0.20000009E-05 0.20000009E-05 0.20000009E-05 0.20000009E-05 0.20000009E-05 0.20000009E-05 0.20000009E-05 0.20000009E-05 0.20000009E-05 0.20000009E-05 0.20000030E-05 0.20000009E-05 0.20000030E-05 0.20000009E-05 0.20000009E-05 0.20000009E-05 0.20000009E-05 0.20000009E-05 0.20000009E-05 0.20000009E-05 0.20000009E-05 0.20000009E-05 0.20000009E-05 0.20000009E-05 0.20000009E-05 0.20000009E-05 0.20000009E-05 0.19999991E-05 0.20000009E-05 0.20000009E-05 0.20000009E-05 0.20000009E-05 0.20000009E-05
 0.20000009E-05 0.20000009E-05 0.20000009E-05 0.20000009E-05 0.19999991E-05 0.20000009E-05 0.20000009E-05 0.20000009E-05 0.20000009E-05 0.20000009E-05 0.20000009E-05 0.20000009E-05 0.20000009E-05 0.20000009E-05 0.20000009E-05 0.20000009E-05 0.20000009E-05 0.20000009E-05 0.20000009E-05 0.20000009E-05 0.20000009E-05 0.20000009E-05 0.20000009E-05 0.20000009E-05 0.20000009E-05 0.20000009E-05 0.20000009E-05 0.20000009E-05 0.20000009E-05 0.20000009E-05 0.20000009E-05 0.19999991E-05 0.20000009E-05 0.20000009E-05 0.20000009E-05 0.19999991E-05 0.20000030E-05 0.20000009E-05 0.20000009E-05 0.20000009E-05 0.20000030E-05 0.20000009E-05 0.20000009E-05 0.20000009E-05 0.20000009E-05 0.20000009E-05 0.20000030E-05 0.20000009E-05 0.20000009E-05 0.20000009E-05 0.20000030E-05 0.19999991E-05 0.20000009E-05 0.20000009E-05 0.20000009E-05 0.19999991E-05 0.20000009E-05 0.20000009E-05 0.20000009E-05 0.20000009E-05 0.20000009E-05 0.20000009E-05 0.20000009E-05 0.20000009E-05 0.20000009E-05 0.20000009E-05 0.20000009E-05 0.20000009E-05 0.20000009E-05 0.20000009E-05 0.20000009E-05 0.20000009E-05 0.20000009E-05 0.20000009E-05 0.20000009E-05 0.20000009E-05 0.20000009E-05 0.20000009E-05 0.20000009E-05 0.20000009E-05 0.20000009E-05 0.20000009E-05 0.19999991E-05 0.20000009E-05 0.20000009E-05 0.20000009E-05 0.20000009E-05
 0.20000009E-05 0.20000009E-05 0.20000009E-05 0.20000009E-05 0.20000009E-05 0.20000009E-05 0.20000009E-05 0.20000009E-05 0.20000009E-05 0.20000009E-05 0.20000009E-05 0.20000009E-05 0.20000009E-05 0.20000009E-05 0.20000009E-05 0.20000009E-05 0.20000009E-05 0.20000009E-05 0.20000009E-05 0.20000009E-05 0.20000009E-05 0.20000009E-05 0.19999991E-05 0.20000009E-05 0.20000009E-05 0.20000009E-05 0.20000009E-05 0.20000009E-05 0.20000009E-05 0.20000009E-05 0.20000009E-05 0.20000009E-05 0.20000009E-05 0.20000009E-05 0.20000009E-05 0.20000030E-05 0.20000009E-05 0.20000009E-05 0.20000009E-05 0.20000009E-05 0.20000009E-05 0.20000009E-05 0.20000009E-05 0.20000009E-05 0.20000009E-05 0.20000009E-05 0.20000009E-05 0.20000009E-05 0.20000009E-05 0.20000009E-05 0.20000009E-05 0.20000030E-05 0.20000009E-05 0.20000009E-05 0.20000009E-05 0.20000009E-05 0.20000009E-05 0.20000009E-05 0.20000009E-05 0.20000009E-05 0.20000009E-05 0.20000009E-05 0.20000009E-05 0.20000009E-05 0.19999991E-05 0.20000009E-05 0.20000009E-05 0.20000009E-05 0.20000009E-05 0.20000009E-05 0.20000009E-05 0.20000009E-05 0.20000009E-05 0.20000009E-05 0.20000009E-05 0.20000009E-05 0.20000009E-05 0.20000009E-05 0.20000009E-05 0.20000009E-05 0.20000009E-05 0.20000009E-05 0.20000009E-05 0.20000009E-05 0.20000009E-05 0.20000009E-05 0.20000009E-05
 0.20000009E-05 0.20000009E-05 0.20000009E-05 0.20000009E-05 0.20000009E-05 0.19999991E-05 0.20000009E-05 0.20000009E-05 0.20000009E-05 0.20000030E-05 0.19999991E-05 0.20000030E-05 0.20000009E-05 0.20000009E-05 0.20000009E-05 0.20000009E-05 0.20000009E-05 0.20000009E-05 0.20000009E-05 0.20000009E-05 0.20000009E-05 0.20000009E-05 0.20000009E-05 0.20000009E-05 0.20000009E-05 0.20000009E-05 0.20000009E-05 0.20000009E-05 0.20000009E-05 0.20000009E-05 0.20000009E-05 0.20000009E-05 0.20000009E-05 0.20000030E-05 0.20000009E-05 0.20000009E-05 0.20000009E-05 0.20000009E-05 0.20000009E-05 0.20000009E-05 0.20000009E-05 0.20000009E-05 0.20000030E-05 0.20000009E-05 0.20000030E-05 0.20000009E-05 0.20000009E-05 0.20000009E-05 0.20000009E-05 0.20000009E-05 0.20000009E-05 0.20000009E-05 0.20000009E-05 0.20000030E-05 0.20000009E-05 0.20000009E-05 0.20000009E-05 0.20000009E-05 0.20000009E-05 0.20000009E-05 0.20000009E-05 0.20000009E-05 0.20000009E-05 0.20000009E-05 0.20000009E-05 0.20000009E-05 0.20000009E-05 0.20000009E-05 0.20000009E-05 0.20000009E-05 0.20000009E-05 0.20000009E-05 0.20000009E-05 0.20000009E-05 0.20000009E-05 0.20000030E-05 0.19999991E-05 0.20000030E-05 0.20000009E-05 0.20000009E-05 0.20000009E-05 0.19999991E-05 0.20000009E-05 0.20000009E-05 0.20000009E-05 0.20000009E-05 0.20000009E-05
 0.20000009E-05 0.20000009E-05 0.20000009E-05 0.20000009E-05 0.20000009E-05 0.20000030E-05 0.20000009E-05 0.20000009E-05 0.19999991E-05 0.20000009E-05 0.19999991E-05 0.20000009E-05 0.20000030E-05 0.20000009E-05 0.20000030E-05 0.20000009E-05 0.19999991E-05 0.20000009E-05 0.20000009E-05 0.19999991E-05 0.20000009E-05 0.20000009E-05 0.20000009E-05 0.20000009E-05 0.20000009E-05 0.20000009E-05 0.20000009E-05 0.20000009E-05 0.20000030E-05 0.20000009E-05 0.20000009E-05 0.20000009E-05 0.20000009E-05 0.20000009E-05 0.20000009E-05 0.20000009E-05 0.20000009E-05 0.20000009E-05 0.20000030E-05 0.20000009E-05 0.20000009E-05 0.20000009E-05 0.20000009E-05 0.20000009E-05 0.20000009E-05 0.20000009E-05 0.20000009E-05 0.20000009E-05 0.20000030E-05 0.20000009E-05 0.20000009E-05 0.20000009E-05 0.20000009E-05 0.20000009E-05 0.20000009E-05 0.20000009E-05 0.20000009E-05 0.20000009E-05 0.20000030E-05 0.20000009E-05 0.20000009E-05 0.20000009E-05 0.20000009E-05 0.20000009E-05 0.20000009E-05 0.20000009E-05 0.20000009E-05 0.19999991E-05 0.20000009E-05 0.20000009E-05 0.19999991E-05 0.20000009E-05 0.20000030E-05 0.20000009E-05 0.20000030E-05 0.20000009E-05 0.19999991E-05 0.20000009E-05 0.19999991E-05 0.20000009E-05 0.20000009E-05 0.20000030E-05 0.20000009E-05 0.20000009E-05 0.20000009E-05 0.20000009E-05 0.20000009E-05
 0.20000009E-05 0.20000009E-05 0.20000009E-05 0.20000009E-05 0.20000009E-05 0.20000009E-05 0.20000009E-05 0.19999991E-05 0.20000009E-05 0.20000009E-05 0.20000009E-05 0.20000009E-05 0.20000009E-05 0.20000009E-05 0.20000009E-05 0.20000009E-05 0.20000030E-05 0.20000009E-05 0.20000009E-05 0.20000030E-05 0.19999991E-05 0.20000009E-05 0.20000009E-05 0.20000009E-05 0.20000009E-05 0.20000009E-05 0.20000030E-05 0.20000009E-05 0.20000009E-05 0.20000009E-05 0.20000030E-05 0.20000009E-05 0.20000009E-05 0.20000009E-05 0.20000009E-05 0.20000009E-05 0.19999991E-05 0.20000009E-05 0.20000009E-05 0.20000009E-05 0.20000009E-05 0.20000009E-05 0.20000009E-05 0.20000030E-05 0.20000009E-05 0.20000009E-05 0.20000009E-05 0.20000009E-05 0.20000009E-05 0.20000009E-05 0.19999991E-05 0.20000009E-05 0.20000009E-05 0.20000009E-05 0.20000009E-05 0.20000009E-05 0.20000030E-05 0.20000009E-05 0.20000009E-05 0.20000009E-05 0.20000030E-05 0.20000009E-05 0.20000009E-05 0.20000009E-05 0.20000009E-05 0.20000009E-05 0.19999991E-05 0.20000030E-05 0.20000009E-05 0.20000009E-05 0.20000030E-05 0.20000009E-05 0.20000009E-05 0.20000009E-05 0.20000009E-05 0.20000009E-05 0.20000009E-05 0.20000009E-05 0.20000009E-05 0.19999991E-05 0.20000009E-05 0.20000009E-05 0.20000009E-05 0.20000009E-05 0.20000009E-05 0.20000009E-05 0.20000009E-05
 0.20000030E-05 0.20000009E-05 0.20000009E-05 0.20000030E-05 0.20000009E-05 0.20000009E-05 0.20000030E-05 0.20000009E-05 0.20000009E-05 0.19999991E-05 0.20000009E-05 0.19999991E-05 0.20000009E-05 0.20000009E-05 0.20000009E-05 0.20000009E-05 0.20000009E-05 0.20000009E-05 0.20000009E-05 0.20000009E-05 0.20000009E-05 0.20000009E-05 0.20000030E-05 0.20000030E-05 0.20000009E-05 0.20000009E-05 0.20000009E-05 0.20000009E-05 0.20000030E-05 0.20000009E-05 0.19999991E-05 0.20000030E-05 0.20000009E-05 0.20000009E-05 0.20000030E-05 0.20000009E-05 0.20000009E-05 0.20000009E-05 0.20000009E-05 0.20000009E-05 0.20000009E-05 0.20000009E-05 0.20000009E-05 0.19999991E-05 0.20000009E-05 0.20000009E-05 0.20000009E-05 0.20000009E-05 0.20000009E-05 0.20000009E-05 0.20000009E-05 0.20000009E-05 0.20000030E-05 0.20000009E-05 0.20000009E-05 0.20000030E-05 0.19999991E-05 0.20000009E-05 0.20000030E-05 0.20000009E-05 0.20000009E-05 0.20000009E-05 0.20000009E-05 0.20000030E-05 0.20000030E-05 0.20000009E-05 0.20000009E-05 0.20000009E-05 0.20000009E-05 0.20000009E-05 0.20000009E-05 0.20000009E-05 0.20000009E-05 0.20000009E-05 0.20000009E-05 0.19999991E-05 0.20000009E-05 0.19999991E-05 0.20000009E-05 0.20000009E-05 0.20000030E-05 0.20000009E-05 0.20000009E-05 0.20000030E-05 0.20000009E-05 0.20000009E-05 0.20000030E-05
 0.19999991E-05 0.20000009E-05 0.20000009E-05 0.19999991E-05 0.20000009E-05 0.20000009E-05 0.19999991E-05 0.19999991E-05 0.20000009E-05 0.20000009E-05 0.19999991E-05 0.20000009E-05 0.19999991E-05 0.20000009E-05 0.19999991E-05 0.20000009E-05 0.20000009E-05 0.20000009E-05 0.20000009E-05 0.20000009E-05 0.20000009E-05 0.20000009E-05 0.20000009E-05 0.20000009E-05 0.20000009E-05 0.20000009E-05 0.20000009E-05 0.20000009E-05 0.20000009E-05 0.20000009E-05 0.20000009E-05 0.20000009E-05 0.20000009E-05 0.20000009E-05 0.20000009E-05 0.19999991E-05 0.20000009E-05 0.20000030E-05 0.19999991E-05 0.20000009E-05 0.19999991E-05 0.20000009E-05 0.20000009E-05 0.20000009E-05 0.20000009E-05 0.20000009E-05 0.19999991E-05 0.20000009E-05 0.19999991E-05 0.20000030E-05 0.20000009E-05 0.19999991E-05 0.20000009E-05 0.20000009E-05 0.20000009E-05 0.20000009E-05 0.20000009E-05 0.20000009E-05 0.20000009E-05 0.20000009E-05 0.20000009E-05 0.20000009E-05 0.20000009E-05 0.20000009E-05 0.20000009E-05 0.20000009E-05 0.20000009E-05 0.20000009E-05 0.20000009E-05 0.20000009E-05 0.20000009E-05 0.20000009E-05 0.19999991E-05 0.20000009E-05 0.19999991E-05 0.20000009E-05 0.19999991E-05 0.20000009E-05 0.20000009E-05 0.19999991E-05 0.19999991E-05 0.20000009E-05 0.20000009E-05 0.19999991E-05 0.20000009E-05 0.20000009E-05 0.19999991E-05
 0.20000030E-05 0.20000009E-05 0.20000009E-05 0.20000030E-05 0.20000009E-05 0.20000009E-05 0.20000030E-05 0.20000009E-05 0.20000009E-05 0.19999991E-05 0.20000009E-05 0.20000030E-05 0.20000030E-05 0.20000009E-05 0.20000030E-05 0.19999991E-05 0.20000009E-05 0.20000030E-05 0.20000009E-05 0.20000009E-05 0.20000009E-05 0.20000009E-05 0.20000009E-05 0.20000009E-05 0.20000009E-05 0.19999991E-05 0.20000009E-05 0.20000009E-05 0.20000009E-05 0.19999991E-05 0.20000009E-05 0.20000009E-05 0.20000009E-05 0.20000009E-05 0.20000009E-05 0.20000009E-05 0.20000009E-05 0.20000009E-05 0.20000009E-05 0.20000009E-05 0.20000009E-05 0.20000009E-05 0.20000009E-05 0.20000030E-05 0.20000009E-05 0.20000009E-05 0.20000009E-05 0.20000009E-05 0.20000009E-05 0.20000009E-05 0.20000009E-05 0.20000009E-05 0.20000009E-05 0.20000009E-05 0.20000009E-05 0.20000009E-05 0.20000009E-05 0.19999991E-05 0.20000009E-05 0.20000009E-05 0.20000009E-05 0.19999991E-05 0.20000009E-05 0.20000009E-05 0.20000009E-05 0.20000009E-05 0.20000009E-05 0.20000009E-05 0.20000009E-05 0.20000030E-05 0.20000009E-05 0.19999991E-05 0.20000030E-05 0.20000009E-05 0.20000030E-05 0.20000030E-05 0.20000009E-05 0.19999991E-05 0.20000009E-05 0.20000009E-05 0.20000030E-05 0.20000009E-05 0.20000009E-05 0.20000030E-05 0.20000009E-05 0.20000009E-05 0.20000030E-05
 0.20000009E-05 0.20000009E-05 0.20000009E-05 0.20000009E-05 0.20000009E-05 0.20000009E-05 0.20000009E-05 0.20000030E-05 0.20000009E-05 0.20000009E-05 0.20000009E-05 0.19999991E-05 0.20000009E-05 0.20000030E-05 0.20000009E-05 0.20000030E-05 0.20000009E-05 0.19999991E-05 0.20000009E-05 0.19999991E-05 0.19999991E-05 0.20000030E-05 0.20000030E-05 0.20000009E-05 0.19999991E-05 0.20000030E-05 0.20000009E-05 0.20000009E-05 0.19999991E-05 0.20000009E-05 0.19999991E-05 0.20000009E-05 0.20000009E-05 0.20000009E-05 0.19999991E-05 0.20000030E-05 0.20000009E-05 0.20000009E-05 0.19999991E-05 0.20000009E-05 0.20000009E-05 0.20000009E-05 0.20000030E-05 0.20000009E-05 0.20000030E-05 0.20000009E-05 0.20000009E-05 0.20000009E-05 0.19999991E-05 0.20000009E-05 0.20000009E-05 0.20000030E-05 0.19999991E-05 0.20000009E-05 0.20000009E-05 0.20000009E-05 0.19999991E-05 0.20000009E-05 0.19999991E-05 0.20000009E-05 0.20000009E-05 0.20000030E-05 0.19999991E-05 0.20000009E-05 0.20000030E-05 0.20000030E-05 0.19999991E-05 0.19999991E-05 0.20000009E-05 0.19999991E-05 0.20000009E-05 0.20000030E-05 0.20000009E-05 0.20000030E-05 0.20000009E-05 0.19999991E-05 0.20000009E-05 0.20000009E-05 0.20000009E-05 0.20000030E-05 0.20000009E-05 0.20000009E-05 0.20000009E-05 0.20000009E-05 0.20000009E-05 0.20000009E-05 0.20000009E-05
 0.20000009E-05 0.20000009E-05 0.20000009E-05 0.20000009E-05 0.20000009E-05 0.19999991E-05 0.20000009E-05 0.20000009E-05 0.20000009E-05 0.20000030E-05 0.20000009E-05 0.20000009E-05 0.20000009E-05 0.20000009E-05 0.20000030E-05 0.20000009E-05 0.19999991E-05 0.20000009E-05 0.20000030E-05 0.20000009E-05 0.20000030E-05 0.20000009E-05 0.20000030E-05 0.20000009E-05 0.20000030E-05 0.19999991E-05 0.20000009E-05 0.20000009E-05 0.20000009E-05 0.20000030E-05 0.20000009E-05 0.19999991E-05 0.20000009E-05 0.20000009E-05 0.20000009E-05 0.20000030E-05 0.20000030E-05 0.20000030E-05 0.20000009E-05 0.20000009E-05 0.19999991E-05 0.19999991E-05 0.20000009E-05 0.20000030E-05 0.20000009E-05 0.19999991E-05 0.19999991E-05 0.20000009E-05 0.20000009E-05 0.20000030E-05 0.20000030E-05 0.20000030E-05 0.20000009E-05 0.20000009E-05 0.20000009E-05 0.19999991E-05 0.20000009E-05 0.20000030E-05 0.20000009E-05 0.20000009E-05 0.20000009E-05 0.19999991E-05 0.20000030E-05 0.20000009E-05 0.20000030E-05 0.20000009E-05 0.20000030E-05 0.20000009E-05 0.20000030E-05 0.20000009E-05 0.19999991E-05 0.20000009E-05 0.20000030E-05 0.20000009E-05 0.20000009E-05 0.20000009E-05 0.20000009E-05 0.20000030E-05 0.20000009E-05 0.20000009E-05 0.20000009E-05 0.19999991E-05 0.20000009E-05 0.20000009E-05 0.20000009E-05 0.20000009E-05 0.20000009E-05
 0.20000009E-05 0.20000009E-05 0.20000009E-05 0.20000009E-05 0.20000009E-05 0.20000009E-05 0.20000009E-05 0.20000030E-05 0.20000009E-05 0.20000009E-05 0.19999991E-05 0.20000009E-05 0.19999991E-05 0.20000009E-05 0.20000009E-05 0.20000030E-05 0.19999991E-05 0.20000009E-05 0.20000009E-05 0.20000030E-05 0.20000009E-05 0.19999991E-05 0.20000009E-05 0.20000009E-05 0.20000009E-05 0.20000009E-05 0.19999991E-05 0.19999991E-05 0.20000009E-05 0.20000009E-05 0.20000030E-05 0.19999991E-05 0.19999991E-05 0.20000009E-05 0.20000030E-05 0.20000009E-05 0.20000030E-05 0.20000009E-05 0.20000009E-05 0.20000009E-05 0.20000009E-05 0.19999991E-05 0.20000030E-05 0.20000030E-05 0.20000030E-05 0.19999991E-05 0.20000009E-05 0.20000009E-05 0.20000009E-05 0.20000009E-05 0.20000030E-05 0.20000009E-05 0.20000030E-05 0.20000009E-05 0.19999991E-05 0.19999991E-05 0.20000030E-05 0.20000009E-05 0.20000009E-05 0.19999991E-05 0.19999991E-05 0.20000009E-05 0.20000009E-05 0.20000009E-05 0.20000009E-05 0.19999991E-05 0.20000009E-05 0.20000030E-05 0.20000009E-05 0.20000009E-05 0.19999991E-05 0.20000030E-05 0.20000009E-05 0.20000009E-05 0.19999991E-05 0.20000009E-05 0.19999991E-05 0.20000009E-05 0.20000009E-05 0.20000030E-05 0.20000009E-05 0.20000009E-05 0.20000009E-05 0.20000009E-05 0.20000009E-05 0.20000009E-05 0.20000009E-05
 0.20000009E-05 0.20000009E-05 0.20000009E-05 0.20000009E-05 0.20000009E-05 0.20000009E-05 0.20000009E-05 0.20000009E-05 0.20000009E-05 0.20000009E-05 0.20000009E-05 0.20000009E-05 0.20000030E-05 0.20000030E-05 0.20000009E-05 0.20000009E-05 0.20000009E-05 0.20000009E-05 0.19999991E-05 0.19999991E-05 0.20000009E-05 0.20000009E-05 0.20000030E-05 0.20000009E-05 0.20000009E-05 0.19999991E-05 0.20000009E-05 0.20000009E-05 0.20000030E-05 0.20000009E-05 0.20000030E-05 0.19999991E-05 0.20000009E-05 0.20000009E-05 0.20000009E-05 0.19999991E-05 0.20000030E-05 0.20000030E-05 0.20000009E-05 0.20000009E-05 0.20000030E-05 0.20000009E-05 0.20000009E-05 0.20000009E-05 0.20000009E-05 0.20000009E-05 0.20000030E-05 0.20000009E-05 0.20000009E-05 0.20000030E-05 0.20000030E-05 0.19999991E-05 0.20000009E-05 0.20000009E-05 0.20000009E-05 0.19999991E-05 0.20000030E-05 0.20000009E-05 0.20000030E-05 0.20000009E-05 0.20000009E-05 0.19999991E-05 0.20000009E-05 0.20000009E-05 0.20000030E-05 0.20000009E-05 0.20000009E-05 0.19999991E-05 0.19999991E-05 0.20000009E-05 0.20000009E-05 0.20000009E-05 0.20000009E-05 0.20000030E-05 0.20000030E-05 0.20000009E-05 0.20000009E-05 0.20000009E-05 0.20000009E-05 0.20000009E-05 0.20000009E-05 0.20000009E-05 0.20000009E-05 0.20000009E-05 0.20000009E-05 0.20000009E-05 0.20000009E-05
 0.20000009E-05 0.20000009E-05 0.20000009E-05 0.20000009E-05 0.20000009E-05 0.20000009E-05 0.20000009E-05 0.19999991E-05 0.20000030E-05 0.20000009E-05 0.20000009E-05 0.20000009E-05 0.20000009E-05 0.20000009E-05 0.19999991E-05 0.19999991E-05 0.19999991E-05 0.20000009E-05 0.19999991E-05 0.20000009E-05 0.20000030E-05 0.20000009E-05 0.20000009E-05 0.20000009E-05 0.20000050E-05 0.20000009E-05 0.20000009E-05 0.19999991E-05 0.20000009E-05 0.20000009E-05 0.20000009E-05 0.20000009E-05 0.20000009E-05 0.19999991E-05 0.20000009E-05 0.20000009E-05 0.19999991E-05 0.20000009E-05 0.20000009E-05 0.20000030E-05 0.20000009E-05 0.20000009E-05 0.20000009E-05 0.20000009E-05 0.20000009E-05 0.20000009E-05 0.20000009E-05 0.20000030E-05 0.20000009E-05 0.20000009E-05 0.19999991E-05 0.20000009E-05 0.20000009E-05 0.19999991E-05 0.20000009E-05 0.20000009E-05 0.20000009E-05 0.20000009E-05 0.20000009E-05 0.19999991E-05 0.20000009E-05 0.20000009E-05 0.20000050E-05 0.20000009E-05 0.20000009E-05 0.20000009E-05 0.20000030E-05 0.20000009E-05 0.19999991E-05 0.20000009E-05 0.19999991E-05 0.19999991E-05 0.19999991E-05 0.20000009E-05 0.20000009E-05 0.20000009E-05 0.20000009E-05 0.20000009E-05 0.20000030E-05 0.19999991E-05 0.20000009E-05 0.20000009E-05 0.20000009E-05 0.20000009E-05 0.20000009E-05 0.20000009E-05 0.20000009E-05
 0.20000009E-05 0.20000009E-05 0.20000009E-05 0.20000009E-05 0.20000009E-05 0.20000009E-05 0.20000009E-05 0.20000009E-05 0.20000009E-05 0.20000009E-05 0.20000030E-05 0.20000030E-05 0.20000009E-05 0.20000009E-05 0.20000009E-05 0.20000030E-05 0.20000009E-05 0.19999991E-05 0.20000009E-05 0.20000009E-05 0.20000030E-05 0.20000030E-05 0.20000009E-05 0.19999991E-05 0.20000009E-05 0.20000009E-05 0.20000009E-05 0.20000009E-05 0.20000009E-05 0.20000030E-05 0.20000009E-05 0.20000030E-05 0.19999991E-05 0.19999991E-05 0.20000009E-05 0.20000009E-05 0.20000009E-05 0.20000009E-05 0.20000009E-05 0.20000009E-05 0.20000009E-05 0.19999991E-05 0.19999991E-05 0.20000009E-05 0.19999991E-05 0.19999991E-05 0.20000009E-05 0.20000009E-05 0.20000009E-05 0.20000009E-05 0.20000009E-05 0.20000009E-05 0.20000009E-05 0.19999991E-05 0.19999991E-05 0.20000030E-05 0.20000009E-05 0.20000030E-05 0.20000009E-05 0.20000009E-05 0.20000009E-05 0.20000009E-05 0.20000009E-05 0.19999991E-05 0.20000009E-05 0.20000030E-05 0.20000030E-05 0.20000009E-05 0.20000009E-05 0.19999991E-05 0.20000009E-05 0.20000030E-05 0.20000009E-05 0.20000009E-05 0.20000009E-05 0.20000030E-05 0.20000030E-05 0.20000009E-05 0.20000009E-05 0.20000009E-05 0.20000009E-05 0.20000009E-05 0.20000009E-05 0.20000009E-05 0.20000009E-05 0.20000009E-05 0.20000009E-05
 0.20000009E-05 0.20000009E-05 0.20000009E-05 0.20000009E-05 0.20000009E-05 0.20000009E-05 0.20000009E-05 0.20000009E-05 0.20000009E-05 0.20000030E-05 0.20000009E-05 0.20000030E-05 0.20000009E-05 0.20000009E-05 0.20000009E-05 0.20000030E-05 0.20000009E-05 0.20000009E-05 0.20000030E-05 0.20000009E-05 0.20000009E-05 0.20000030E-05 0.20000009E-05 0.20000030E-05 0.19999991E-05 0.20000009E-05 0.20000009E-05 0.20000030E-05 0.19999991E-05 0.20000009E-05 0.20000009E-05 0.19999991E-05 0.20000009E-05 0.19999991E-05 0.20000030E-05 0.19999991E-05 0.20000009E-05 0.20000009E-05 0.20000030E-05 0.20000030E-05 0.20000009E-05 0.20000030E-05 0.20000030E-05 0.19999991E-05 0.20000030E-05 0.20000030E-05 0.20000009E-05 0.20000030E-05 0.20000030E-05 0.20000009E-05 0.20000009E-05 0.19999991E-05 0.20000030E-05 0.19999991E-05 0.20000009E-05 0.19999991E-05 0.20000009E-05 0.20000009E-05 0.19999991E-05 0.20000030E-05 0.20000009E-05 0.20000009E-05 0.19999991E-05 0.20000030E-05 0.20000009E-05 0.20000030E-05 0.20000009E-05 0.20000009E-05 0.20000030E-05 0.20000009E-05 0.20000009E-05 0.20000030E-05 0.20000009E-05 0.20000009E-05 0.20000009E-05 0.20000030E-05 0.20000009E-05 0.20000030E-05 0.20000009E-05 0.20000009E-05 0.20000009E-05 0.20000009E-05 0.20000009E-05 0.20000009E-05 0.20000009E-05 0.20000009E-05 0.20000009E-05
 0.20000009E-05 0.20000009E-05 0.20000009E-05 0.20000009E-05 0.20000009E-05 0.20000009E-05 0.20000009E-05 0.19999991E-05 0.20000030E-05 0.20000009E-05 0.20000009E-05 0.19999991E-05 0.20000009E-05 0.20000009E-05 0.19999991E-05 0.20000009E-05 0.20000009E-05 0.20000009E-05 0.20000009E-05 0.20000009E-05 0.20000030E-05 0.19999991E-05 0.19999991E-05 0.20000030E-05 0.20000009E-05 0.19999991E-05 0.19999991E-05 0.19999991E-05 0.19999991E-05 0.20000009E-05 0.20000009E-05 0.20000009E-05 0.20000009E-05 0.19999991E-05 0.20000009E-05 0.20000030E-05 0.20000030E-05 0.20000030E-05 0.20000030E-05 0.20000009E-05 0.20000009E-05 0.19999991E-05 0.20000009E-05 0.20000030E-05 0.20000009E-05 0.19999991E-05 0.20000009E-05 0.20000009E-05 0.20000030E-05 0.20000030E-05 0.20000030E-05 0.20000030E-05 0.20000009E-05 0.19999991E-05 0.20000009E-05 0.20000009E-05 0.20000009E-05 0.20000009E-05 0.19999991E-05 0.19999991E-05 0.19999991E-05 0.19999991E-05 0.20000009E-05 0.20000030E-05 0.19999991E-05 0.19999991E-05 0.20000030E-05 0.20000009E-05 0.20000009E-05 0.20000009E-05 0.20000009E-05 0.20000009E-05 0.19999991E-05 0.20000009E-05 0.20000009E-05 0.19999991E-05 0.20000009E-05 0.20000009E-05 0.20000030E-05 0.19999991E-05 0.20000009E-05 0.20000009E-05 0.20000009E-05 0.20000009E-05 0.20000009E-05 0.20000009E-05 0.20000009E-05
 0.20000009E-05 0.20000009E-05 0.20000030E-05 0.20000009E-05 0.20000009E-05 0.20000009E-05 0.20000009E-05 0.20000009E-05 0.19999991E-05 0.20000009E-05 0.20000030E-05 0.20000030E-05 0.20000009E-05 0.20000009E-05 0.20000030E-05 0.20000030E-05 0.20000009E-05 0.20000009E-05 0.20000030E-05 0.20000009E-05 0.20000009E-05 0.19999991E-05 0.19999991E-05 0.19999991E-05 0.19999991E-05 0.20000009E-05 0.20000009E-05 0.20000009E-05 0.20000009E-05 0.20000009E-05 0.20000009E-05 0.20000030E-05 0.20000009E-05 0.19999991E-05 0.19999991E-05 0.19999991E-05 0.20000009E-05 0.20000009E-05 0.20000009E-05 0.20000030E-05 0.20000009E-05 0.20000009E-05 0.20000009E-05 0.20000009E-05 0.20000009E-05 0.20000009E-05 0.20000009E-05 0.20000030E-05 0.20000009E-05 0.20000009E-05 0.20000009E-05 0.19999991E-05 0.19999991E-05 0.19999991E-05 0.20000009E-05 0.20000030E-05 0.20000009E-05 0.20000009E-05 0.20000009E-05 0.20000009E-05 0.20000009E-05 0.20000009E-05 0.19999991E-05 0.19999991E-05 0.19999991E-05 0.19999991E-05 0.20000009E-05 0.20000009E-05 0.20000030E-05 0.20000009E-05 0.20000009E-05 0.20000030E-05 0.20000030E-05 0.20000009E-05 0.20000009E-05 0.20000030E-05 0.20000030E-05 0.20000009E-05 0.19999991E-05 0.20000009E-05 0.20000009E-05 0.20000009E-05 0.20000009E-05 0.20000009E-05 0.20000030E-05 0.20000009E-05 0.20000009E-05
 0.20000009E-05 0.20000009E-05 0.20000009E-05 0.20000009E-05 0.20000009E-05 0.20000009E-05 0.20000009E-05 0.20000009E-05 0.20000009E-05 0.20000009E-05 0.20000030E-05 0.20000009E-05 0.20000009E-05 0.19999991E-05 0.20000009E-05 0.20000030E-05 0.20000009E-05 0.19999991E-05 0.20000030E-05 0.20000009E-05 0.20000009E-05 0.20000030E-05 0.20000030E-05 0.19999991E-05 0.19999991E-05 0.20000009E-05 0.20000009E-05 0.20000009E-05 0.20000009E-05 0.19999991E-05 0.20000030E-05 0.20000009E-05 0.20000030E-05 0.20000009E-05 0.20000009E-05 0.20000009E-05 0.20000009E-05 0.20000030E-05 0.20000009E-05 0.20000009E-05 0.20000030E-05 0.20000009E-05 0.20000009E-05 0.20000009E-05 0.20000009E-05 0.20000009E-05 0.20000030E-05 0.20000009E-05 0.20000009E-05 0.20000030E-05 0.20000009E-05 0.20000009E-05 0.20000009E-05 0.20000009E-05 0.20000030E-05 0.20000009E-05 0.20000030E-05 0.19999991E-05 0.20000009E-05 0.20000009E-05 0.20000009E-05 0.20000009E-05 0.19999991E-05 0.19999991E-05 0.20000030E-05 0.20000030E-05 0.20000009E-05 0.20000009E-05 0.20000030E-05 0.19999991E-05 0.20000009E-05 0.20000030E-05 0.20000009E-05 0.19999991E-05 0.20000009E-05 0.20000009E-05 0.20000030E-05 0.20000009E-05 0.20000009E-05 0.20000009E-05 0.20000009E-05 0.20000009E-05 0.20000009E-05 0.20000009E-05 0.20000009E-05 0.20000009E-05 0.20000009E-05
 0.20000009E-05 0.20000009E-05 0.20000030E-05 0.20000009E-05 0.20000009E-05 0.20000009E-05 0.20000009E-05 0.20000009E-05 0.20000009E-05 0.20000009E-05 0.20000009E-05 0.20000009E-05 0.19999991E-05 0.20000009E-05 0.20000009E-05 0.19999991E-05 0.20000009E-05 0.20000030E-05 0.20000009E-05 0.20000009E-05 0.20000009E-05 0.20000009E-05 0.20000030E-05 0.19999991E-05 0.20000030E-05 0.19999991E-05 0.20000030E-05 0.20000009E-05 0.20000009E-05 0.19999991E-05 0.20000009E-05 0.20000009E-05 0.19999959E-05 0.20000009E-05 0.20000030E-05 0.20000009E-05 0.20000030E-05 0.19999991E-05 0.20000030E-05 0.20000009E-05 0.20000030E-05 0.20000009E-05 0.20000030E-05 0.19999959E-05 0.20000030E-05 0.20000009E-05 0.20000030E-05 0.20000009E-05 0.20000030E-05 0.19999991E-05 0.20000030E-05 0.20000009E-05 0.20000030E-05 0.20000009E-05 0.19999959E-05 0.20000009E-05 0.20000009E-05 0.19999991E-05 0.20000009E-05 0.20000009E-05 0.20000030E-05 0.19999991E-05 0.20000030E-05 0.19999991E-05 0.20000030E-05 0.20000009E-05 0.20000009E-05 0.20000009E-05 0.20000009E-05 0.20000030E-05 0.20000009E-05 0.19999991E-05 0.20000009E-05 0.20000009E-05 0.19999991E-05 0.20000009E-05 0.20000009E-05 0.20000009E-05 0.20000009E-05 0.20000009E-05 0.20000009E-05 0.20000009E-05 0.20000009E-05 0.20000009E-05 0.20000030E-05 0.20000009E-05 0.20000009E-05
 0.20000009E-05 0.20000009E-05 0.20000009E-05 0.20000009E-05 0.20000009E-05 0.20000009E-05 0.20000009E-05 0.20000009E-05 0.20000009E-05 0.20000009E-05 0.20000009E-05 0.19999991E-05 0.19999991E-05 0.19999991E-05 0.20000009E-05 0.20000030E-05 0.20000009E-05 0.20000030E-05 0.20000009E-05 0.20000030E-05 0.19999991E-05 0.20000009E-05 0.19999991E-05 0.20000030E-05 0.20000009E-05 0.19999991E-05 0.20000009E-05 0.20000009E-05 0.19999991E-05 0.20000009E-05 0.20000009E-05 0.20000030E-05 0.20000009E-05 0.20000030E-05 0.20000030E-05 0.20000009E-05 0.20000009E-05 0.20000030E-05 0.20000009E-05 0.19999991E-05 0.20000009E-05 0.20000030E-05 0.20000030E-05 0.20000009E-05 0.20000030E-05 0.20000030E-05 0.20000009E-05 0.19999991E-05 0.20000009E-05 0.20000030E-05 0.20000009E-05 0.20000009E-05 0.20000030E-05 0.20000030E-05 0.20000009E-05 0.20000030E-05 0.20000009E-05 0.20000009E-05 0.19999991E-05 0.20000009E-05 0.20000009E-05 0.19999991E-05 0.20000009E-05 0.20000030E-05 0.19999991E-05 0.20000009E-05 0.19999991E-05 0.20000030E-05 0.20000009E-05 0.20000030E-05 0.20000009E-05 0.20000030E-05 0.20000009E-05 0.19999991E-05 0.19999991E-05 0.19999991E-05 0.20000009E-05 0.20000009E-05 0.20000009E-05 0.20000009E-05 0.20000009E-05 0.20000009E-05 0.20000009E-05 0.20000009E-05 0.20000009E-05 0.20000009E-05 0.20000009E-05
 0.20000009E-05 0.20000009E-05 0.20000009E-05 0.20000009E-05 0.20000030E-05 0.20000009E-05 0.20000009E-05 0.20000009E-05 0.20000009E-05 0.20000009E-05 0.20000009E-05 0.20000009E-05 0.20000009E-05 0.20000030E-05 0.20000009E-05 0.19999991E-05 0.20000009E-05 0.20000009E-05 0.19999991E-05 0.20000030E-05 0.20000009E-05 0.20000009E-05 0.20000030E-05 0.19999991E-05 0.19999991E-05 0.19999991E-05 0.20000050E-05 0.20000030E-05 0.19999991E-05 0.19999991E-05 0.20000030E-05 0.19999991E-05 0.20000030E-05 0.19999991E-05 0.20000009E-05 0.20000009E-05 0.20000030E-05 0.20000030E-05 0.20000009E-05 0.19999991E-05 0.20000009E-05 0.19999991E-05 0.20000009E-05 0.19999959E-05 0.20000009E-05 0.19999991E-05 0.20000009E-05 0.19999991E-05 0.20000009E-05 0.20000030E-05 0.20000030E-05 0.20000009E-05 0.20000009E-05 0.19999991E-05 0.20000030E-05 0.19999991E-05 0.20000030E-05 0.19999991E-05 0.19999991E-05 0.20000030E-05 0.20000050E-05 0.19999991E-05 0.19999991E-05 0.19999991E-05 0.20000030E-05 0.20000009E-05 0.20000009E-05 0.20000030E-05 0.19999991E-05 0.20000009E-05 0.20000009E-05 0.19999991E-05 0.20000009E-05 0.20000030E-05 0.20000009E-05 0.20000009E-05 0.20000009E-05 0.20000009E-05 0.20000009E-05 0.20000009E-05 0.20000009E-05 0.20000009E-05 0.20000030E-05 0.20000009E-05 0.20000009E-05 0.20000009E-05 0.20000009E-05
 0.20000009E-05 0.20000030E-05 0.20000009E-05 0.20000009E-05 0.20000009E-05 0.20000009E-05 0.20000009E-05 0.20000009E-05 0.20000009E-05 0.20000030E-05 0.20000009E-05 0.20000009E-05 0.20000009E-05 0.20000009E-05 0.19999991E-05 0.20000009E-05 0.20000009E-05 0.20000030E-05 0.20000030E-05 0.19999991E-05 0.20000009E-05 0.19999991E-05 0.20000009E-05 0.20000030E-05 0.20000030E-05 0.20000009E-05 0.20000030E-05 0.19999991E-05 0.20000009E-05 0.19999991E-05 0.20000009E-05 0.20000009E-05 0.20000009E-05 0.19999991E-05 0.19999991E-05 0.20000009E-05 0.20000030E-05 0.19999991E-05 0.19999991E-05 0.19999991E-05 0.20000030E-05 0.20000009E-05 0.20000009E-05 0.20000009E-05 0.20000009E-05 0.20000009E-05 0.20000030E-05 0.19999991E-05 0.19999991E-05 0.19999991E-05 0.20000030E-05 0.20000009E-05 0.19999991E-05 0.19999991E-05 0.20000009E-05 0.20000009E-05 0.20000009E-05 0.19999991E-05 0.20000009E-05 0.19999991E-05 0.20000030E-05 0.20000009E-05 0.20000030E-05 0.20000030E-05 0.20000009E-05 0.19999991E-05 0.20000009E-05 0.19999991E-05 0.20000030E-05 0.20000030E-05 0.20000009E-05 0.20000009E-05 0.19999991E-05 0.20000009E-05 0.20000009E-05 0.20000009E-05 0.20000009E-05 0.20000030E-05 0.20000009E-05 0.20000009E-05 0.20000009E-05 0.20000009E-05 0.20000009E-05 0.20000009E-05 0.20000009E-05 0.20000030E-05 0.20000009E-05
 0.20000009E-05 0.20000009E-05 0.20000009E-05 0.20000009E-05 0.20000009E-05 0.20000009E-05 0.20000009E-05 0.20000009E-05 0.20000030E-05 0.20000009E-05 0.20000009E-05 0.20000009E-05 0.20000030E-05 0.20000030E-05 0.20000009E-05 0.20000009E-05 0.20000009E-05 0.19999991E-05 0.20000009E-05 0.19999991E-05 0.20000030E-05 0.20000009E-05 0.19999991E-05 0.20000030E-05 0.19999991E-05 0.20000009E-05 0.20000009E-05 0.19999991E-05 0.20000009E-05 0.20000009E-05 0.20000030E-05 0.19999991E-05 0.20000009E-05 0.19999991E-05 0.20000030E-05 0.19999991E-05 0.20000009E-05 0.20000009E-05 0.20000009E-05 0.20000009E-05 0.20000030E-05 0.20000009E-05 0.20000030E-05 0.20000030E-05 0.20000030E-05 0.20000009E-05 0.20000030E-05 0.20000009E-05 0.20000009E-05 0.20000009E-05 0.20000009E-05 0.19999991E-05 0.20000030E-05 0.19999991E-05 0.20000009E-05 0.19999991E-05 0.20000030E-05 0.20000009E-05 0.20000009E-05 0.19999991E-05 0.20000009E-05 0.20000009E-05 0.19999991E-05 0.20000030E-05 0.19999991E-05 0.20000009E-05 0.20000030E-05 0.19999991E-05 0.20000009E-05 0.19999991E-05 0.20000009E-05 0.20000009E-05 0.20000009E-05 0.20000030E-05 0.20000030E-05 0.20000009E-05 0.20000009E-05 0.20000009E-05 0.20000030E-05 0.20000009E-05 0.20000009E-05 0.20000009E-05 0.20000009E-05 0.20000009E-05 0.20000009E-05 0.20000009E-05 0.20000009E-05
 0.20000009E-05 0.20000009E-05 0.20000009E-05 0.20000009E-05 0.20000009E-05 0.19999991E-05 0.20000009E-05 0.20000009E-05 0.20000009E-05 0.20000009E-05 0.20000009E-05 0.20000009E-05 0.20000009E-05 0.20000009E-05 0.20000009E-05 0.20000009E-05 0.20000009E-05 0.20000030E-05 0.19999991E-05 0.20000009E-05 0.20000009E-05 0.19999991E-05 0.19999991E-05 0.20000009E-05 0.20000030E-05 0.19999991E-05 0.19999991E-05 0.20000009E-05 0.20000030E-05 0.20000009E-05 0.20000009E-05 0.20000009E-05 0.20000009E-05 0.20000009E-05 0.19999991E-05 0.20000009E-05 0.19999991E-05 0.19999959E-05 0.20000009E-05 0.20000009E-05 0.20000030E-05 0.19999991E-05 0.20000009E-05 0.20000050E-05 0.20000009E-05 0.19999991E-05 0.20000030E-05 0.20000009E-05 0.20000009E-05 0.19999959E-05 0.19999991E-05 0.20000009E-05 0.19999991E-05 0.20000009E-05 0.20000009E-05 0.20000009E-05 0.20000009E-05 0.20000009E-05 0.20000030E-05 0.20000009E-05 0.19999991E-05 0.19999991E-05 0.20000030E-05 0.20000009E-05 0.19999991E-05 0.19999991E-05 0.20000009E-05 0.20000009E-05 0.19999991E-05 0.20000030E-05 0.20000009E-05 0.20000009E-05 0.20000009E-05 0.20000009E-05 0.20000009E-05 0.20000009E-05 0.20000009E-05 0.20000009E-05 0.20000009E-05 0.20000009E-05 0.20000009E-05 0.19999991E-05 0.20000009E-05 0.20000009E-05 0.20000009E-05 0.20000009E-05 0.20000009E-05
 0.20000009E-05 0.20000009E-05 0.20000009E-05 0.20000009E-05 0.20000009E-05 0.20000009E-05 0.20000009E-05 0.20000030E-05 0.20000009E-05 0.20000009E-05 0.20000030E-05 0.19999991E-05 0.20000009E-05 0.20000009E-05 0.20000030E-05 0.19999991E-05 0.20000009E-05 0.20000009E-05 0.20000009E-05 0.20000030E-05 0.19999991E-05 0.20000009E-05 0.19999991E-05 0.19999991E-05 0.20000030E-05 0.19999991E-05 0.20000009E-05 0.20000030E-05 0.19999991E-05 0.20000009E-05 0.19999991E-05 0.20000050E-05 0.20000009E-05 0.20000009E-05 0.20000009E-05 0.20000009E-05 0.20000009E-05 0.19999991E-05 0.20000009E-05 0.20000009E-05 0.20000030E-05 0.19999991E-05 0.20000009E-05 0.19999959E-05 0.20000009E-05 0.19999991E-05 0.20000030E-05 0.20000009E-05 0.20000009E-05 0.19999991E-05 0.20000009E-05 0.20000009E-05 0.20000009E-05 0.20000009E-05 0.20000009E-05 0.20000050E-05 0.19999991E-05 0.20000009E-05 0.19999991E-05 0.20000030E-05 0.20000009E-05 0.19999991E-05 0.20000030E-05 0.19999991E-05 0.19999991E-05 0.20000009E-05 0.19999991E-05 0.20000030E-05 0.20000009E-05 0.20000009E-05 0.20000009E-05 0.19999991E-05 0.20000030E-05 0.20000009E-05 0.20000009E-05 0.19999991E-05 0.20000030E-05 0.20000009E-05 0.20000009E-05 0.20000030E-05 0.20000009E-05 0.20000009E-05 0.20000009E-05 0.20000009E-05 0.20000009E-05 0.20000009E-05 0.20000009E-05
 0.20000009E-05 0.20000009E-05 0.20000009E-05 0.20000009E-05 0.20000009E-05 0.20000009E-05 0.20000009E-05 0.20000009E-05 0.20000009E-05 0.20000009E-05 0.20000030E-05 0.20000009E-05 0.20000009E-05 0.20000009E-05 0.20000009E-05 0.20000009E-05 0.20000030E-05 0.20000009E-05 0.20000009E-05 0.20000009E-05 0.20000009E-05 0.20000009E-05 0.19999991E-05 0.20000009E-05 0.20000009E-05 0.20000009E-05 0.19999991E-05 0.20000009E-05 0.20000009E-05 0.19999991E-05 0.20000009E-05 0.20000009E-05 0.19999991E-05 0.20000030E-05 0.20000009E-05 0.19999991E-05 0.19999991E-05 0.19999991E-05 0.20000030E-05 0.20000009E-05 0.20000030E-05 0.19999991E-05 0.20000030E-05 0.20000050E-05 0.20000030E-05 0.19999991E-05 0.20000030E-05 0.20000009E-05 0.20000030E-05 0.19999991E-05 0.19999991E-05 0.19999991E-05 0.20000009E-05 0.20000030E-05 0.19999991E-05 0.20000009E-05 0.20000009E-05 0.19999991E-05 0.20000009E-05 0.20000009E-05 0.19999991E-05 0.20000009E-05 0.20000009E-05 0.20000009E-05 0.19999991E-05 0.20000009E-05 0.20000009E-05 0.20000009E-05 0.20000009E-05 0.20000009E-05 0.20000030E-05 0.20000009E-05 0.20000009E-05 0.20000009E-05 0.20000009E-05 0.20000009E-05 0.20000030E-05 0.20000009E-05 0.20000009E-05 0.20000009E-05 0.20000009E-05 0.20000009E-05 0.20000009E-05 0.20000009E-05 0.20000009E-05 0.20000009E-05 0.20000009E-05
 0.20000009E-05 0.20000009E-05 0.20000009E-05 0.20000009E-05 0.20000030E-05 0.20000009E-05 0.20000009E-05 0.20000009E-05 0.20000030E-05 0.20000009E-05 0.20000009E-05 0.19999991E-05 0.20000009E-05 0.20000009E-05 0.20000009E-05 0.19999991E-05 0.19999991E-05 0.20000009E-05 0.19999991E-05 0.19999991E-05 0.20000009E-05 0.20000009E-05 0.20000009E-05 0.20000009E-05 0.19999991E-05 0.19999991E-05 0.20000030E-05 0.19999991E-05 0.20000030E-05 0.19999991E-05 0.19999991E-05 0.20000009E-05 0.20000009E-05 0.20000030E-05 0.20000009E-05 0.20000030E-05 0.19999991E-05 0.20000009E-05 0.20000009E-05 0.20000009E-05 0.20000030E-05 0.20000030E-05 0.20000009E-05 0.20000009E-05 0.20000009E-05 0.20000030E-05 0.20000030E-05 0.20000009E-05 0.20000009E-05 0.20000009E-05 0.19999991E-05 0.20000030E-05 0.20000009E-05 0.20000030E-05 0.20000009E-05 0.20000009E-05 0.19999991E-05 0.19999991E-05 0.20000030E-05 0.19999991E-05 0.20000030E-05 0.19999991E-05 0.19999991E-05 0.20000009E-05 0.20000009E-05 0.20000009E-05 0.20000009E-05 0.19999991E-05 0.19999991E-05 0.20000009E-05 0.19999991E-05 0.19999991E-05 0.20000009E-05 0.20000009E-05 0.20000009E-05 0.19999991E-05 0.20000009E-05 0.20000009E-05 0.20000030E-05 0.20000009E-05 0.20000009E-05 0.20000009E-05 0.20000030E-05 0.20000009E-05 0.20000009E-05 0.20000009E-05 0.20000009E-05
 0.20000009E-05 0.20000009E-05 0.20000009E-05 0.20000009E-05 0.20000009E-05 0.20000009E-05 0.20000009E-05 0.20000009E-05 0.20000009E-05 0.20000030E-05 0.20000009E-05 0.19999991E-05 0.20000009E-05 0.20000009E-05 0.20000009E-05 0.19999991E-05 0.20000009E-05 0.20000009E-05 0.20000030E-05 0.20000009E-05 0.20000009E-05 0.20000030E-05 0.20000009E-05 0.19999991E-05 0.20000009E-05 0.20000009E-05 0.20000030E-05 0.20000009E-05 0.20000009E-05 0.20000050E-05 0.20000009E-05 0.20000009E-05 0.20000009E-05 0.19999991E-05 0.20000009E-05 0.19999991E-05 0.20000030E-05 0.20000009E-05 0.20000009E-05 0.20000009E-05 0.19999991E-05 0.19999991E-05 0.20000030E-05 0.20000050E-05 0.20000030E-05 0.19999991E-05 0.19999991E-05 0.20000009E-05 0.20000009E-05 0.20000009E-05 0.20000030E-05 0.19999991E-05 0.20000009E-05 0.19999991E-05 0.20000009E-05 0.20000009E-05 0.20000009E-05 0.20000050E-05 0.20000009E-05 0.20000009E-05 0.20000030E-05 0.20000009E-05 0.20000009E-05 0.19999991E-05 0.20000009E-05 0.20000030E-05 0.20000009E-05 0.20000009E-05 0.20000030E-05 0.20000009E-05 0.20000009E-05 0.19999991E-05 0.20000009E-05 0.20000009E-05 0.20000009E-05 0.19999991E-05 0.20000009E-05 0.20000030E-05 0.20000009E-05 0.20000009E-05 0.20000009E-05 0.20000009E-05 0.20000009E-05 0.20000009E-05 0.20000009E-05 0.20000009E-05 0.20000009E-05
 0.20000009E-05 0.20000009E-05 0.20000009E-05 0.20000009E-05 0.20000009E-05 0.20000009E-05 0.20000009E-05 0.20000009E-05 0.20000009E-05 0.19999991E-05 0.20000009E-05 0.20000030E-05 0.19999991E-05 0.20000030E-05 0.20000009E-05 0.20000009E-05 0.20000009E-05 0.20000030E-05 0.20000009E-05 0.19999991E-05 0.20000009E-05 0.20000009E-05 0.19999991E-05 0.19999991E-05 0.19999991E-05 0.20000009E-05 0.19999991E-05 0.20000009E-05 0.19999991E-05 0.20000030E-05 0.20000009E-05 0.19999991E-05 0.20000009E-05 0.19999991E-05 0.20000009E-05 0.19999991E-05 0.20000030E-05 0.20000009E-05 0.20000009E-05 0.19999991E-05 0.20000030E-05 0.19999991E-05 0.20000009E-05 0.19999991E-05 0.20000009E-05 0.19999991E-05 0.20000030E-05 0.19999991E-05 0.20000009E-05 0.20000009E-05 0.20000030E-05 0.19999991E-05 0.20000009E-05 0.19999991E-05 0.20000009E-05 0.19999991E-05 0.20000009E-05 0.20000030E-05 0.19999991E-05 0.20000009E-05 0.19999991E-05 0.20000009E-05 0.19999991E-05 0.19999991E-05 0.19999991E-05 0.20000009E-05 0.20000009E-05 0.19999991E-05 0.20000009E-05 0.20000030E-05 0.20000009E-05 0.20000009E-05 0.20000009E-05 0.20000030E-05 0.19999991E-05 0.20000030E-05 0.20000009E-05 0.19999991E-05 0.20000009E-05 0.20000009E-05 0.20000009E-05 0.20000009E-05 0.20000009E-05 0.20000009E-05 0.20000009E-05 0.20000009E-05 0.20000009E-05
 0.20000030E-05 0.20000009E-05 0.20000009E-05 0.20000030E-05 0.20000009E-05 0.20000009E-05 0.20000030E-05 0.20000009E-05 0.20000009E-05 0.20000009E-05 0.20000009E-05 0.20000009E-05 0.20000009E-05 0.20000009E-05 0.20000009E-05 0.20000030E-05 0.20000030E-05 0.20000030E-05 0.20000009E-05 0.19999991E-05 0.20000030E-05 0.20000009E-05 0.20000009E-05 0.20000009E-05 0.20000009E-05 0.20000009E-05 0.20000009E-05 0.20000009E-05 0.20000009E-05 0.20000009E-05 0.20000009E-05 0.20000030E-05 0.20000009E-05 0.20000030E-05 0.20000030E-05 0.20000050E-05 0.19999991E-05 0.20000009E-05 0.20000009E-05 0.19999991E-05 0.19999991E-05 0.20000030E-05 0.19999991E-05 0.19999991E-05 0.19999991E-05 0.20000030E-05 0.19999991E-05 0.19999991E-05 0.20000009E-05 0.20000009E-05 0.19999991E-05 0.20000050E-05 0.20000030E-05 0.20000030E-05 0.20000009E-05 0.20000030E-05 0.20000009E-05 0.20000009E-05 0.20000009E-05 0.20000009E-05 0.20000009E-05 0.20000009E-05 0.20000009E-05 0.20000009E-05 0.20000009E-05 0.20000009E-05 0.20000030E-05 0.19999991E-05 0.20000009E-05 0.20000030E-05 0.20000030E-05 0.20000030E-05 0.20000009E-05 0.20000009E-05 0.20000009E-05 0.20000009E-05 0.20000009E-05 0.20000009E-05 0.20000009E-05 0.20000009E-05 0.20000030E-05 0.20000009E-05 0.20000009E-05 0.20000030E-05 0.20000009E-05 0.20000009E-05 0.20000030E-05
 0.20000009E-05 0.19999991E-05 0.20000009E-05 0.20000009E-05 0.20000009E-05 0.20000009E-05 0.20000009E-05 0.20000009E-05 0.20000009E-05 0.20000009E-05 0.19999991E-05 0.20000030E-05 0.20000009E-05 0.20000030E-05 0.19999991E-05 0.20000009E-05 0.20000030E-05 0.20000009E-05 0.20000009E-05 0.20000009E-05 0.20000009E-05 0.19999991E-05 0.20000009E-05 0.20000009E-05 0.20000009E-05 0.19999991E-05 0.19999991E-05 0.20000009E-05 0.19999991E-05 0.20000009E-05 0.19999991E-05 0.20000009E-05 0.20000009E-05 0.20000009E-05 0.19999991E-05 0.19999991E-05 0.19999991E-05 0.20000009E-05 0.19999991E-05 0.20000009E-05 0.20000009E-05 0.19999991E-05 0.20000009E-05 0.19999991E-05 0.20000009E-05 0.19999991E-05 0.20000009E-05 0.20000009E-05 0.19999991E-05 0.20000009E-05 0.19999991E-05 0.19999991E-05 0.19999991E-05 0.20000009E-05 0.20000009E-05 0.20000009E-05 0.19999991E-05 0.20000009E-05 0.19999991E-05 0.20000009E-05 0.19999991E-05 0.19999991E-05 0.20000009E-05 0.20000009E-05 0.20000009E-05 0.19999991E-05 0.20000009E-05 0.20000009E-05 0.20000009E-05 0.20000009E-05 0.20000030E-05 0.20000009E-05 0.19999991E-05 0.20000030E-05 0.20000009E-05 0.20000030E-05 0.19999991E-05 0.20000009E-05 0.20000009E-05 0.20000009E-05 0.20000009E-05 0.20000009E-05 0.20000009E-05 0.20000009E-05 0.20000009E-05 0.19999991E-05 0.20000009E-05
 0.20000009E-05 0.20000009E-05 0.20000030E-05 0.20000009E-05 0.20000009E-05 0.20000030E-05 0.20000009E-05 0.20000009E-05 0.20000009E-05 0.20000009E-05 0.20000009E-05 0.19999991E-05 0.19999991E-05 0.20000009E-05 0.20000009E-05 0.20000009E-05 0.19999991E-05 0.20000009E-05 0.20000009E-05 0.20000009E-05 0.20000030E-05 0.20000009E-05 0.19999991E-05 0.20000009E-05 0.20000009E-05 0.19999991E-05 0.20000009E-05 0.20000009E-05 0.19999991E-05 0.19999991E-05 0.20000009E-05 0.20000009E-05 0.20000030E-05 0.20000009E-05 0.20000030E-05 0.20000009E-05 0.20000009E-05 0.20000009E-05 0.20000009E-05 0.20000009E-05 0.20000009E-05 0.20000009E-05 0.20000030E-05 0.20000030E-05 0.20000030E-05 0.20000009E-05 0.20000009E-05 0.20000009E-05 0.20000009E-05 0.20000009E-05 0.20000009E-05 0.20000009E-05 0.20000030E-05 0.20000009E-05 0.20000030E-05 0.20000009E-05 0.20000009E-05 0.19999991E-05 0.19999991E-05 0.20000009E-05 0.20000009E-05 0.19999991E-05 0.20000009E-05 0.20000009E-05 0.19999991E-05 0.20000009E-05 0.20000030E-05 0.20000009E-05 0.20000009E-05 0.20000009E-05 0.19999991E-05 0.20000009E-05 0.20000009E-05 0.20000009E-05 0.19999991E-05 0.19999991E-05 0.20000009E-05 0.20000009E-05 0.20000009E-05 0.20000009E-05 0.20000009E-05 0.20000030E-05 0.20000009E-05 0.20000009E-05 0.20000030E-05 0.20000009E-05 0.20000009E-05
 0.20000009E-05 0.20000009E-05 0.20000009E-05 0.20000009E-05 0.20000009E-05 0.20000009E-05 0.20000009E-05 0.20000009E-05 0.19999991E-05 0.20000009E-05 0.20000009E-05 0.20000009E-05 0.20000009E-05 0.20000009E-05 0.20000009E-05 0.19999991E-05 0.20000009E-05 0.19999991E-05 0.20000009E-05 0.20000009E-05 0.20000009E-05 0.20000030E-05 0.20000009E-05 0.20000030E-05 0.19999941E-05 0.20000009E-05 0.20000009E-05 0.20000009E-05 0.20000009E-05 0.20000009E-05 0.20000009E-05 0.20000030E-05 0.20000009E-05 0.20000009E-05 0.19999991E-05 0.20000030E-05 0.20000009E-05 0.20000009E-05 0.19999991E-05 0.20000030E-05 0.20000009E-05 0.20000009E-05 0.20000030E-05 0.20000030E-05 0.20000030E-05 0.20000009E-05 0.20000009E-05 0.20000030E-05 0.19999991E-05 0.20000009E-05 0.20000009E-05 0.20000030E-05 0.19999991E-05 0.20000009E-05 0.20000009E-05 0.20000030E-05 0.20000009E-05 0.20000009E-05 0.20000009E-05 0.20000009E-05 0.20000009E-05 0.20000009E-05 0.19999941E-05 0.20000030E-05 0.20000009E-05 0.20000030E-05 0.20000009E-05 0.20000009E-05 0.20000009E-05 0.19999991E-05 0.20000009E-05 0.19999991E-05 0.20000009E-05 0.20000009E-05 0.20000009E-05 0.20000009E-05 0.20000009E-05 0.20000009E-05 0.19999991E-05 0.20000009E-05 0.20000009E-05 0.20000009E-05 0.20000009E-05 0.20000009E-05 0.20000009E-05 0.20000009E-05 0.20000009E-05
 0.20000009E-05 0.19999991E-05 0.20000009E-05 0.20000009E-05 0.20000009E-05 0.20000009E-05 0.20000009E-05 0.20000009E-05 0.20000009E-05 0.19999991E-05 0.20000030E-05 0.19999991E-05 0.20000009E-05 0.20000009E-05 0.19999991E-05 0.19999991E-05 0.20000009E-05 0.20000030E-05 0.20000009E-05 0.19999991E-05 0.20000009E-05 0.20000009E-05 0.19999991E-05 0.20000009E-05 0.20000009E-05 0.20000030E-05 0.20000009E-05 0.19999991E-05 0.20000009E-05 0.20000009E-05 0.19999991E-05 0.20000050E-05 0.19999991E-05 0.20000009E-05 0.19999991E-05 0.20000009E-05 0.20000050E-05 0.20000009E-05 0.20000030E-05 0.19999991E-05 0.20000030E-05 0.20000009E-05 0.20000009E-05 0.20000009E-05 0.20000009E-05 0.20000009E-05 0.20000030E-05 0.19999991E-05 0.20000030E-05 0.20000009E-05 0.20000050E-05 0.20000009E-05 0.19999991E-05 0.20000009E-05 0.19999991E-05 0.20000050E-05 0.19999991E-05 0.20000009E-05 0.20000009E-05 0.19999991E-05 0.20000009E-05 0.20000030E-05 0.20000009E-05 0.20000009E-05 0.19999991E-05 0.20000009E-05 0.20000009E-05 0.19999991E-05 0.20000009E-05 0.20000030E-05 0.20000009E-05 0.19999991E-05 0.19999991E-05 0.20000009E-05 0.20000009E-05 0.19999991E-05 0.20000030E-05 0.19999991E-05 0.20000009E-05 0.20000009E-05 0.20000009E-05 0.20000009E-05 0.20000009E-05 0.20000009E-05 0.20000009E-05 0.19999991E-05 0.20000009E-05
 0.20000009E-05 0.20000009E-05 0.20000009E-05 0.20000009E-05 0.20000009E-05 0.20000009E-05 0.20000009E-05 0.20000030E-05 0.20000009E-05 0.20000030E-05 0.20000009E-05 0.20000009E-05 0.20000009E-05 0.20000009E-05 0.20000009E-05 0.20000009E-05 0.20000009E-05 0.20000009E-05 0.19999991E-05 0.20000009E-05 0.20000009E-05 0.20000030E-05 0.20000009E-05 0.19999991E-05 0.19999991E-05 0.19999991E-05 0.20000030E-05 0.20000009E-05 0.20000009E-05 0.20000030E-05 0.19999991E-05 0.20000030E-05 0.20000009E-05 0.19999991E-05 0.19999991E-05 0.20000030E-05 0.20000009E-05 0.20000030E-05 0.19999991E-05 0.20000030E-05 0.19999991E-05 0.20000009E-05 0.20000030E-05 0.20000030E-05 0.20000030E-05 0.20000009E-05 0.19999991E-05 0.20000030E-05 0.19999991E-05 0.20000030E-05 0.20000009E-05 0.20000030E-05 0.19999991E-05 0.19999991E-05 0.20000009E-05 0.20000030E-05 0.19999991E-05 0.20000030E-05 0.20000009E-05 0.20000009E-05 0.20000030E-05 0.19999991E-05 0.19999991E-05 0.19999991E-05 0.20000009E-05 0.20000030E-05 0.20000009E-05 0.20000009E-05 0.19999991E-05 0.20000009E-05 0.20000009E-05 0.20000009E-05 0.20000009E-05 0.20000009E-05 0.20000009E-05 0.20000009E-05 0.20000009E-05 0.20000030E-05 0.20000009E-05 0.20000030E-05 0.20000009E-05 0.20000009E-05 0.20000009E-05 0.20000009E-05 0.20000009E-05 0.20000009E-05 0.20000009E-05
 0.20000009E-05 0.20000009E-05 0.20000009E-05 0.20000009E-05 0.20000009E-05 0.20000009E-05 0.20000009E-05 0.20000009E-05 0.20000009E-05 0.20000009E-05 0.20000009E-05 0.20000009E-05 0.20000009E-05 0.20000009E-05 0.19999991E-05 0.19999991E-05 0.20000009E-05 0.20000009E-05 0.20000009E-05 0.20000009E-05 0.20000009E-05 0.20000030E-05 0.20000009E-05 0.20000009E-05 0.20000009E-05 0.19999991E-05 0.20000030E-05 0.20000030E-05 0.19999991E-05 0.19999991E-05 0.19999991E-05 0.20000009E-05 0.20000050E-05 0.20000009E-05 0.20000009E-05 0.20000009E-05 0.19999991E-05 0.20000009E-05 0.19999991E-05 0.20000030E-05 0.20000009E-05 0.20000009E-05 0.20000009E-05 0.19999991E-05 0.20000009E-05 0.20000009E-05 0.20000009E-05 0.20000030E-05 0.19999991E-05 0.20000009E-05 0.19999991E-05 0.20000009E-05 0.20000009E-05 0.20000009E-05 0.20000050E-05 0.20000009E-05 0.19999991E-05 0.19999991E-05 0.19999991E-05 0.20000030E-05 0.20000030E-05 0.19999991E-05 0.20000009E-05 0.20000009E-05 0.20000009E-05 0.20000030E-05 0.20000009E-05 0.20000009E-05 0.20000009E-05 0.20000009E-05 0.20000009E-05 0.19999991E-05 0.19999991E-05 0.20000009E-05 0.20000009E-05 0.20000009E-05 0.20000009E-05 0.20000009E-05 0.20000009E-05 0.20000009E-05 0.20000009E-05 0.20000009E-05 0.20000009E-05 0.20000009E-05 0.20000009E-05 0.20000009E-05 0.20000009E-05
 0.20000009E-05 0.20000030E-05 0.20000009E-05 0.20000009E-05 0.20000009E-05 0.20000009E-05 0.20000009E-05 0.20000009E-05 0.20000009E-05 0.20000009E-05 0.20000009E-05 0.20000009E-05 0.19999991E-05 0.19999991E-05 0.20000030E-05 0.20000009E-05 0.20000009E-05 0.20000009E-05 0.20000009E-05 0.20000009E-05 0.20000009E-05 0.20000009E-05 0.20000030E-05 0.19999991E-05 0.20000009E-05 0.20000009E-05 0.20000009E-05 0.20000009E-05 0.20000009E-05 0.20000009E-05 0.20000009E-05 0.20000009E-05 0.20000009E-05 0.20000030E-05 0.20000009E-05 0.20000009E-05 0.20000009E-05 0.19999991E-05 0.20000009E-05 0.20000009E-05 0.20000030E-05 0.20000009E-05 0.20000009E-05 0.20000009E-05 0.20000009E-05 0.20000009E-05 0.20000030E-05 0.20000009E-05 0.20000009E-05 0.19999991E-05 0.20000009E-05 0.20000009E-05 0.20000009E-05 0.20000030E-05 0.20000009E-05 0.20000009E-05 0.20000009E-05 0.20000009E-05 0.20000009E-05 0.20000009E-05 0.20000009E-05 0.20000009E-05 0.20000009E-05 0.19999991E-05 0.20000030E-05 0.20000009E-05 0.20000009E-05 0.20000009E-05 0.20000009E-05 0.20000009E-05 0.20000009E-05 0.20000009E-05 0.20000030E-05 0.19999991E-05 0.19999991E-05 0.20000009E-05 0.20000009E-05 0.20000009E-05 0.20000009E-05 0.20000009E-05 0.20000009E-05 0.20000009E-05 0.20000009E-05 0.20000009E-05 0.20000009E-05 0.20000030E-05 0.20000009E-05
 0.20000009E-05 0.20000030E-05 0.20000009E-05 0.20000009E-05 0.20000030E-05 0.20000009E-05 0.20000009E-05 0.20000009E-05 0.20000009E-05 0.20000009E-05 0.20000009E-05 0.20000009E-05 0.20000030E-05 0.20000009E-05 0.19999991E-05 0.20000009E-05 0.20000009E-05 0.20000009E-05 0.20000009E-05 0.20000009E-05 0.20000009E-05 0.19999991E-05 0.20000009E-05 0.19999991E-05 0.19999991E-05 0.19999991E-05 0.20000009E-05 0.19999991E-05 0.20000030E-05 0.20000009E-05 0.20000030E-05 0.20000030E-05 0.19999959E-05 0.20000030E-05 0.19999991E-05 0.19999991E-05 0.20000009E-05 0.20000009E-05 0.20000030E-05 0.20000030E-05 0.19999991E-05 0.20000030E-05 0.19999959E-05 0.20000009E-05 0.19999959E-05 0.20000030E-05 0.19999991E-05 0.20000030E-05 0.20000030E-05 0.20000009E-05 0.20000009E-05 0.19999991E-05 0.19999991E-05 0.20000030E-05 0.19999959E-05 0.20000030E-05 0.20000030E-05 0.20000009E-05 0.20000030E-05 0.19999991E-05 0.20000009E-05 0.19999991E-05 0.19999991E-05 0.19999991E-05 0.20000009E-05 0.19999991E-05 0.20000009E-05 0.20000009E-05 0.20000009E-05 0.20000009E-05 0.20000009E-05 0.20000009E-05 0.19999991E-05 0.20000009E-05 0.20000030E-05 0.20000009E-05 0.20000009E-05 0.20000009E-05 0.20000009E-05 0.20000009E-05 0.20000009E-05 0.20000009E-05 0.20000030E-05 0.20000009E-05 0.20000009E-05 0.20000030E-05 0.20000009E-05
 0.20000030E-05 0.20000009E-05 0.20000009E-05 0.20000030E-05 0.20000009E-05 0.20000009E-05 0.20000030E-05 0.20000009E-05 0.20000009E-05 0.20000009E-05 0.20000009E-05 0.20000009E-05 0.20000009E-05 0.20000009E-05 0.20000009E-05 0.19999959E-05 0.20000030E-05 0.19999991E-05 0.20000009E-05 0.20000009E-05 0.20000009E-05 0.20000030E-05 0.19999991E-05 0.19999991E-05 0.19999991E-05 0.20000030E-05 0.20000009E-05 0.19999991E-05 0.20000009E-05 0.19999991E-05 0.20000030E-05 0.20000030E-05 0.20000009E-05 0.20000009E-05 0.20000009E-05 0.19999991E-05 0.20000030E-05 0.20000009E-05 0.19999991E-05 0.20000009E-05 0.20000030E-05 0.20000030E-05 0.19999991E-05 0.19999959E-05 0.19999991E-05 0.20000030E-05 0.20000030E-05 0.20000009E-05 0.19999991E-05 0.20000009E-05 0.20000030E-05 0.19999991E-05 0.20000009E-05 0.20000009E-05 0.20000009E-05 0.20000030E-05 0.20000030E-05 0.19999991E-05 0.20000009E-05 0.19999991E-05 0.20000009E-05 0.20000030E-05 0.19999991E-05 0.19999991E-05 0.19999991E-05 0.20000030E-05 0.20000009E-05 0.20000009E-05 0.20000009E-05 0.19999991E-05 0.20000030E-05 0.19999959E-05 0.20000009E-05 0.20000009E-05 0.20000009E-05 0.20000009E-05 0.20000009E-05 0.20000009E-05 0.20000009E-05 0.20000009E-05 0.20000030E-05 0.20000009E-05 0.20000009E-05 0.20000030E-05 0.20000009E-05 0.20000009E-05 0.20000030E-05
 0.20000009E-05 0.20000009E-05 0.20000009E-05 0.20000009E-05 0.20000009E-05 0.20000009E-05 0.20000009E-05 0.20000009E-05 0.20000030E-05 0.19999991E-05 0.20000030E-05 0.20000009E-05 0.19999991E-05 0.20000009E-05 0.20000009E-05 0.20000009E-05 0.20000009E-05 0.19999959E-05 0.20000050E-05 0.20000030E-05 0.19999959E-05 0.20000009E-05 0.20000030E-05 0.20000030E-05 0.19999991E-05 0.19999991E-05 0.20000009E-05 0.20000009E-05 0.19999991E-05 0.20000009E-05 0.20000030E-05 0.20000009E-05 0.20000009E-05 0.20000009E-05 0.20000030E-05 0.20000030E-05 0.19999991E-05 0.20000030E-05 0.20000030E-05 0.20000030E-05 0.19999959E-05 0.20000009E-05 0.19999991E-05 0.20000030E-05 0.19999991E-05 0.20000009E-05 0.19999959E-05 0.20000030E-05 0.20000030E-05 0.20000030E-05 0.19999991E-05 0.20000030E-05 0.20000030E-05 0.20000009E-05 0.20000009E-05 0.20000009E-05 0.20000030E-05 0.20000009E-05 0.19999991E-05 0.20000009E-05 0.20000009E-05 0.19999991E-05 0.19999991E-05 0.20000030E-05 0.20000030E-05 0.20000009E-05 0.19999959E-05 0.20000030E-05 0.20000050E-05 0.19999959E-05 0.20000009E-05 0.20000009E-05 0.20000009E-05 0.20000009E-05 0.19999991E-05 0.20000009E-05 0.20000030E-05 0.19999991E-05 0.20000030E-05 0.20000009E-05 0.20000009E-05 0.20000009E-05 0.20000009E-05 0.20000009E-05 0.20000009E-05 0.20000009E-05 0.20000009E-05
 0.20000030E-05 0.20000009E-05 0.20000009E-05 0.20000030E-05 0.20000009E-05 0.20000009E-05 0.20000030E-05 0.20000009E-05 0.20000009E-05 0.20000009E-05 0.20000009E-05 0.20000009E-05 0.20000009E-05 0.20000009E-05 0.20000009E-05 0.19999959E-05 0.20000030E-05 0.19999991E-05 0.20000009E-05 0.20000009E-05 0.20000009E-05 0.20000030E-05 0.19999991E-05 0.19999991E-05 0.19999991E-05 0.20000030E-05 0.20000009E-05 0.19999991E-05 0.20000009E-05 0.19999991E-05 0.20000030E-05 0.20000030E-05 0.20000009E-05 0.20000009E-05 0.20000009E-05 0.19999991E-05 0.20000030E-05 0.20000009E-05 0.19999991E-05 0.20000009E-05 0.20000030E-05 0.20000030E-05 0.19999991E-05 0.19999959E-05 0.19999991E-05 0.20000030E-05 0.20000030E-05 0.20000009E-05 0.19999991E-05 0.20000009E-05 0.20000030E-05 0.19999991E-05 0.20000009E-05 0.20000009E-05 0.20000009E-05 0.20000030E-05 0.20000030E-05 0.19999991E-05 0.20000009E-05 0.19999991E-05 0.20000009E-05 0.20000030E-05 0.19999991E-05 0.19999991E-05 0.19999991E-05 0.20000030E-05 0.20000009E-05 0.20000009E-05 0.20000009E-05 0.19999991E-05 0.20000030E-05 0.19999959E-05 0.20000009E-05 0.20000009E-05 0.20000009E-05 0.20000009E-05 0.20000009E-05 0.20000009E-05 0.20000009E-05 0.20000009E-05 0.20000030E-05 0.20000009E-05 0.20000009E-05 0.20000030E-05 0.20000009E-05 0.20000009E-05 0.20000030E-05
 0.20000009E-05 0.20000030E-05 0.20000009E-05 0.20000009E-05 0.20000030E-05 0.20000009E-05 0.20000009E-05 0.20000009E-05 0.20000009E-05 0.20000009E-05 0.20000009E-05 0.20000009E-05 0.20000030E-05 0.20000009E-05 0.19999991E-05 0.20000009E-05 0.20000009E-05 0.20000009E-05 0.20000009E-05 0.20000009E-05 0.20000009E-05 0.19999991E-05 0.20000009E-05 0.19999991E-05 0.19999991E-05 0.19999991E-05 0.20000009E-05 0.19999991E-05 0.20000030E-05 0.20000009E-05 0.20000030E-05 0.20000030E-05 0.19999959E-05 0.20000030E-05 0.19999991E-05 0.19999991E-05 0.20000009E-05 0.20000009E-05 0.20000030E-05 0.20000030E-05 0.19999991E-05 0.20000030E-05 0.19999959E-05 0.20000009E-05 0.19999959E-05 0.20000030E-05 0.19999991E-05 0.20000030E-05 0.20000030E-05 0.20000009E-05 0.20000009E-05 0.19999991E-05 0.19999991E-05 0.20000030E-05 0.19999959E-05 0.20000030E-05 0.20000030E-05 0.20000009E-05 0.20000030E-05 0.19999991E-05 0.20000009E-05 0.19999991E-05 0.19999991E-05 0.19999991E-05 0.20000009E-05 0.19999991E-05 0.20000009E-05 0.20000009E-05 0.20000009E-05 0.20000009E-05 0.20000009E-05 0.20000009E-05 0.19999991E-05 0.20000009E-05 0.20000030E-05 0.20000009E-05 0.20000009E-05 0.20000009E-05 0.20000009E-05 0.20000009E-05 0.20000009E-05 0.20000009E-05 0.20000030E-05 0.20000009E-05 0.20000009E-05 0.20000030E-05 0.20000009E-05
 0.20000009E-05 0.20000030E-05 0.20000009E-05 0.20000009E-05 0.20000009E-05 0.20000009E-05 0.20000009E-05 0.20000009E-05 0.20000009E-05 0.20000009E-05 0.20000009E-05 0.20000009E-05 0.19999991E-05 0.19999991E-05 0.20000030E-05 0.20000009E-05 0.20000009E-05 0.20000009E-05 0.20000009E-05 0.20000009E-05 0.20000009E-05 0.20000009E-05 0.20000030E-05 0.19999991E-05 0.20000009E-05 0.20000009E-05 0.20000009E-05 0.20000009E-05 0.20000009E-05 0.20000009E-05 0.20000009E-05 0.20000009E-05 0.20000009E-05 0.20000030E-05 0.20000009E-05 0.20000009E-05 0.20000009E-05 0.19999991E-05 0.20000009E-05 0.20000009E-05 0.20000030E-05 0.20000009E-05 0.20000009E-05 0.20000009E-05 0.20000009E-05 0.20000009E-05 0.20000030E-05 0.20000009E-05 0.20000009E-05 0.19999991E-05 0.20000009E-05 0.20000009E-05 0.20000009E-05 0.20000030E-05 0.20000009E-05 0.20000009E-05 0.20000009E-05 0.20000009E-05 0.20000009E-05 0.20000009E-05 0.20000009E-05 0.20000009E-05 0.20000009E-05 0.19999991E-05 0.20000030E-05 0.20000009E-05 0.20000009E-05 0.20000009E-05 0.20000009E-05 0.20000009E-05 0.20000009E-05 0.20000009E-05 0.20000030E-05 0.19999991E-05 0.19999991E-05 0.20000009E-05 0.20000009E-05 0.20000009E-05 0.20000009E-05 0.20000009E-05 0.20000009E-05 0.20000009E-05 0.20000009E-05 0.20000009E-05 0.20000009E-05 0.20000030E-05 0.20000009E-05
 0.20000009E-05 0.20000009E-05 0.20000009E-05 0.20000009E-05 0.20000009E-05 0.20000009E-05 0.20000009E-05 0.20000009E-05 0.20000009E-05 0.20000009E-05 0.20000009E-05 0.20000009E-05 0.20000009E-05 0.20000009E-05 0.19999991E-05 0.19999991E-05 0.20000009E-05 0.20000009E-05 0.20000009E-05 0.20000009E-05 0.20000009E-05 0.20000030E-05 0.20000009E-05 0.20000009E-05 0.20000009E-05 0.19999991E-05 0.20000030E-05 0.20000030E-05 0.19999991E-05 0.19999991E-05 0.19999991E-05 0.20000009E-05 0.20000050E-05 0.20000009E-05 0.20000009E-05 0.20000009E-05 0.19999991E-05 0.20000009E-05 0.19999991E-05 0.20000030E-05 0.20000009E-05 0.20000009E-05 0.20000009E-05 0.19999991E-05 0.20000009E-05 0.20000009E-05 0.20000009E-05 0.20000030E-05 0.19999991E-05 0.20000009E-05 0.19999991E-05 0.20000009E-05 0.20000009E-05 0.20000009E-05 0.20000050E-05 0.20000009E-05 0.19999991E-05 0.19999991E-05 0.19999991E-05 0.20000030E-05 0.20000030E-05 0.19999991E-05 0.20000009E-05 0.20000009E-05 0.20000009E-05 0.20000030E-05 0.20000009E-05 0.20000009E-05 0.20000009E-05 0.20000009E-05 0.20000009E-05 0.19999991E-05 0.19999991E-05 0.20000009E-05 0.20000009E-05 0.20000009E-05 0.20000009E-05 0.20000009E-05 0.20000009E-05 0.20000009E-05 0.20000009E-05 0.20000009E-05 0.20000009E-05 0.20000009E-05 0.20000009E-05 0.20000009E-05 0.20000009E-05
 0.20000009E-05 0.20000009E-05 0.20000009E-05 0.20000009E-05 0.20000009E-05 0.20000009E-05 0.20000009E-05 0.20000030E-05 0.20000009E-05 0.20000030E-05 0.20000009E-05 0.20000009E-05 0.20000009E-05 0.20000009E-05 0.20000009E-05 0.20000009E-05 0.20000009E-05 0.20000009E-05 0.19999991E-05 0.20000009E-05 0.20000009E-05 0.20000030E-05 0.20000009E-05 0.19999991E-05 0.19999991E-05 0.19999991E-05 0.20000030E-05 0.20000009E-05 0.20000009E-05 0.20000030E-05 0.19999991E-05 0.20000030E-05 0.20000009E-05 0.19999991E-05 0.19999991E-05 0.20000030E-05 0.20000009E-05 0.20000030E-05 0.19999991E-05 0.20000030E-05 0.19999991E-05 0.20000009E-05 0.20000030E-05 0.20000030E-05 0.20000030E-05 0.20000009E-05 0.19999991E-05 0.20000030E-05 0.19999991E-05 0.20000030E-05 0.20000009E-05 0.20000030E-05 0.19999991E-05 0.19999991E-05 0.20000009E-05 0.20000030E-05 0.19999991E-05 0.20000030E-05 0.20000009E-05 0.20000009E-05 0.20000030E-05 0.19999991E-05 0.19999991E-05 0.19999991E-05 0.20000009E-05 0.20000030E-05 0.20000009E-05 0.20000009E-05 0.19999991E-05 0.20000009E-05 0.20000009E-05 0.20000009E-05 0.20000009E-05 0.20000009E-05 0.20000009E-05 0.20000009E-05 0.20000009E-05 0.20000030E-05 0.20000009E-05 0.20000030E-05 0.20000009E-05 0.20000009E-05 0.20000009E-05 0.20000009E-05 0.20000009E-05 0.20000009E-05 0.20000009E-05
 0.20000009E-05 0.19999991E-05 0.20000009E-05 0.20000009E-05 0.20000009E-05 0.20000009E-05 0.20000009E-05 0.20000009E-05 0.20000009E-05 0.19999991E-05 0.20000030E-05 0.19999991E-05 0.20000009E-05 0.20000009E-05 0.19999991E-05 0.19999991E-05 0.20000009E-05 0.20000030E-05 0.20000009E-05 0.19999991E-05 0.20000009E-05 0.20000009E-05 0.19999991E-05 0.20000009E-05 0.20000009E-05 0.20000030E-05 0.20000009E-05 0.19999991E-05 0.20000009E-05 0.20000009E-05 0.19999991E-05 0.20000050E-05 0.19999991E-05 0.20000009E-05 0.19999991E-05 0.20000009E-05 0.20000050E-05 0.20000009E-05 0.20000030E-05 0.19999991E-05 0.20000030E-05 0.20000009E-05 0.20000009E-05 0.20000009E-05 0.20000009E-05 0.20000009E-05 0.20000030E-05 0.19999991E-05 0.20000030E-05 0.20000009E-05 0.20000050E-05 0.20000009E-05 0.19999991E-05 0.20000009E-05 0.19999991E-05 0.20000050E-05 0.19999991E-05 0.20000009E-05 0.20000009E-05 0.19999991E-05 0.20000009E-05 0.20000030E-05 0.20000009E-05 0.20000009E-05 0.19999991E-05 0.20000009E-05 0.20000009E-05 0.19999991E-05 0.20000009E-05 0.20000030E-05 0.20000009E-05 0.19999991E-05 0.19999991E-05 0.20000009E-05 0.20000009E-05 0.19999991E-05 0.20000030E-05 0.19999991E-05 0.20000009E-05 0.20000009E-05 0.20000009E-05 0.20000009E-05 0.20000009E-05 0.20000009E-05 0.20000009E-05 0.19999991E-05 0.20000009E-05
 0.20000009E-05 0.20000009E-05 0.20000009E-05 0.20000009E-05 0.20000009E-05 0.20000009E-05 0.20000009E-05 0.20000009E-05 0.19999991E-05 0.20000009E-05 0.20000009E-05 0.20000009E-05 0.20000009E-05 0.20000009E-05 0.20000009E-05 0.19999991E-05 0.20000009E-05 0.19999991E-05 0.20000009E-05 0.20000009E-05 0.20000009E-05 0.20000030E-05 0.20000009E-05 0.20000030E-05 0.19999941E-05 0.20000009E-05 0.20000009E-05 0.20000009E-05 0.20000009E-05 0.20000009E-05 0.20000009E-05 0.20000030E-05 0.20000009E-05 0.20000009E-05 0.19999991E-05 0.20000030E-05 0.20000009E-05 0.20000009E-05 0.19999991E-05 0.20000030E-05 0.20000009E-05 0.20000009E-05 0.20000030E-05 0.20000030E-05 0.20000030E-05 0.20000009E-05 0.20000009E-05 0.20000030E-05 0.19999991E-05 0.20000009E-05 0.20000009E-05 0.20000030E-05 0.19999991E-05 0.20000009E-05 0.20000009E-05 0.20000030E-05 0.20000009E-05 0.20000009E-05 0.20000009E-05 0.20000009E-05 0.20000009E-05 0.20000009E-05 0.19999941E-05 0.20000030E-05 0.20000009E-05 0.20000030E-05 0.20000009E-05 0.20000009E-05 0.20000009E-05 0.19999991E-05 0.20000009E-05 0.19999991E-05 0.20000009E-05 0.20000009E-05 0.20000009E-05 0.20000009E-05 0.20000009E-05 0.20000009E-05 0.19999991E-05 0.20000009E-05 0.20000009E-05 0.20000009E-05 0.20000009E-05 0.20000009E-05 0.20000009E-05 0.20000009E-05 0.20000009E-05
 0.20000009E-05 0.20000009E-05 0.20000030E-05 0.20000009E-05 0.20000009E-05 0.20000030E-05 0.20000009E-05 0.20000009E-05 0.20000009E-05 0.20000009E-05 0.20000009E-05 0.19999991E-05 0.19999991E-05 0.20000009E-05 0.20000009E-05 0.20000009E-05 0.19999991E-05 0.20000009E-05 0.20000009E-05 0.20000009E-05 0.20000030E-05 0.20000009E-05 0.19999991E-05 0.20000009E-05 0.20000009E-05 0.19999991E-05 0.20000009E-05 0.20000009E-05 0.19999991E-05 0.19999991E-05 0.20000009E-05 0.20000009E-05 0.20000030E-05 0.20000009E-05 0.20000030E-05 0.20000009E-05 0.20000009E-05 0.20000009E-05 0.20000009E-05 0.20000009E-05 0.20000009E-05 0.20000009E-05 0.20000030E-05 0.20000030E-05 0.20000030E-05 0.20000009E-05 0.20000009E-05 0.20000009E-05 0.20000009E-05 0.20000009E-05 0.20000009E-05 0.20000009E-05 0.20000030E-05 0.20000009E-05 0.20000030E-05 0.20000009E-05 0.20000009E-05 0.19999991E-05 0.19999991E-05 0.20000009E-05 0.20000009E-05 0.19999991E-05 0.20000009E-05 0.20000009E-05 0.19999991E-05 0.20000009E-05 0.20000030E-05 0.20000009E-05 0.20000009E-05 0.20000009E-05 0.19999991E-05 0.20000009E-05 0.20000009E-05 0.20000009E-05 0.19999991E-05 0.19999991E-05 0.20000009E-05 0.20000009E-05 0.20000009E-05 0.20000009E-05 0.20000009E-05 0.20000030E-05 0.20000009E-05 0.20000009E-05 0.20000030E-05 0.20000009E-05 0.20000009E-05
 0.20000009E-05 0.19999991E-05 0.20000009E-05 0.20000009E-05 0.20000009E-05 0.20000009E-05 0.20000009E-05 0.20000009E-05 0.20000009E-05 0.20000009E-05 0.19999991E-05 0.20000030E-05 0.20000009E-05 0.20000030E-05 0.19999991E-05 0.20000009E-05 0.20000030E-05 0.20000009E-05 0.20000009E-05 0.20000009E-05 0.20000009E-05 0.19999991E-05 0.20000009E-05 0.20000009E-05 0.20000009E-05 0.19999991E-05 0.19999991E-05 0.20000009E-05 0.19999991E-05 0.20000009E-05 0.19999991E-05 0.20000009E-05 0.20000009E-05 0.20000009E-05 0.19999991E-05 0.19999991E-05 0.19999991E-05 0.20000009E-05 0.19999991E-05 0.20000009E-05 0.20000009E-05 0.19999991E-05 0.20000009E-05 0.19999991E-05 0.20000009E-05 0.19999991E-05 0.20000009E-05 0.20000009E-05 0.19999991E-05 0.20000009E-05 0.19999991E-05 0.19999991E-05 0.19999991E-05 0.20000009E-05 0.20000009E-05 0.20000009E-05 0.19999991E-05 0.20000009E-05 0.19999991E-05 0.20000009E-05 0.19999991E-05 0.19999991E-05 0.20000009E-05 0.20000009E-05 0.20000009E-05 0.19999991E-05 0.20000009E-05 0.20000009E-05 0.20000009E-05 0.20000009E-05 0.20000030E-05 0.20000009E-05 0.19999991E-05 0.20000030E-05 0.20000009E-05 0.20000030E-05 0.19999991E-05 0.20000009E-05 0.20000009E-05 0.20000009E-05 0.20000009E-05 0.20000009E-05 0.20000009E-05 0.20000009E-05 0.20000009E-05 0.19999991E-05 0.20000009E-05
 0.20000030E-05 0.20000009E-05 0.20000009E-05 0.20000030E-05 0.20000009E-05 0.20000009E-05 0.20000030E-05 0.20000009E-05 0.20000009E-05 0.20000009E-05 0.20000009E-05 0.20000009E-05 0.20000009E-05 0.20000009E-05 0.20000009E-05 0.20000030E-05 0.20000030E-05 0.20000030E-05 0.20000009E-05 0.19999991E-05 0.20000030E-05 0.20000009E-05 0.20000009E-05 0.20000009E-05 0.20000009E-05 0.20000009E-05 0.20000009E-05 0.20000009E-05 0.20000009E-05 0.20000009E-05 0.20000009E-05 0.20000030E-05 0.20000009E-05 0.20000030E-05 0.20000030E-05 0.20000050E-05 0.19999991E-05 0.20000009E-05 0.20000009E-05 0.19999991E-05 0.19999991E-05 0.20000030E-05 0.19999991E-05 0.19999991E-05 0.19999991E-05 0.20000030E-05 0.19999991E-05 0.19999991E-05 0.20000009E-05 0.20000009E-05 0.19999991E-05 0.20000050E-05 0.20000030E-05 0.20000030E-05 0.20000009E-05 0.20000030E-05 0.20000009E-05 0.20000009E-05 0.20000009E-05 0.20000009E-05 0.20000009E-05 0.20000009E-05 0.20000009E-05 0.20000009E-05 0.20000009E-05 0.20000009E-05 0.20000030E-05 0.19999991E-05 0.20000009E-05 0.20000030E-05 0.20000030E-05 0.20000030E-05 0.20000009E-05 0.20000009E-05 0.20000009E-05 0.20000009E-05 0.20000009E-05 0.20000009E-05 0.20000009E-05 0.20000009E-05 0.20000030E-05 0.20000009E-05 0.20000009E-05 0.20000030E-05 0.20000009E-05 0.20000009E-05 0.20000030E-05
 0.20000009E-05 0.20000009E-05 0.20000009E-05 0.20000009E-05 0.20000009E-05 0.20000009E-05 0.20000009E-05 0.20000009E-05 0.20000009E-05 0.19999991E-05 0.20000009E-05 0.20000030E-05 0.19999991E-05 0.20000030E-05 0.20000009E-05 0.20000009E-05 0.20000009E-05 0.20000030E-05 0.20000009E-05 0.19999991E-05 0.20000009E-05 0.20000009E-05 0.19999991E-05 0.19999991E-05 0.19999991E-05 0.20000009E-05 0.19999991E-05 0.20000009E-05 0.19999991E-05 0.20000030E-05 0.20000009E-05 0.19999991E-05 0.20000009E-05 0.19999991E-05 0.20000009E-05 0.19999991E-05 0.20000030E-05 0.20000009E-05 0.20000009E-05 0.19999991E-05 0.20000030E-05 0.19999991E-05 0.20000009E-05 0.19999991E-05 0.20000009E-05 0.19999991E-05 0.20000030E-05 0.19999991E-05 0.20000009E-05 0.20000009E-05 0.20000030E-05 0.19999991E-05 0.20000009E-05 0.19999991E-05 0.20000009E-05 0.19999991E-05 0.20000009E-05 0.20000030E-05 0.19999991E-05 0.20000009E-05 0.19999991E-05 0.20000009E-05 0.19999991E-05 0.19999991E-05 0.19999991E-05 0.20000009E-05 0.20000009E-05 0.19999991E-05 0.20000009E-05 0.20000030E-05 0.20000009E-05 0.20000009E-05 0.20000009E-05 0.20000030E-05 0.19999991E-05 0.20000030E-05 0.20000009E-05 0.19999991E-05 0.20000009E-05 0.20000009E-05 0.20000009E-05 0.20000009E-05 0.20000009E-05 0.20000009E-05 0.20000009E-05 0.20000009E-05 0.20000009E-05
 0.20000009E-05 0.20000009E-05 0.20000009E-05 0.20000009E-05 0.20000009E-05 0.20000009E-05 0.20000009E-05 0.20000009E-05 0.20000009E-05 0.20000030E-05 0.20000009E-05 0.19999991E-05 0.20000009E-05 0.20000009E-05 0.20000009E-05 0.19999991E-05 0.20000009E-05 0.20000009E-05 0.20000030E-05 0.20000009E-05 0.20000009E-05 0.20000030E-05 0.20000009E-05 0.19999991E-05 0.20000009E-05 0.20000009E-05 0.20000030E-05 0.20000009E-05 0.20000009E-05 0.20000050E-05 0.20000009E-05 0.20000009E-05 0.20000009E-05 0.19999991E-05 0.20000009E-05 0.19999991E-05 0.20000030E-05 0.20000009E-05 0.20000009E-05 0.20000009E-05 0.19999991E-05 0.19999991E-05 0.20000030E-05 0.20000050E-05 0.20000030E-05 0.19999991E-05 0.19999991E-05 0.20000009E-05 0.20000009E-05 0.20000009E-05 0.20000030E-05 0.19999991E-05 0.20000009E-05 0.19999991E-05 0.20000009E-05 0.20000009E-05 0.20000009E-05 0.20000050E-05 0.20000009E-05 0.20000009E-05 0.20000030E-05 0.20000009E-05 0.20000009E-05 0.19999991E-05 0.20000009E-05 0.20000030E-05 0.20000009E-05 0.20000009E-05 0.20000030E-05 0.20000009E-05 0.20000009E-05 0.19999991E-05 0.20000009E-05 0.20000009E-05 0.20000009E-05 0.19999991E-05 0.20000009E-05 0.20000030E-05 0.20000009E-05 0.20000009E-05 0.20000009E-05 0.20000009E-05 0.20000009E-05 0.20000009E-05 0.20000009E-05 0.20000009E-05 0.20000009E-05
 0.20000009E-05 0.20000009E-05 0.20000009E-05 0.20000009E-05 0.20000030E-05 0.20000009E-05 0.20000009E-05 0.20000009E-05 0.20000030E-05 0.20000009E-05 0.20000009E-05 0.19999991E-05 0.20000009E-05 0.20000009E-05 0.20000009E-05 0.19999991E-05 0.19999991E-05 0.20000009E-05 0.19999991E-05 0.19999991E-05 0.20000009E-05 0.20000009E-05 0.20000009E-05 0.20000009E-05 0.19999991E-05 0.19999991E-05 0.20000030E-05 0.19999991E-05 0.20000030E-05 0.19999991E-05 0.19999991E-05 0.20000009E-05 0.20000009E-05 0.20000030E-05 0.20000009E-05 0.20000030E-05 0.19999991E-05 0.20000009E-05 0.20000009E-05 0.20000009E-05 0.20000030E-05 0.20000030E-05 0.20000009E-05 0.20000009E-05 0.20000009E-05 0.20000030E-05 0.20000030E-05 0.20000009E-05 0.20000009E-05 0.20000009E-05 0.19999991E-05 0.20000030E-05 0.20000009E-05 0.20000030E-05 0.20000009E-05 0.20000009E-05 0.19999991E-05 0.19999991E-05 0.20000030E-05 0.19999991E-05 0.20000030E-05 0.19999991E-05 0.19999991E-05 0.20000009E-05 0.20000009E-05 0.20000009E-05 0.20000009E-05 0.19999991E-05 0.19999991E-05 0.20000009E-05 0.19999991E-05 0.19999991E-05 0.20000009E-05 0.20000009E-05 0.20000009E-05 0.19999991E-05 0.20000009E-05 0.20000009E-05 0.20000030E-05 0.20000009E-05 0.20000009E-05 0.20000009E-05 0.20000030E-05 0.20000009E-05 0.20000009E-05 0.20000009E-05 0.20000009E-05
 0.20000009E-05 0.20000009E-05 0.20000009E-05 0.20000009E-05 0.20000009E-05 0.20000009E-05 0.20000009E-05 0.20000009E-05 0.20000009E-05 0.20000009E-05 0.20000030E-05 0.20000009E-05 0.20000009E-05 0.20000009E-05 0.20000009E-05 0.20000009E-05 0.20000030E-05 0.20000009E-05 0.20000009E-05 0.20000009E-05 0.20000009E-05 0.20000009E-05 0.19999991E-05 0.20000009E-05 0.20000009E-05 0.20000009E-05 0.19999991E-05 0.20000009E-05 0.20000009E-05 0.19999991E-05 0.20000009E-05 0.20000009E-05 0.19999991E-05 0.20000030E-05 0.20000009E-05 0.19999991E-05 0.19999991E-05 0.19999991E-05 0.20000030E-05 0.20000009E-05 0.20000030E-05 0.19999991E-05 0.20000030E-05 0.20000050E-05 0.20000030E-05 0.19999991E-05 0.20000030E-05 0.20000009E-05 0.20000030E-05 0.19999991E-05 0.19999991E-05 0.19999991E-05 0.20000009E-05 0.20000030E-05 0.19999991E-05 0.20000009E-05 0.20000009E-05 0.19999991E-05 0.20000009E-05 0.20000009E-05 0.19999991E-05 0.20000009E-05 0.20000009E-05 0.20000009E-05 0.19999991E-05 0.20000009E-05 0.20000009E-05 0.20000009E-05 0.20000009E-05 0.20000009E-05 0.20000030E-05 0.20000009E-05 0.20000009E-05 0.20000009E-05 0.20000009E-05 0.20000009E-05 0.20000030E-05 0.20000009E-05 0.20000009E-05 0.20000009E-05 0.20000009E-05 0.20000009E-05 0.20000009E-05 0.20000009E-05 0.20000009E-05 0.20000009E-05 0.20000009E-05
 0.20000009E-05 0.20000009E-05 0.20000009E-05 0.20000009E-05 0.20000009E-05 0.20000009E-05 0.20000009E-05 0.20000030E-05 0.20000009E-05 0.20000009E-05 0.20000030E-05 0.19999991E-05 0.20000009E-05 0.20000009E-05 0.20000030E-05 0.19999991E-05 0.20000009E-05 0.20000009E-05 0.20000009E-05 0.20000030E-05 0.19999991E-05 0.20000009E-05 0.19999991E-05 0.19999991E-05 0.20000030E-05 0.19999991E-05 0.20000009E-05 0.20000030E-05 0.19999991E-05 0.20000009E-05 0.19999991E-05 0.20000050E-05 0.20000009E-05 0.20000009E-05 0.20000009E-05 0.20000009E-05 0.20000009E-05 0.19999991E-05 0.20000009E-05 0.20000009E-05 0.20000030E-05 0.19999991E-05 0.20000009E-05 0.19999959E-05 0.20000009E-05 0.19999991E-05 0.20000030E-05 0.20000009E-05 0.20000009E-05 0.19999991E-05 0.20000009E-05 0.20000009E-05 0.20000009E-05 0.20000009E-05 0.20000009E-05 0.20000050E-05 0.19999991E-05 0.20000009E-05 0.19999991E-05 0.20000030E-05 0.20000009E-05 0.19999991E-05 0.20000030E-05 0.19999991E-05 0.19999991E-05 0.20000009E-05 0.19999991E-05 0.20000030E-05 0.20000009E-05 0.20000009E-05 0.20000009E-05 0.19999991E-05 0.20000030E-05 0.20000009E-05 0.20000009E-05 0.19999991E-05 0.20000030E-05 0.20000009E-05 0.20000009E-05 0.20000030E-05 0.20000009E-05 0.20000009E-05 0.20000009E-05 0.20000009E-05 0.20000009E-05 0.20000009E-05 0.20000009E-05
 0.20000009E-05 0.20000009E-05 0.20000009E-05 0.20000009E-05 0.20000009E-05 0.19999991E-05 0.20000009E-05 0.20000009E-05 0.20000009E-05 0.20000009E-05 0.20000009E-05 0.20000009E-05 0.20000009E-05 0.20000009E-05 0.20000009E-05 0.20000009E-05 0.20000009E-05 0.20000030E-05 0.19999991E-05 0.20000009E-05 0.20000009E-05 0.19999991E-05 0.19999991E-05 0.20000009E-05 0.20000030E-05 0.19999991E-05 0.19999991E-05 0.20000009E-05 0.20000030E-05 0.20000009E-05 0.20000009E-05 0.20000009E-05 0.20000009E-05 0.20000009E-05 0.19999991E-05 0.20000009E-05 0.19999991E-05 0.19999959E-05 0.20000009E-05 0.20000009E-05 0.20000030E-05 0.19999991E-05 0.20000009E-05 0.20000050E-05 0.20000009E-05 0.19999991E-05 0.20000030E-05 0.20000009E-05 0.20000009E-05 0.19999959E-05 0.19999991E-05 0.20000009E-05 0.19999991E-05 0.20000009E-05 0.20000009E-05 0.20000009E-05 0.20000009E-05 0.20000009E-05 0.20000030E-05 0.20000009E-05 0.19999991E-05 0.19999991E-05 0.20000030E-05 0.20000009E-05 0.19999991E-05 0.19999991E-05 0.20000009E-05 0.20000009E-05 0.19999991E-05 0.20000030E-05 0.20000009E-05 0.20000009E-05 0.20000009E-05 0.20000009E-05 0.20000009E-05 0.20000009E-05 0.20000009E-05 0.20000009E-05 0.20000009E-05 0.20000009E-05 0.20000009E-05 0.19999991E-05 0.20000009E-05 0.20000009E-05 0.20000009E-05 0.20000009E-05 0.20000009E-05
 0.20000009E-05 0.20000009E-05 0.20000009E-05 0.20000009E-05 0.20000009E-05 0.20000009E-05 0.20000009E-05 0.20000009E-05 0.20000030E-05 0.20000009E-05 0.20000009E-05 0.20000009E-05 0.20000030E-05 0.20000030E-05 0.20000009E-05 0.20000009E-05 0.20000009E-05 0.19999991E-05 0.20000009E-05 0.19999991E-05 0.20000030E-05 0.20000009E-05 0.19999991E-05 0.20000030E-05 0.19999991E-05 0.20000009E-05 0.20000009E-05 0.19999991E-05 0.20000009E-05 0.20000009E-05 0.20000030E-05 0.19999991E-05 0.20000009E-05 0.19999991E-05 0.20000030E-05 0.19999991E-05 0.20000009E-05 0.20000009E-05 0.20000009E-05 0.20000009E-05 0.20000030E-05 0.20000009E-05 0.20000030E-05 0.20000030E-05 0.20000030E-05 0.20000009E-05 0.20000030E-05 0.20000009E-05 0.20000009E-05 0.20000009E-05 0.20000009E-05 0.19999991E-05 0.20000030E-05 0.19999991E-05 0.20000009E-05 0.19999991E-05 0.20000030E-05 0.20000009E-05 0.20000009E-05 0.19999991E-05 0.20000009E-05 0.20000009E-05 0.19999991E-05 0.20000030E-05 0.19999991E-05 0.20000009E-05 0.20000030E-05 0.19999991E-05 0.20000009E-05 0.19999991E-05 0.20000009E-05 0.20000009E-05 0.20000009E-05 0.20000030E-05 0.20000030E-05 0.20000009E-05 0.20000009E-05 0.20000009E-05 0.20000030E-05 0.20000009E-05 0.20000009E-05 0.20000009E-05 0.20000009E-05 0.20000009E-05 0.20000009E-05 0.20000009E-05 0.20000009E-05
 0.20000009E-05 0.20000030E-05 0.20000009E-05 0.20000009E-05 0.20000009E-05 0.20000009E-05 0.20000009E-05 0.20000009E-05 0.20000009E-05 0.20000030E-05 0.20000009E-05 0.20000009E-05 0.20000009E-05 0.20000009E-05 0.19999991E-05 0.20000009E-05 0.20000009E-05 0.20000030E-05 0.20000030E-05 0.19999991E-05 0.20000009E-05 0.19999991E-05 0.20000009E-05 0.20000030E-05 0.20000030E-05 0.20000009E-05 0.20000030E-05 0.19999991E-05 0.20000009E-05 0.19999991E-05 0.20000009E-05 0.20000009E-05 0.20000009E-05 0.19999991E-05 0.19999991E-05 0.20000009E-05 0.20000030E-05 0.19999991E-05 0.19999991E-05 0.19999991E-05 0.20000030E-05 0.20000009E-05 0.20000009E-05 0.20000009E-05 0.20000009E-05 0.20000009E-05 0.20000030E-05 0.19999991E-05 0.19999991E-05 0.19999991E-05 0.20000030E-05 0.20000009E-05 0.19999991E-05 0.19999991E-05 0.20000009E-05 0.20000009E-05 0.20000009E-05 0.19999991E-05 0.20000009E-05 0.19999991E-05 0.20000030E-05 0.20000009E-05 0.20000030E-05 0.20000030E-05 0.20000009E-05 0.19999991E-05 0.20000009E-05 0.19999991E-05 0.20000030E-05 0.20000030E-05 0.20000009E-05 0.20000009E-05 0.19999991E-05 0.20000009E-05 0.20000009E-05 0.20000009E-05 0.20000009E-05 0.20000030E-05 0.20000009E-05 0.20000009E-05 0.20000009E-05 0.20000009E-05 0.20000009E-05 0.20000009E-05 0.20000009E-05 0.20000030E-05 0.20000009E-05
 0.20000009E-05 0.20000009E-05 0.20000009E-05 0.20000009E-05 0.20000030E-05 0.20000009E-05 0.20000009E-05 0.20000009E-05 0.20000009E-05 0.20000009E-05 0.20000009E-05 0.20000009E-05 0.20000009E-05 0.20000030E-05 0.20000009E-05 0.19999991E-05 0.20000009E-05 0.20000009E-05 0.19999991E-05 0.20000030E-05 0.20000009E-05 0.20000009E-05 0.20000030E-05 0.19999991E-05 0.19999991E-05 0.19999991E-05 0.20000050E-05 0.20000030E-05 0.19999991E-05 0.19999991E-05 0.20000030E-05 0.19999991E-05 0.20000030E-05 0.19999991E-05 0.20000009E-05 0.20000009E-05 0.20000030E-05 0.20000030E-05 0.20000009E-05 0.19999991E-05 0.20000009E-05 0.19999991E-05 0.20000009E-05 0.19999959E-05 0.20000009E-05 0.19999991E-05 0.20000009E-05 0.19999991E-05 0.20000009E-05 0.20000030E-05 0.20000030E-05 0.20000009E-05 0.20000009E-05 0.19999991E-05 0.20000030E-05 0.19999991E-05 0.20000030E-05 0.19999991E-05 0.19999991E-05 0.20000030E-05 0.20000050E-05 0.19999991E-05 0.19999991E-05 0.19999991E-05 0.20000030E-05 0.20000009E-05 0.20000009E-05 0.20000030E-05 0.19999991E-05 0.20000009E-05 0.20000009E-05 0.19999991E-05 0.20000009E-05 0.20000030E-05 0.20000009E-05 0.20000009E-05 0.20000009E-05 0.20000009E-05 0.20000009E-05 0.20000009E-05 0.20000009E-05 0.20000009E-05 0.20000030E-05 0.20000009E-05 0.20000009E-05 0.20000009E-05 0.20000009E-05
 0.20000009E-05 0.20000009E-05 0.20000009E-05 0.20000009E-05 0.20000009E-05 0.20000009E-05 0.20000009E-05 0.20000009E-05 0.20000009E-05 0.20000009E-05 0.20000009E-05 0.19999991E-05 0.19999991E-05 0.19999991E-05 0.20000009E-05 0.20000030E-05 0.20000009E-05 0.20000030E-05 0.20000009E-05 0.20000030E-05 0.19999991E-05 0.20000009E-05 0.19999991E-05 0.20000030E-05 0.20000009E-05 0.19999991E-05 0.20000009E-05 0.20000009E-05 0.19999991E-05 0.20000009E-05 0.20000009E-05 0.20000030E-05 0.20000009E-05 0.20000030E-05 0.20000030E-05 0.20000009E-05 0.20000009E-05 0.20000030E-05 0.20000009E-05 0.19999991E-05 0.20000009E-05 0.20000030E-05 0.20000030E-05 0.20000009E-05 0.20000030E-05 0.20000030E-05 0.20000009E-05 0.19999991E-05 0.20000009E-05 0.20000030E-05 0.20000009E-05 0.20000009E-05 0.20000030E-05 0.20000030E-05 0.20000009E-05 0.20000030E-05 0.20000009E-05 0.20000009E-05 0.19999991E-05 0.20000009E-05 0.20000009E-05 0.19999991E-05 0.20000009E-05 0.20000030E-05 0.19999991E-05 0.20000009E-05 0.19999991E-05 0.20000030E-05 0.20000009E-05 0.20000030E-05 0.20000009E-05 0.20000030E-05 0.20000009E-05 0.19999991E-05 0.19999991E-05 0.19999991E-05 0.20000009E-05 0.20000009E-05 0.20000009E-05 0.20000009E-05 0.20000009E-05 0.20000009E-05 0.20000009E-05 0.20000009E-05 0.20000009E-05 0.20000009E-05 0.20000009E-05
 0.20000009E-05 0.20000009E-05 0.20000030E-05 0.20000009E-05 0.20000009E-05 0.20000009E-05 0.20000009E-05 0.20000009E-05 0.20000009E-05 0.20000009E-05 0.20000009E-05 0.20000009E-05 0.19999991E-05 0.20000009E-05 0.20000009E-05 0.19999991E-05 0.20000009E-05 0.20000030E-05 0.20000009E-05 0.20000009E-05 0.20000009E-05 0.20000009E-05 0.20000030E-05 0.19999991E-05 0.20000030E-05 0.19999991E-05 0.20000030E-05 0.20000009E-05 0.20000009E-05 0.19999991E-05 0.20000009E-05 0.20000009E-05 0.19999959E-05 0.20000009E-05 0.20000030E-05 0.20000009E-05 0.20000030E-05 0.19999991E-05 0.20000030E-05 0.20000009E-05 0.20000030E-05 0.20000009E-05 0.20000030E-05 0.19999959E-05 0.20000030E-05 0.20000009E-05 0.20000030E-05 0.20000009E-05 0.20000030E-05 0.19999991E-05 0.20000030E-05 0.20000009E-05 0.20000030E-05 0.20000009E-05 0.19999959E-05 0.20000009E-05 0.20000009E-05 0.19999991E-05 0.20000009E-05 0.20000009E-05 0.20000030E-05 0.19999991E-05 0.20000030E-05 0.19999991E-05 0.20000030E-05 0.20000009E-05 0.20000009E-05 0.20000009E-05 0.20000009E-05 0.20000030E-05 0.20000009E-05 0.19999991E-05 0.20000009E-05 0.20000009E-05 0.19999991E-05 0.20000009E-05 0.20000009E-05 0.20000009E-05 0.20000009E-05 0.20000009E-05 0.20000009E-05 0.20000009E-05 0.20000009E-05 0.20000009E-05 0.20000030E-05 0.20000009E-05 0.20000009E-05
 0.20000009E-05 0.20000009E-05 0.20000009E-05 0.20000009E-05 0.20000009E-05 0.20000009E-05 0.20000009E-05 0.20000009E-05 0.20000009E-05 0.20000009E-05 0.20000030E-05 0.20000009E-05 0.20000009E-05 0.19999991E-05 0.20000009E-05 0.20000030E-05 0.20000009E-05 0.19999991E-05 0.20000030E-05 0.20000009E-05 0.20000009E-05 0.20000030E-05 0.20000030E-05 0.19999991E-05 0.19999991E-05 0.20000009E-05 0.20000009E-05 0.20000009E-05 0.20000009E-05 0.19999991E-05 0.20000030E-05 0.20000009E-05 0.20000030E-05 0.20000009E-05 0.20000009E-05 0.20000009E-05 0.20000009E-05 0.20000030E-05 0.20000009E-05 0.20000009E-05 0.20000030E-05 0.20000009E-05 0.20000009E-05 0.20000009E-05 0.20000009E-05 0.20000009E-05 0.20000030E-05 0.20000009E-05 0.20000009E-05 0.20000030E-05 0.20000009E-05 0.20000009E-05 0.20000009E-05 0.20000009E-05 0.20000030E-05 0.20000009E-05 0.20000030E-05 0.19999991E-05 0.20000009E-05 0.20000009E-05 0.20000009E-05 0.20000009E-05 0.19999991E-05 0.19999991E-05 0.20000030E-05 0.20000030E-05 0.20000009E-05 0.20000009E-05 0.20000030E-05 0.19999991E-05 0.20000009E-05 0.20000030E-05 0.20000009E-05 0.19999991E-05 0.20000009E-05 0.20000009E-05 0.20000030E-05 0.20000009E-05 0.20000009E-05 0.20000009E-05 0.20000009E-05 0.20000009E-05 0.20000009E-05 0.20000009E-05 0.20000009E-05 0.20000009E-05 0.20000009E-05
 0.20000009E-05 0.20000009E-05 0.20000030E-05 0.20000009E-05 0.20000009E-05 0.20000009E-05 0.20000009E-05 0.20000009E-05 0.19999991E-05 0.20000009E-05 0.20000030E-05 0.20000030E-05 0.20000009E-05 0.20000009E-05 0.20000030E-05 0.20000030E-05 0.20000009E-05 0.20000009E-05 0.20000030E-05 0.20000009E-05 0.20000009E-05 0.19999991E-05 0.19999991E-05 0.19999991E-05 0.19999991E-05 0.20000009E-05 0.20000009E-05 0.20000009E-05 0.20000009E-05 0.20000009E-05 0.20000009E-05 0.20000030E-05 0.20000009E-05 0.19999991E-05 0.19999991E-05 0.19999991E-05 0.20000009E-05 0.20000009E-05 0.20000009E-05 0.20000030E-05 0.20000009E-05 0.20000009E-05 0.20000009E-05 0.20000009E-05 0.20000009E-05 0.20000009E-05 0.20000009E-05 0.20000030E-05 0.20000009E-05 0.20000009E-05 0.20000009E-05 0.19999991E-05 0.19999991E-05 0.19999991E-05 0.20000009E-05 0.20000030E-05 0.20000009E-05 0.20000009E-05 0.20000009E-05 0.20000009E-05 0.20000009E-05 0.20000009E-05 0.19999991E-05 0.19999991E-05 0.19999991E-05 0.19999991E-05 0.20000009E-05 0.20000009E-05 0.20000030E-05 0.20000009E-05 0.20000009E-05 0.20000030E-05 0.20000030E-05 0.20000009E-05 0.20000009E-05 0.20000030E-05 0.20000030E-05 0.20000009E-05 0.19999991E-05 0.20000009E-05 0.20000009E-05 0.20000009E-05 0.20000009E-05 0.20000009E-05 0.20000030E-05 0.20000009E-05 0.20000009E-05
 0.20000009E-05 0.20000009E-05 0.20000009E-05 0.20000009E-05 0.20000009E-05 0.20000009E-05 0.20000009E-05 0.19999991E-05 0.20000030E-05 0.20000009E-05 0.20000009E-05 0.19999991E-05 0.20000009E-05 0.20000009E-05 0.19999991E-05 0.20000009E-05 0.20000009E-05 0.20000009E-05 0.20000009E-05 0.20000009E-05 0.20000030E-05 0.19999991E-05 0.19999991E-05 0.20000030E-05 0.20000009E-05 0.19999991E-05 0.19999991E-05 0.19999991E-05 0.19999991E-05 0.20000009E-05 0.20000009E-05 0.20000009E-05 0.20000009E-05 0.19999991E-05 0.20000009E-05 0.20000030E-05 0.20000030E-05 0.20000030E-05 0.20000030E-05 0.20000009E-05 0.20000009E-05 0.19999991E-05 0.20000009E-05 0.20000030E-05 0.20000009E-05 0.19999991E-05 0.20000009E-05 0.20000009E-05 0.20000030E-05 0.20000030E-05 0.20000030E-05 0.20000030E-05 0.20000009E-05 0.19999991E-05 0.20000009E-05 0.20000009E-05 0.20000009E-05 0.20000009E-05 0.19999991E-05 0.19999991E-05 0.19999991E-05 0.19999991E-05 0.20000009E-05 0.20000030E-05 0.19999991E-05 0.19999991E-05 0.20000030E-05 0.20000009E-05 0.20000009E-05 0.20000009E-05 0.20000009E-05 0.20000009E-05 0.19999991E-05 0.20000009E-05 0.20000009E-05 0.19999991E-05 0.20000009E-05 0.20000009E-05 0.20000030E-05 0.19999991E-05 0.20000009E-05 0.20000009E-05 0.20000009E-05 0.20000009E-05 0.20000009E-05 0.20000009E-05 0.20000009E-05
 0.20000009E-05 0.20000009E-05 0.20000009E-05 0.20000009E-05 0.20000009E-05 0.20000009E-05 0.20000009E-05 0.20000009E-05 0.20000009E-05 0.20000030E-05 0.20000009E-05 0.20000030E-05 0.20000009E-05 0.20000009E-05 0.20000009E-05 0.20000030E-05 0.20000009E-05 0.20000009E-05 0.20000030E-05 0.20000009E-05 0.20000009E-05 0.20000030E-05 0.20000009E-05 0.20000030E-05 0.19999991E-05 0.20000009E-05 0.20000009E-05 0.20000030E-05 0.19999991E-05 0.20000009E-05 0.20000009E-05 0.19999991E-05 0.20000009E-05 0.19999991E-05 0.20000030E-05 0.19999991E-05 0.20000009E-05 0.20000009E-05 0.20000030E-05 0.20000030E-05 0.20000009E-05 0.20000030E-05 0.20000030E-05 0.19999991E-05 0.20000030E-05 0.20000030E-05 0.20000009E-05 0.20000030E-05 0.20000030E-05 0.20000009E-05 0.20000009E-05 0.19999991E-05 0.20000030E-05 0.19999991E-05 0.20000009E-05 0.19999991E-05 0.20000009E-05 0.20000009E-05 0.19999991E-05 0.20000030E-05 0.20000009E-05 0.20000009E-05 0.19999991E-05 0.20000030E-05 0.20000009E-05 0.20000030E-05 0.20000009E-05 0.20000009E-05 0.20000030E-05 0.20000009E-05 0.20000009E-05 0.20000030E-05 0.20000009E-05 0.20000009E-05 0.20000009E-05 0.20000030E-05 0.20000009E-05 0.20000030E-05 0.20000009E-05 0.20000009E-05 0.20000009E-05 0.20000009E-05 0.20000009E-05 0.20000009E-05 0.20000009E-05 0.20000009E-05 0.20000009E-05
 0.20000009E-05 0.20000009E-05 0.20000009E-05 0.20000009E-05 0.20000009E-05 0.20000009E-05 0.20000009E-05 0.20000009E-05 0.20000009E-05 0.20000009E-05 0.20000030E-05 0.20000030E-05 0.20000009E-05 0.20000009E-05 0.20000009E-05 0.20000030E-05 0.20000009E-05 0.19999991E-05 0.20000009E-05 0.20000009E-05 0.20000030E-05 0.20000030E-05 0.20000009E-05 0.19999991E-05 0.20000009E-05 0.20000009E-05 0.20000009E-05 0.20000009E-05 0.20000009E-05 0.20000030E-05 0.20000009E-05 0.20000030E-05 0.19999991E-05 0.19999991E-05 0.20000009E-05 0.20000009E-05 0.20000009E-05 0.20000009E-05 0.20000009E-05 0.20000009E-05 0.20000009E-05 0.19999991E-05 0.19999991E-05 0.20000009E-05 0.19999991E-05 0.19999991E-05 0.20000009E-05 0.20000009E-05 0.20000009E-05 0.20000009E-05 0.20000009E-05 0.20000009E-05 0.20000009E-05 0.19999991E-05 0.19999991E-05 0.20000030E-05 0.20000009E-05 0.20000030E-05 0.20000009E-05 0.20000009E-05 0.20000009E-05 0.20000009E-05 0.20000009E-05 0.19999991E-05 0.20000009E-05 0.20000030E-05 0.20000030E-05 0.20000009E-05 0.20000009E-05 0.19999991E-05 0.20000009E-05 0.20000030E-05 0.20000009E-05 0.20000009E-05 0.20000009E-05 0.20000030E-05 0.20000030E-05 0.20000009E-05 0.20000009E-05 0.20000009E-05 0.20000009E-05 0.20000009E-05 0.20000009E-05 0.20000009E-05 0.20000009E-05 0.20000009E-05 0.20000009E-05
 0.20000009E-05 0.20000009E-05 0.20000009E-05 0.20000009E-05 0.20000009E-05 0.20000009E-05 0.20000009E-05 0.19999991E-05 0.20000030E-05 0.20000009E-05 0.20000009E-05 0.20000009E-05 0.20000009E-05 0.20000009E-05 0.19999991E-05 0.19999991E-05 0.19999991E-05 0.20000009E-05 0.19999991E-05 0.20000009E-05 0.20000030E-05 0.20000009E-05 0.20000009E-05 0.20000009E-05 0.20000050E-05 0.20000009E-05 0.20000009E-05 0.19999991E-05 0.20000009E-05 0.20000009E-05 0.20000009E-05 0.20000009E-05 0.20000009E-05 0.19999991E-05 0.20000009E-05 0.20000009E-05 0.19999991E-05 0.20000009E-05 0.20000009E-05 0.20000030E-05 0.20000009E-05 0.20000009E-05 0.20000009E-05 0.20000009E-05 0.20000009E-05 0.20000009E-05 0.20000009E-05 0.20000030E-05 0.20000009E-05 0.20000009E-05 0.19999991E-05 0.20000009E-05 0.20000009E-05 0.19999991E-05 0.20000009E-05 0.20000009E-05 0.20000009E-05 0.20000009E-05 0.20000009E-05 0.19999991E-05 0.20000009E-05 0.20000009E-05 0.20000050E-05 0.20000009E-05 0.20000009E-05 0.20000009E-05 0.20000030E-05 0.20000009E-05 0.19999991E-05 0.20000009E-05 0.19999991E-05 0.19999991E-05 0.19999991E-05 0.20000009E-05 0.20000009E-05 0.20000009E-05 0.20000009E-05 0.20000009E-05 0.20000030E-05 0.19999991E-05 0.20000009E-05 0.20000009E-05 0.20000009E-05 0.20000009E-05 0.20000009E-05 0.20000009E-05 0.20000009E-05
 0.20000009E-05 0.20000009E-05 0.20000009E-05 0.20000009E-05 0.20000009E-05 0.20000009E-05 0.20000009E-05 0.20000009E-05 0.20000009E-05 0.20000009E-05 0.20000009E-05 0.20000009E-05 0.20000030E-05 0.20000030E-05 0.20000009E-05 0.20000009E-05 0.20000009E-05 0.20000009E-05 0.19999991E-05 0.19999991E-05 0.20000009E-05 0.20000009E-05 0.20000030E-05 0.20000009E-05 0.20000009E-05 0.19999991E-05 0.20000009E-05 0.20000009E-05 0.20000030E-05 0.20000009E-05 0.20000030E-05 0.19999991E-05 0.20000009E-05 0.20000009E-05 0.20000009E-05 0.19999991E-05 0.20000030E-05 0.20000030E-05 0.20000009E-05 0.20000009E-05 0.20000030E-05 0.20000009E-05 0.20000009E-05 0.20000009E-05 0.20000009E-05 0.20000009E-05 0.20000030E-05 0.20000009E-05 0.20000009E-05 0.20000030E-05 0.20000030E-05 0.19999991E-05 0.20000009E-05 0.20000009E-05 0.20000009E-05 0.19999991E-05 0.20000030E-05 0.20000009E-05 0.20000030E-05 0.20000009E-05 0.20000009E-05 0.19999991E-05 0.20000009E-05 0.20000009E-05 0.20000030E-05 0.20000009E-05 0.20000009E-05 0.19999991E-05 0.19999991E-05 0.20000009E-05 0.20000009E-05 0.20000009E-05 0.20000009E-05 0.20000030E-05 0.20000030E-05 0.20000009E-05 0.20000009E-05 0.20000009E-05 0.20000009E-05 0.20000009E-05 0.20000009E-05 0.20000009E-05 0.20000009E-05 0.20000009E-05 0.20000009E-05 0.20000009E-05 0.20000009E-05
 0.20000009E-05 0.20000009E-05 0.20000009E-05 0.20000009E-05 0.20000009E-05 0.20000009E-05 0.20000009E-05 0.20000030E-05 0.20000009E-05 0.20000009E-05 0.19999991E-05 0.20000009E-05 0.19999991E-05 0.20000009E-05 0.20000009E-05 0.20000030E-05 0.19999991E-05 0.20000009E-05 0.20000009E-05 0.20000030E-05 0.20000009E-05 0.19999991E-05 0.20000009E-05 0.20000009E-05 0.20000009E-05 0.20000009E-05 0.19999991E-05 0.19999991E-05 0.20000009E-05 0.20000009E-05 0.20000030E-05 0.19999991E-05 0.19999991E-05 0.20000009E-05 0.20000030E-05 0.20000009E-05 0.20000030E-05 0.20000009E-05 0.20000009E-05 0.20000009E-05 0.20000009E-05 0.19999991E-05 0.20000030E-05 0.20000030E-05 0.20000030E-05 0.19999991E-05 0.20000009E-05 0.20000009E-05 0.20000009E-05 0.20000009E-05 0.20000030E-05 0.20000009E-05 0.20000030E-05 0.20000009E-05 0.19999991E-05 0.19999991E-05 0.20000030E-05 0.20000009E-05 0.20000009E-05 0.19999991E-05 0.19999991E-05 0.20000009E-05 0.20000009E-05 0.20000009E-05 0.20000009E-05 0.19999991E-05 0.20000009E-05 0.20000030E-05 0.20000009E-05 0.20000009E-05 0.19999991E-05 0.20000030E-05 0.20000009E-05 0.20000009E-05 0.19999991E-05 0.20000009E-05 0.19999991E-05 0.20000009E-05 0.20000009E-05 0.20000030E-05 0.20000009E-05 0.20000009E-05 0.20000009E-05 0.20000009E-05 0.20000009E-05 0.20000009E-05 0.20000009E-05
 0.20000009E-05 0.20000009E-05 0.20000009E-05 0.20000009E-05 0.20000009E-05 0.19999991E-05 0.20000009E-05 0.20000009E-05 0.20000009E-05 0.20000030E-05 0.20000009E-05 0.20000009E-05 0.20000009E-05 0.20000009E-05 0.20000030E-05 0.20000009E-05 0.19999991E-05 0.20000009E-05 0.20000030E-05 0.20000009E-05 0.20000030E-05 0.20000009E-05 0.20000030E-05 0.20000009E-05 0.20000030E-05 0.19999991E-05 0.20000009E-05 0.20000009E-05 0.20000009E-05 0.20000030E-05 0.20000009E-05 0.19999991E-05 0.20000009E-05 0.20000009E-05 0.20000009E-05 0.20000030E-05 0.20000030E-05 0.20000030E-05 0.20000009E-05 0.20000009E-05 0.19999991E-05 0.19999991E-05 0.20000009E-05 0.20000030E-05 0.20000009E-05 0.19999991E-05 0.19999991E-05 0.20000009E-05 0.20000009E-05 0.20000030E-05 0.20000030E-05 0.20000030E-05 0.20000009E-05 0.20000009E-05 0.20000009E-05 0.19999991E-05 0.20000009E-05 0.20000030E-05 0.20000009E-05 0.20000009E-05 0.20000009E-05 0.19999991E-05 0.20000030E-05 0.20000009E-05 0.20000030E-05 0.20000009E-05 0.20000030E-05 0.20000009E-05 0.20000030E-05 0.20000009E-05 0.19999991E-05 0.20000009E-05 0.20000030E-05 0.20000009E-05 0.20000009E-05 0.20000009E-05 0.20000009E-05 0.20000030E-05 0.20000009E-05 0.20000009E-05 0.20000009E-05 0.19999991E-05 0.20000009E-05 0.20000009E-05 0.20000009E-05 0.20000009E-05 0.20000009E-05
 0.20000009E-05 0.20000009E-05 0.20000009E-05 0.20000009E-05 0.20000009E-05 0.20000009E-05 0.20000009E-05 0.20000030E-05 0.20000009E-05 0.20000009E-05 0.20000009E-05 0.19999991E-05 0.20000009E-05 0.20000030E-05 0.20000009E-05 0.20000030E-05 0.20000009E-05 0.19999991E-05 0.20000009E-05 0.19999991E-05 0.19999991E-05 0.20000030E-05 0.20000030E-05 0.20000009E-05 0.19999991E-05 0.20000030E-05 0.20000009E-05 0.20000009E-05 0.19999991E-05 0.20000009E-05 0.19999991E-05 0.20000009E-05 0.20000009E-05 0.20000009E-05 0.19999991E-05 0.20000030E-05 0.20000009E-05 0.20000009E-05 0.19999991E-05 0.20000009E-05 0.20000009E-05 0.20000009E-05 0.20000030E-05 0.20000009E-05 0.20000030E-05 0.20000009E-05 0.20000009E-05 0.20000009E-05 0.19999991E-05 0.20000009E-05 0.20000009E-05 0.20000030E-05 0.19999991E-05 0.20000009E-05 0.20000009E-05 0.20000009E-05 0.19999991E-05 0.20000009E-05 0.19999991E-05 0.20000009E-05 0.20000009E-05 0.20000030E-05 0.19999991E-05 0.20000009E-05 0.20000030E-05 0.20000030E-05 0.19999991E-05 0.19999991E-05 0.20000009E-05 0.19999991E-05 0.20000009E-05 0.20000030E-05 0.20000009E-05 0.20000030E-05 0.20000009E-05 0.19999991E-05 0.20000009E-05 0.20000009E-05 0.20000009E-05 0.20000030E-05 0.20000009E-05 0.20000009E-05 0.20000009E-05 0.20000009E-05 0.20000009E-05 0.20000009E-05 0.20000009E-05
 0.20000030E-05 0.20000009E-05 0.20000009E-05 0.20000030E-05 0.20000009E-05 0.20000009E-05 0.20000030E-05 0.20000009E-05 0.20000009E-05 0.19999991E-05 0.20000009E-05 0.20000030E-05 0.20000030E-05 0.20000009E-05 0.20000030E-05 0.19999991E-05 0.20000009E-05 0.20000030E-05 0.20000009E-05 0.20000009E-05 0.20000009E-05 0.20000009E-05 0.20000009E-05 0.20000009E-05 0.20000009E-05 0.19999991E-05 0.20000009E-05 0.20000009E-05 0.20000009E-05 0.19999991E-05 0.20000009E-05 0.20000009E-05 0.20000009E-05 0.20000009E-05 0.20000009E-05 0.20000009E-05 0.20000009E-05 0.20000009E-05 0.20000009E-05 0.20000009E-05 0.20000009E-05 0.20000009E-05 0.20000009E-05 0.20000030E-05 0.20000009E-05 0.20000009E-05 0.20000009E-05 0.20000009E-05 0.20000009E-05 0.20000009E-05 0.20000009E-05 0.20000009E-05 0.20000009E-05 0.20000009E-05 0.20000009E-05 0.20000009E-05 0.20000009E-05 0.19999991E-05 0.20000009E-05 0.20000009E-05 0.20000009E-05 0.19999991E-05 0.20000009E-05 0.20000009E-05 0.20000009E-05 0.20000009E-05 0.20000009E-05 0.20000009E-05 0.20000009E-05 0.20000030E-05 0.20000009E-05 0.19999991E-05 0.20000030E-05 0.20000009E-05 0.20000030E-05 0.20000030E-05 0.20000009E-05 0.19999991E-05 0.20000009E-05 0.20000009E-05 0.20000030E-05 0.20000009E-05 0.20000009E-05 0.20000030E-05 0.20000009E-05 0.20000009E-05 0.20000030E-05
 0.19999991E-05 0.20000009E-05 0.20000009E-05 0.19999991E-05 0.20000009E-05 0.20000009E-05 0.19999991E-05 0.19999991E-05 0.20000009E-05 0.20000009E-05 0.19999991E-05 0.20000009E-05 0.19999991E-05 0.20000009E-05 0.19999991E-05 0.20000009E-05 0.20000009E-05 0.20000009E-05 0.20000009E-05 0.20000009E-05 0.20000009E-05 0.20000009E-05 0.20000009E-05 0.20000009E-05 0.20000009E-05 0.20000009E-05 0.20000009E-05 0.20000009E-05 0.20000009E-05 0.20000009E-05 0.20000009E-05 0.20000009E-05 0.20000009E-05 0.20000009E-05 0.20000009E-05 0.19999991E-05 0.20000009E-05 0.20000030E-05 0.19999991E-05 0.20000009E-05 0.19999991E-05 0.20000009E-05 0.20000009E-05 0.20000009E-05 0.20000009E-05 0.20000009E-05 0.19999991E-05 0.20000009E-05 0.19999991E-05 0.20000030E-05 0.20000009E-05 0.19999991E-05 0.20000009E-05 0.20000009E-05 0.20000009E-05 0.20000009E-05 0.20000009E-05 0.20000009E-05 0.20000009E-05 0.20000009E-05 0.20000009E-05 0.20000009E-05 0.20000009E-05 0.20000009E-05 0.20000009E-05 0.20000009E-05 0.20000009E-05 0.20000009E-05 0.20000009E-05 0.20000009E-05 0.20000009E-05 0.20000009E-05 0.19999991E-05 0.20000009E-05 0.19999991E-05 0.20000009E-05 0.19999991E-05 0.20000009E-05 0.20000009E-05 0.19999991E-05 0.19999991E-05 0.20000009E-05 0.20000009E-05 0.19999991E-05 0.20000009E-05 0.20000009E-05 0.19999991E-05
 0.20000030E-05 0.20000009E-05 0.20000009E-05 0.20000030E-05 0.20000009E-05 0.20000009E-05 0.20000030E-05 0.20000009E-05 0.20000009E-05 0.19999991E-05 0.20000009E-05 0.19999991E-05 0.20000009E-05 0.20000009E-05 0.20000009E-05 0.20000009E-05 0.20000009E-05 0.20000009E-05 0.20000009E-05 0.20000009E-05 0.20000009E-05 0.20000009E-05 0.20000030E-05 0.20000030E-05 0.20000009E-05 0.20000009E-05 0.20000009E-05 0.20000009E-05 0.20000030E-05 0.20000009E-05 0.19999991E-05 0.20000030E-05 0.20000009E-05 0.20000009E-05 0.20000030E-05 0.20000009E-05 0.20000009E-05 0.20000009E-05 0.20000009E-05 0.20000009E-05 0.20000009E-05 0.20000009E-05 0.20000009E-05 0.19999991E-05 0.20000009E-05 0.20000009E-05 0.20000009E-05 0.20000009E-05 0.20000009E-05 0.20000009E-05 0.20000009E-05 0.20000009E-05 0.20000030E-05 0.20000009E-05 0.20000009E-05 0.20000030E-05 0.19999991E-05 0.20000009E-05 0.20000030E-05 0.20000009E-05 0.20000009E-05 0.20000009E-05 0.20000009E-05 0.20000030E-05 0.20000030E-05 0.20000009E-05 0.20000009E-05 0.20000009E-05 0.20000009E-05 0.20000009E-05 0.20000009E-05 0.20000009E-05 0.20000009E-05 0.20000009E-05 0.20000009E-05 0.19999991E-05 0.20000009E-05 0.19999991E-05 0.20000009E-05 0.20000009E-05 0.20000030E-05 0.20000009E-05 0.20000009E-05 0.20000030E-05 0.20000009E-05 0.20000009E-05 0.20000030E-05
 0.20000009E-05 0.20000009E-05 0.20000009E-05 0.20000009E-05 0.20000009E-05 0.20000009E-05 0.20000009E-05 0.19999991E-05 0.20000009E-05 0.20000009E-05 0.20000009E-05 0.20000009E-05 0.20000009E-05 0.20000009E-05 0.20000009E-05 0.20000009E-05 0.20000030E-05 0.20000009E-05 0.20000009E-05 0.20000030E-05 0.19999991E-05 0.20000009E-05 0.20000009E-05 0.20000009E-05 0.20000009E-05 0.20000009E-05 0.20000030E-05 0.20000009E-05 0.20000009E-05 0.20000009E-05 0.20000030E-05 0.20000009E-05 0.20000009E-05 0.20000009E-05 0.20000009E-05 0.20000009E-05 0.19999991E-05 0.20000009E-05 0.20000009E-05 0.20000009E-05 0.20000009E-05 0.20000009E-05 0.20000009E-05 0.20000030E-05 0.20000009E-05 0.20000009E-05 0.20000009E-05 0.20000009E-05 0.20000009E-05 0.20000009E-05 0.19999991E-05 0.20000009E-05 0.20000009E-05 0.20000009E-05 0.20000009E-05 0.20000009E-05 0.20000030E-05 0.20000009E-05 0.20000009E-05 0.20000009E-05 0.20000030E-05 0.20000009E-05 0.20000009E-05 0.20000009E-05 0.20000009E-05 0.20000009E-05 0.19999991E-05 0.20000030E-05 0.20000009E-05 0.20000009E-05 0.20000030E-05 0.20000009E-05 0.20000009E-05 0.20000009E-05 0.20000009E-05 0.20000009E-05 0.20000009E-05 0.20000009E-05 0.20000009E-05 0.19999991E-05 0.20000009E-05 0.20000009E-05 0.20000009E-05 0.20000009E-05 0.20000009E-05 0.20000009E-05 0.20000009E-05
 0.20000009E-05 0.20000009E-05 0.20000009E-05 0.20000009E-05 0.20000009E-05 0.20000030E-05 0.20000009E-05 0.20000009E-05 0.19999991E-05 0.20000009E-05 0.19999991E-05 0.20000009E-05 0.20000030E-05 0.20000009E-05 0.20000030E-05 0.20000009E-05 0.19999991E-05 0.20000009E-05 0.20000009E-05 0.19999991E-05 0.20000009E-05 0.20000009E-05 0.20000009E-05 0.20000009E-05 0.20000009E-05 0.20000009E-05 0.20000009E-05 0.20000009E-05 0.20000030E-05 0.20000009E-05 0.20000009E-05 0.20000009E-05 0.20000009E-05 0.20000009E-05 0.20000009E-05 0.20000009E-05 0.20000009E-05 0.20000009E-05 0.20000030E-05 0.20000009E-05 0.20000009E-05 0.20000009E-05 0.20000009E-05 0.20000009E-05 0.20000009E-05 0.20000009E-05 0.20000009E-05 0.20000009E-05 0.20000030E-05 0.20000009E-05 0.20000009E-05 0.20000009E-05 0.20000009E-05 0.20000009E-05 0.20000009E-05 0.20000009E-05 0.20000009E-05 0.20000009E-05 0.20000030E-05 0.20000009E-05 0.20000009E-05 0.20000009E-05 0.20000009E-05 0.20000009E-05 0.20000009E-05 0.20000009E-05 0.20000009E-05 0.19999991E-05 0.20000009E-05 0.20000009E-05 0.19999991E-05 0.20000009E-05 0.20000030E-05 0.20000009E-05 0.20000030E-05 0.20000009E-05 0.19999991E-05 0.20000009E-05 0.19999991E-05 0.20000009E-05 0.20000009E-05 0.20000030E-05 0.20000009E-05 0.20000009E-05 0.20000009E-05 0.20000009E-05 0.20000009E-05
 0.20000009E-05 0.20000009E-05 0.20000009E-05 0.20000009E-05 0.20000009E-05 0.19999991E-05 0.20000009E-05 0.20000009E-05 0.20000009E-05 0.20000030E-05 0.19999991E-05 0.20000030E-05 0.20000009E-05 0.20000009E-05 0.20000009E-05 0.20000009E-05 0.20000009E-05 0.20000009E-05 0.20000009E-05 0.20000009E-05 0.20000009E-05 0.20000009E-05 0.20000009E-05 0.20000009E-05 0.20000009E-05 0.20000009E-05 0.20000009E-05 0.20000009E-05 0.20000009E-05 0.20000009E-05 0.20000009E-05 0.20000009E-05 0.20000009E-05 0.20000030E-05 0.20000009E-05 0.20000009E-05 0.20000009E-05 0.20000009E-05 0.20000009E-05 0.20000009E-05 0.20000009E-05 0.20000009E-05 0.20000030E-05 0.20000009E-05 0.20000030E-05 0.20000009E-05 0.20000009E-05 0.20000009E-05 0.20000009E-05 0.20000009E-05 0.20000009E-05 0.20000009E-05 0.20000009E-05 0.20000030E-05 0.20000009E-05 0.20000009E-05 0.20000009E-05 0.20000009E-05 0.20000009E-05 0.20000009E-05 0.20000009E-05 0.20000009E-05 0.20000009E-05 0.20000009E-05 0.20000009E-05 0.20000009E-05 0.20000009E-05 0.20000009E-05 0.20000009E-05 0.20000009E-05 0.20000009E-05 0.20000009E-05 0.20000009E-05 0.20000009E-05 0.20000009E-05 0.20000030E-05 0.19999991E-05 0.20000030E-05 0.20000009E-05 0.20000009E-05 0.20000009E-05 0.19999991E-05 0.20000009E-05 0.20000009E-05 0.20000009E-05 0.20000009E-05 0.20000009E-05
 0.19999991E-05 0.20000030E-05 0.19999991E-05 0.19999991E-05 0.20000009E-05 0.20000009E-05 0.19999991E-05 0.20000030E-05 0.20000009E-05 0.20000009E-05 0.20000009E-05 0.20000009E-05 0.20000009E-05 0.19999991E-05 0.20000009E-05 0.20000009E-05 0.20000009E-05 0.20000009E-05 0.20000009E-05 0.20000009E-05 0.20000009E-05 0.20000009E-05 0.20000009E-05 0.20000009E-05 0.20000009E-05 0.20000009E-05 0.20000009E-05 0.19999991E-05 0.20000009E-05 0.20000009E-05 0.20000009E-05 0.20000009E-05 0.20000009E-05 0.20000009E-05 0.20000009E-05 0.20000030E-05 0.20000009E-05 0.20000009E-05 0.20000009E-05 0.20000009E-05 0.20000009E-05 0.20000009E-05 0.20000009E-05 0.20000009E-05 0.20000009E-05 0.20000009E-05 0.20000009E-05 0.20000009E-05 0.20000009E-05 0.20000009E-05 0.20000009E-05 0.20000030E-05 0.20000009E-05 0.20000009E-05 0.20000009E-05 0.20000009E-05 0.20000009E-05 0.20000009E-05 0.20000009E-05 0.19999991E-05 0.20000009E-05 0.20000009E-05 0.20000009E-05 0.20000009E-05 0.20000009E-05 0.20000009E-05 0.20000009E-05 0.20000009E-05 0.20000009E-05 0.20000009E-05 0.20000009E-05 0.20000009E-05 0.20000009E-05 0.19999991E-05 0.20000009E-05 0.20000009E-05 0.20000009E-05 0.20000009E-05 0.20000009E-05 0.20000030E-05 0.19999991E-05 0.20000009E-05 0.20000009E-05 0.19999991E-05 0.19999991E-05 0.20000030E-05 0.19999991E-05
 0.20000009E-05 0.20000009E-05 0.20000009E-05 0.20000009E-05 0.20000030E-05 0.20000009E-05 0.20000009E-05 0.20000009E-05 0.20000009E-05 0.20000009E-05 0.20000009E-05 0.20000009E-05 0.20000009E-05 0.20000009E-05 0.20000009E-05 0.20000009E-05 0.20000009E-05 0.20000009E-05 0.20000009E-05 0.20000009E-05 0.20000009E-05 0.20000009E-05 0.20000009E-05 0.20000009E-05 0.20000030E-05 0.20000009E-05 0.20000009E-05 0.20000009E-05 0.20000009E-05 0.20000009E-05 0.20000030E-05 0.20000009E-05 0.20000009E-05 0.20000009E-05 0.20000009E-05 0.20000009E-05 0.20000009E-05 0.20000009E-05 0.20000009E-05 0.20000009E-05 0.20000009E-05 0.20000030E-05 0.20000009E-05 0.20000009E-05 0.20000009E-05 0.20000030E-05 0.20000009E-05 0.20000009E-05 0.20000009E-05 0.20000009E-05 0.20000009E-05 0.20000009E-05 0.20000009E-05 0.20000009E-05 0.20000009E-05 0.20000009E-05 0.20000030E-05 0.20000009E-05 0.20000009E-05 0.20000009E-05 0.20000009E-05 0.20000009E-05 0.20000030E-05 0.20000009E-05 0.20000009E-05 0.20000009E-05 0.20000009E-05 0.20000009E-05 0.20000009E-05 0.20000009E-05 0.20000009E-05 0.20000009E-05 0.20000009E-05 0.20000009E-05 0.20000009E-05 0.20000009E-05 0.20000009E-05 0.20000009E-05 0.20000009E-05 0.20000009E-05 0.20000009E-05 0.20000009E-05 0.20000030E-05 0.20000009E-05 0.20000009E-05 0.20000009E-05 0.20000009E-05
 0.20000009E-05 0.20000009E-05 0.20000009E-05 0.20000009E-05 0.20000009E-05 0.19999991E-05 0.20000009E-05 0.20000009E-05 0.20000009E-05 0.20000030E-05 0.19999991E-05 0.20000030E-05 0.20000009E-05 0.20000009E-05 0.20000009E-05 0.20000009E-05 0.20000009E-05 0.20000009E-05 0.20000009E-05 0.20000009E-05 0.20000009E-05 0.20000009E-05 0.20000009E-05 0.20000009E-05 0.20000009E-05 0.20000009E-05 0.20000009E-05 0.20000009E-05 0.20000009E-05 0.20000009E-05 0.20000009E-05 0.20000009E-05 0.20000009E-05 0.20000030E-05 0.20000009E-05 0.20000009E-05 0.20000009E-05 0.20000009E-05 0.20000009E-05 0.20000009E-05 0.20000009E-05 0.20000009E-05 0.20000030E-05 0.20000009E-05 0.20000030E-05 0.20000009E-05 0.20000009E-05 0.20000009E-05 0.20000009E-05 0.20000009E-05 0.20000009E-05 0.20000009E-05 0.20000009E-05 0.20000030E-05 0.20000009E-05 0.20000009E-05 0.20000009E-05 0.20000009E-05 0.20000009E-05 0.20000009E-05 0.20000009E-05 0.20000009E-05 0.20000009E-05 0.20000009E-05 0.20000009E-05 0.20000009E-05 0.20000009E-05 0.20000009E-05 0.20000009E-05 0.20000009E-05 0.20000009E-05 0.20000009E-05 0.20000009E-05 0.20000009E-05 0.20000009E-05 0.20000030E-05 0.19999991E-05 0.20000030E-05 0.20000009E-05 0.20000009E-05 0.20000009E-05 0.19999991E-05 0.20000009E-05 0.20000009E-05 0.20000009E-05 0.20000009E-05 0.20000009E-05
 0.20000009E-05 0.20000009E-05 0.20000009E-05 0.20000009E-05 0.20000009E-05 0.19999991E-05 0.20000009E-05 0.20000009E-05 0.20000009E-05 0.20000009E-05 0.20000009E-05 0.20000009E-05 0.20000009E-05 0.20000009E-05 0.20000009E-05 0.20000009E-05 0.20000009E-05 0.20000009E-05 0.20000009E-05 0.20000009E-05 0.20000030E-05 0.20000009E-05 0.20000030E-05 0.20000009E-05 0.20000009E-05 0.20000009E-05 0.20000009E-05 0.20000009E-05 0.20000009E-05 0.20000009E-05 0.20000009E-05 0.20000009E-05 0.20000009E-05 0.20000009E-05 0.20000009E-05 0.20000030E-05 0.20000009E-05 0.20000009E-05 0.20000009E-05 0.20000009E-05 0.20000009E-05 0.20000009E-05 0.20000009E-05 0.20000009E-05 0.20000009E-05 0.20000009E-05 0.20000009E-05 0.20000009E-05 0.20000009E-05 0.20000009E-05 0.20000009E-05 0.20000030E-05 0.20000009E-05 0.20000009E-05 0.20000009E-05 0.20000009E-05 0.20000009E-05 0.20000009E-05 0.20000009E-05 0.20000009E-05 0.20000009E-05 0.20000009E-05 0.20000009E-05 0.20000009E-05 0.20000030E-05 0.20000009E-05 0.20000030E-05 0.20000009E-05 0.20000009E-05 0.20000009E-05 0.20000009E-05 0.20000009E-05 0.20000009E-05 0.20000009E-05 0.20000009E-05 0.20000009E-05 0.20000009E-05 0.20000009E-05 0.20000009E-05 0.20000009E-05 0.20000009E-05 0.19999991E-05 0.20000009E-05 0.20000009E-05 0.20000009E-05 0.20000009E-05 0.20000009E-05
 0.20000009E-05 0.20000009E-05 0.20000009E-05 0.20000009E-05 0.20000009E-05 0.20000030E-05 0.20000009E-05 0.20000009E-05 0.20000009E-05 0.20000009E-05 0.20000009E-05 0.20000009E-05 0.20000009E-05 0.20000009E-05 0.20000009E-05 0.20000009E-05 0.20000009E-05 0.20000009E-05 0.20000009E-05 0.20000009E-05 0.20000009E-05 0.20000009E-05 0.20000009E-05 0.20000009E-05 0.20000009E-05 0.20000030E-05 0.20000009E-05 0.20000009E-05 0.20000009E-05 0.20000009E-05 0.20000009E-05 0.20000009E-05 0.20000009E-05 0.20000009E-05 0.19999991E-05 0.20000009E-05 0.20000009E-05 0.19999991E-05 0.20000009E-05 0.20000009E-05 0.20000030E-05 0.20000030E-05 0.20000009E-05 0.20000009E-05 0.20000009E-05 0.20000030E-05 0.20000030E-05 0.20000009E-05 0.20000009E-05 0.19999991E-05 0.20000009E-05 0.20000009E-05 0.19999991E-05 0.20000009E-05 0.20000009E-05 0.20000009E-05 0.20000009E-05 0.20000009E-05 0.20000009E-05 0.20000009E-05 0.20000009E-05 0.20000030E-05 0.20000009E-05 0.20000009E-05 0.20000009E-05 0.20000009E-05 0.20000009E-05 0.20000009E-05 0.20000009E-05 0.20000009E-05 0.20000009E-05 0.20000009E-05 0.20000009E-05 0.20000009E-05 0.20000009E-05 0.20000009E-05 0.20000009E-05 0.20000009E-05 0.20000009E-05 0.20000009E-05 0.20000009E-05 0.20000030E-05 0.20000009E-05 0.20000009E-05 0.20000009E-05 0.20000009E-05 0.20000009E-05
 0.20000009E-05 0.20000009E-05 0.20000009E-05 0.20000009E-05 0.20000009E-05 0.19999991E-05 0.20000009E-05 0.20000009E-05 0.20000009E-05 0.20000030E-05 0.19999991E-05 0.20000030E-05 0.20000009E-05 0.20000009E-05 0.20000009E-05 0.20000009E-05 0.20000009E-05 0.20000009E-05 0.20000009E-05 0.20000009E-05 0.20000009E-05 0.20000009E-05 0.20000009E-05 0.20000009E-05 0.20000009E-05 0.20000009E-05 0.20000009E-05 0.20000009E-05 0.20000009E-05 0.20000009E-05 0.20000009E-05 0.20000009E-05 0.20000009E-05 0.20000030E-05 0.20000009E-05 0.20000009E-05 0.20000009E-05 0.20000009E-05 0.20000009E-05 0.20000009E-05 0.20000009E-05 0.20000009E-05 0.20000030E-05 0.20000009E-05 0.20000030E-05 0.20000009E-05 0.20000009E-05 0.20000009E-05 0.20000009E-05 0.20000009E-05 0.20000009E-05 0.20000009E-05 0.20000009E-05 0.20000030E-05 0.20000009E-05 0.20000009E-05 0.20000009E-05 0.20000009E-05 0.20000009E-05 0.20000009E-05 0.20000009E-05 0.20000009E-05 0.20000009E-05 0.20000009E-05 0.20000009E-05 0.20000009E-05 0.20000009E-05 0.20000009E-05 0.20000009E-05 0.20000009E-05 0.20000009E-05 0.20000009E-05 0.20000009E-05 0.20000009E-05 0.20000009E-05 0.20000030E-05 0.19999991E-05 0.20000030E-05 0.20000009E-05 0.20000009E-05 0.20000009E-05 0.19999991E-05 0.20000009E-05 0.20000009E-05 0.20000009E-05 0.20000009E-05 0.20000009E-05
